用户ID,订单ID,订单时间,订单状态,订单实付金额,流量来源,商品类目,商品成本,运费,退款金额,退款完成日期
U00_00001,ORD00000001,2025-01-21,已完成,100.1,小红书,美妆,62.31,5,0.0,
U00_00001,ORD00000002,2025-03-14,已支付,64.3,其他,美妆,27.53,5,0.0,
U00_00002,ORD00000003,2025-01-09,已支付,414.24,搜索引擎,食品,166.5,5,0.0,
U00_00002,ORD00000004,2025-02-25,已完成,201.47,微信,家居,86.19,0,0.0,
U00_00002,ORD00000005,2025-03-15,已完成,291.3,其他,食品,201.56,15,0.0,
U00_00003,ORD00000006,2025-01-02,已完成,347.57,抖音,服饰,219.64,0,0.0,
U00_00004,ORD00000007,2025-01-21,已支付,82.13,小红书,数码,48.5,10,0.0,
U00_00004,ORD00000008,2025-02-21,已完成,359.67,小红书,美妆,167.56,10,0.0,
U00_00004,ORD00000009,2025-04-30,已完成,474.31,搜索引擎,服饰,314.42,10,0.0,
U00_00004,ORD00000010,2025-06-05,已支付,160.98,其他,服饰,91.5,10,0.0,
U00_00005,ORD00000011,2025-01-08,已完成,498.8,抖音,美妆,220.22,15,0.0,
U00_00005,ORD00000012,2025-02-22,已支付,239.97,搜索引擎,家居,100.56,15,0.0,
U00_00005,ORD00000013,2025-06-29,已完成,291.64,微信,服饰,140.0,10,0.0,
U00_00005,ORD00000014,2025-07-24,已完成,444.13,其他,美妆,212.75,10,0.0,
U00_00006,ORD00000015,2025-01-10,已完成,428.75,微信,数码,236.8,5,0.0,
U00_00006,ORD00000016,2025-04-11,已完成,269.87,小红书,美妆,117.0,10,0.0,
U00_00006,ORD00000017,2025-06-24,已完成,268.7,小红书,服饰,113.06,10,0.0,
U00_00007,ORD00000018,2025-01-17,已支付,442.59,小红书,食品,233.22,5,0.0,
U00_00007,ORD00000019,2025-07-01,已完成,314.74,抖音,美妆,147.62,5,0.0,
U00_00008,ORD00000020,2025-01-29,已完成,64.14,微信,服饰,32.01,10,0.0,
U00_00008,ORD00000021,2025-02-19,已完成,309.3,小红书,美妆,146.27,15,221.31,2025-03-28
U00_00008,ORD00000022,2025-05-21,已支付,492.87,微信,美妆,211.7,15,0.0,
U00_00009,ORD00000023,2025-01-14,已完成,132.57,其他,美妆,71.43,0,132.52,2025-01-24
U00_00009,ORD00000024,2025-05-16,已完成,266.61,搜索引擎,美妆,175.8,0,0.0,
U00_00010,ORD00000025,2025-01-15,已支付,178.36,搜索引擎,数码,108.62,10,0.0,
U00_00010,ORD00000026,2025-02-02,已完成,310.63,抖音,家居,174.78,10,0.0,
U00_00010,ORD00000027,2025-05-17,已完成,86.05,小红书,服饰,39.22,10,0.0,
U00_00011,ORD00000028,2025-01-20,已支付,67.88,其他,食品,28.82,10,0.0,
U00_00011,ORD00000029,2025-02-23,已支付,191.38,微信,服饰,91.8,5,0.0,
U00_00011,ORD00000030,2025-04-15,已完成,329.52,其他,数码,187.46,0,0.0,
U00_00011,ORD00000031,2025-05-12,已完成,446.39,小红书,服饰,296.31,10,0.0,
U00_00012,ORD00000032,2025-01-26,已完成,344.29,抖音,数码,138.52,10,0.0,
U00_00012,ORD00000033,2025-04-10,已支付,322.17,微信,家居,198.23,5,0.0,
U00_00012,ORD00000034,2025-07-14,已完成,423.21,微信,数码,174.88,10,0.0,
U00_00013,ORD00000035,2025-01-18,已完成,367.55,小红书,家居,208.87,0,251.63,2025-03-04
U00_00013,ORD00000036,2025-02-05,已完成,68.82,小红书,数码,35.06,0,0.0,
U00_00014,ORD00000037,2025-01-30,已完成,468.45,抖音,数码,308.89,5,0.0,
U00_00014,ORD00000038,2025-02-14,已完成,411.01,小红书,美妆,270.95,5,0.0,
U00_00014,ORD00000039,2025-03-16,已完成,150.1,微信,数码,96.81,15,0.0,
U00_00014,ORD00000040,2025-07-25,已支付,175.61,其他,食品,104.04,15,0.0,
U00_00015,ORD00000041,2025-01-04,已完成,444.67,抖音,美妆,212.71,10,0.0,
U00_00015,ORD00000042,2025-02-26,已完成,191.15,搜索引擎,家居,111.22,10,0.0,
U00_00015,ORD00000043,2025-03-14,已支付,50.76,小红书,食品,34.4,10,0.0,
U00_00016,ORD00000044,2025-01-04,已支付,373.89,搜索引擎,食品,183.24,10,0.0,
U00_00016,ORD00000045,2025-02-05,已支付,136.33,小红书,家居,81.73,15,0.0,
U00_00017,ORD00000046,2025-01-20,已支付,344.62,小红书,家居,185.92,15,0.0,
U00_00017,ORD00000047,2025-04-03,已完成,177.7,抖音,数码,106.47,10,0.0,
U00_00017,ORD00000048,2025-07-08,已完成,492.77,搜索引擎,家居,287.47,0,0.0,
U00_00018,ORD00000049,2025-01-23,已支付,222.79,抖音,美妆,115.83,5,0.0,
U00_00018,ORD00000050,2025-02-26,已支付,481.08,小红书,美妆,267.19,0,0.0,
U00_00019,ORD00000051,2025-01-29,已完成,249.16,其他,服饰,160.58,10,0.0,
U00_00020,ORD00000052,2025-01-17,已完成,268.07,微信,数码,126.47,15,0.0,
U00_00020,ORD00000053,2025-02-18,已支付,86.26,小红书,数码,38.41,15,60.71,2025-04-03
U00_00020,ORD00000054,2025-04-27,已支付,239.06,抖音,家居,160.52,10,0.0,
U00_00020,ORD00000055,2025-05-12,已支付,184.38,其他,家居,95.32,15,0.0,
U00_00021,ORD00000056,2025-01-16,已支付,63.06,小红书,服饰,31.58,15,0.0,
U00_00021,ORD00000057,2025-07-14,已完成,111.06,搜索引擎,食品,59.81,0,0.0,
U00_00022,ORD00000058,2025-01-11,已完成,201.88,微信,美妆,134.03,10,0.0,
U00_00022,ORD00000059,2025-03-31,已完成,207.48,小红书,数码,123.46,0,0.0,
U00_00022,ORD00000060,2025-07-31,已完成,148.08,其他,家居,90.31,10,0.0,
U00_00023,ORD00000061,2025-01-23,已完成,101.54,其他,美妆,65.57,10,0.0,
U00_00024,ORD00000062,2025-01-27,已支付,332.26,其他,美妆,143.06,10,0.0,
U00_00024,ORD00000063,2025-03-18,已支付,242.77,微信,美妆,124.1,10,0.0,
U00_00024,ORD00000064,2025-05-31,已支付,212.98,小红书,服饰,142.16,15,0.0,
U00_00025,ORD00000065,2025-01-20,已完成,413.69,搜索引擎,家居,232.27,15,0.0,
U00_00025,ORD00000066,2025-04-29,已支付,252.86,搜索引擎,食品,158.07,10,234.02,2025-05-20
U00_00026,ORD00000067,2025-01-09,已支付,446.14,抖音,家居,272.3,10,0.0,
U00_00026,ORD00000068,2025-02-24,已支付,232.89,搜索引擎,服饰,131.94,5,0.0,
U00_00026,ORD00000069,2025-03-10,已支付,149.72,其他,食品,90.96,10,0.0,
U00_00027,ORD00000070,2025-01-23,已完成,254.19,小红书,食品,125.06,5,0.0,
U00_00027,ORD00000071,2025-04-07,已支付,382.37,其他,食品,184.67,10,0.0,
U00_00028,ORD00000072,2025-01-10,已完成,56.37,抖音,家居,31.58,10,0.0,
U00_00028,ORD00000073,2025-05-01,已完成,308.33,小红书,美妆,166.75,15,0.0,
U00_00028,ORD00000074,2025-07-03,已完成,230.32,小红书,家居,97.25,0,0.0,
U00_00029,ORD00000075,2025-01-03,已支付,497.26,其他,家居,216.57,15,0.0,
U00_00030,ORD00000076,2025-01-20,已完成,77.1,小红书,食品,53.05,0,0.0,
U00_00030,ORD00000077,2025-02-06,已完成,298.4,其他,服饰,133.37,15,0.0,
U00_00030,ORD00000078,2025-03-23,已支付,177.22,小红书,食品,116.59,0,0.0,
U00_00031,ORD00000079,2025-01-18,已完成,151.16,抖音,美妆,67.22,10,0.0,
U00_00031,ORD00000080,2025-02-24,已完成,420.91,搜索引擎,食品,284.69,15,0.0,
U00_00031,ORD00000081,2025-06-02,已完成,450.24,抖音,美妆,279.31,10,0.0,
U00_00032,ORD00000082,2025-01-28,已支付,308.84,抖音,数码,211.63,10,0.0,
U00_00032,ORD00000083,2025-04-19,已完成,246.15,微信,服饰,158.59,0,0.0,
U00_00033,ORD00000084,2025-01-23,已支付,272.96,抖音,服饰,163.44,15,170.93,2025-02-09
U00_00034,ORD00000085,2025-01-14,已完成,74.39,搜索引擎,美妆,41.33,10,0.0,
U00_00034,ORD00000086,2025-06-21,已完成,323.99,其他,美妆,152.85,5,0.0,
U00_00034,ORD00000087,2025-07-27,已支付,460.82,小红书,服饰,248.12,0,0.0,
U00_00035,ORD00000088,2025-01-10,已完成,278.99,小红书,服饰,134.48,15,0.0,
U00_00036,ORD00000089,2025-01-26,已完成,434.49,抖音,食品,218.1,10,0.0,
U00_00037,ORD00000090,2025-01-11,已完成,298.36,小红书,数码,167.99,15,0.0,
U00_00037,ORD00000091,2025-02-25,已支付,234.85,搜索引擎,服饰,116.36,15,0.0,
U00_00037,ORD00000092,2025-05-31,已完成,66.66,抖音,服饰,36.71,10,63.68,2025-06-10
U00_00038,ORD00000093,2025-01-21,已完成,486.48,其他,服饰,205.51,10,0.0,
U00_00039,ORD00000094,2025-01-25,已完成,269.58,小红书,食品,151.59,10,0.0,
U00_00039,ORD00000095,2025-04-21,已支付,366.75,微信,美妆,157.76,5,329.37,2025-05-19
U00_00040,ORD00000096,2025-01-14,已完成,304.67,抖音,家居,194.31,5,0.0,
U00_00040,ORD00000097,2025-03-30,已完成,312.42,微信,美妆,146.73,10,0.0,
U00_00040,ORD00000098,2025-07-31,已支付,205.5,微信,服饰,118.42,15,0.0,
U00_00041,ORD00000099,2025-01-07,已完成,499.72,搜索引擎,家居,327.82,0,0.0,
U00_00041,ORD00000100,2025-02-23,已完成,182.85,抖音,家居,126.79,15,0.0,
U00_00042,ORD00000101,2025-01-29,已完成,178.79,小红书,数码,114.36,10,0.0,
U00_00043,ORD00000102,2025-01-21,已支付,67.74,微信,数码,43.12,0,43.87,2025-03-19
U00_00043,ORD00000103,2025-03-26,已支付,292.73,微信,数码,202.41,10,0.0,
U00_00044,ORD00000104,2025-01-11,已完成,411.9,小红书,服饰,222.63,0,0.0,
U00_00044,ORD00000105,2025-05-18,已支付,105.61,搜索引擎,食品,53.92,10,0.0,
U00_00044,ORD00000106,2025-07-29,已完成,474.43,抖音,服饰,236.46,10,0.0,
U00_00045,ORD00000107,2025-01-10,已完成,342.16,微信,服饰,148.84,0,0.0,
U00_00045,ORD00000108,2025-02-18,已完成,111.05,其他,数码,59.53,10,0.0,
U00_00046,ORD00000109,2025-01-23,已完成,216.74,抖音,食品,115.53,5,0.0,
U00_00046,ORD00000110,2025-06-28,已支付,420.89,其他,美妆,179.93,5,280.63,2025-07-16
U00_00047,ORD00000111,2025-01-07,已支付,80.87,小红书,数码,50.91,5,0.0,
U00_00047,ORD00000112,2025-02-20,已完成,51.28,其他,食品,33.72,5,0.0,
U00_00047,ORD00000113,2025-03-28,已支付,61.6,微信,美妆,24.91,5,0.0,
U00_00047,ORD00000114,2025-04-24,已完成,239.43,搜索引擎,食品,103.94,0,0.0,
U00_00047,ORD00000115,2025-05-17,已完成,149.7,搜索引擎,美妆,87.5,10,110.7,2025-06-21
U00_00047,ORD00000116,2025-07-23,已完成,459.37,其他,数码,193.88,0,292.85,2025-09-11
U00_00048,ORD00000117,2025-01-19,已支付,296.76,微信,服饰,147.65,10,0.0,
U00_00048,ORD00000118,2025-04-21,已完成,342.91,搜索引擎,数码,216.27,5,0.0,
U00_00049,ORD00000119,2025-01-11,已完成,242.04,搜索引擎,美妆,145.11,10,131.35,2025-02-17
U00_00049,ORD00000120,2025-02-24,已支付,217.69,其他,家居,95.57,0,0.0,
U00_00049,ORD00000121,2025-03-12,已支付,443.12,抖音,食品,302.36,15,0.0,
U00_00050,ORD00000122,2025-01-08,已完成,431.27,抖音,食品,217.81,10,0.0,
U00_00051,ORD00000123,2025-01-01,已完成,324.05,小红书,食品,193.57,10,0.0,
U00_00051,ORD00000124,2025-02-11,已支付,207.96,搜索引擎,美妆,94.5,5,0.0,
U00_00051,ORD00000125,2025-04-24,已完成,288.72,小红书,食品,148.07,15,0.0,
U00_00052,ORD00000126,2025-01-29,已完成,73.67,抖音,食品,32.95,10,0.0,
U00_00053,ORD00000127,2025-01-04,已支付,177.46,微信,美妆,107.11,15,0.0,
U00_00053,ORD00000128,2025-03-07,已完成,185.64,微信,食品,86.02,5,0.0,
U00_00053,ORD00000129,2025-06-18,已完成,366.65,搜索引擎,美妆,201.69,10,0.0,
U00_00054,ORD00000130,2025-01-03,已完成,437.95,搜索引擎,食品,250.83,10,0.0,
U00_00054,ORD00000131,2025-02-11,已支付,127.34,微信,美妆,87.14,15,0.0,
U00_00054,ORD00000132,2025-03-14,已完成,314.99,微信,数码,175.51,15,0.0,
U00_00054,ORD00000133,2025-04-17,已完成,334.95,微信,数码,187.3,5,0.0,
U00_00054,ORD00000134,2025-05-07,已完成,128.07,搜索引擎,服饰,57.1,0,0.0,
U00_00055,ORD00000135,2025-01-30,已完成,446.92,微信,数码,264.98,10,0.0,
U00_00055,ORD00000136,2025-07-15,已完成,253.36,抖音,家居,105.67,10,0.0,
U00_00056,ORD00000137,2025-01-13,已完成,258.22,其他,数码,146.23,0,0.0,
U00_00056,ORD00000138,2025-03-02,已支付,252.74,抖音,家居,162.59,10,0.0,
U00_00056,ORD00000139,2025-04-23,已支付,246.99,小红书,食品,131.36,10,0.0,
U00_00057,ORD00000140,2025-01-20,已完成,73.56,微信,美妆,43.35,10,0.0,
U00_00057,ORD00000141,2025-03-28,已完成,345.45,抖音,家居,232.11,5,0.0,
U00_00058,ORD00000142,2025-01-05,已支付,317.77,搜索引擎,食品,216.53,10,0.0,
U00_00059,ORD00000143,2025-01-14,已完成,278.82,小红书,食品,113.05,10,0.0,
U00_00059,ORD00000144,2025-03-05,已支付,119.73,其他,家居,58.52,0,80.03,2025-05-03
U00_00060,ORD00000145,2025-01-23,已支付,396.99,搜索引擎,美妆,255.15,5,0.0,
U00_00060,ORD00000146,2025-03-15,已完成,324.77,其他,数码,203.21,15,0.0,
U00_00061,ORD00000147,2025-01-31,已完成,306.69,其他,家居,163.21,10,0.0,
U00_00061,ORD00000148,2025-02-07,已完成,410.57,搜索引擎,食品,181.27,10,0.0,
U00_00061,ORD00000149,2025-03-28,已完成,282.16,微信,服饰,123.42,0,0.0,
U00_00061,ORD00000150,2025-04-14,已完成,91.27,抖音,服饰,61.44,15,68.54,2025-05-09
U00_00061,ORD00000151,2025-06-08,已完成,62.68,小红书,美妆,42.58,10,0.0,
U00_00062,ORD00000152,2025-01-23,已完成,424.0,其他,美妆,266.12,15,0.0,
U00_00062,ORD00000153,2025-02-07,已支付,425.73,搜索引擎,美妆,240.38,10,0.0,
U00_00062,ORD00000154,2025-03-04,已完成,71.49,抖音,美妆,37.6,10,0.0,
U00_00063,ORD00000155,2025-01-23,已完成,114.61,小红书,家居,60.6,10,0.0,
U00_00063,ORD00000156,2025-03-12,已支付,80.46,其他,美妆,44.88,10,0.0,
U00_00064,ORD00000157,2025-01-01,已支付,210.69,抖音,家居,88.55,5,0.0,
U00_00064,ORD00000158,2025-02-02,已支付,208.53,搜索引擎,服饰,104.59,5,0.0,
U00_00064,ORD00000159,2025-04-25,已完成,474.62,小红书,美妆,195.11,5,0.0,
U00_00065,ORD00000160,2025-01-16,已完成,163.99,微信,美妆,102.66,5,0.0,
U00_00065,ORD00000161,2025-02-04,已支付,409.7,搜索引擎,服饰,217.59,15,0.0,
U00_00065,ORD00000162,2025-03-23,已完成,273.89,抖音,服饰,185.5,10,219.45,2025-04-13
U00_00065,ORD00000163,2025-06-22,已完成,183.04,搜索引擎,食品,97.7,15,0.0,
U00_00066,ORD00000164,2025-01-30,已支付,208.65,抖音,美妆,145.94,10,0.0,
U00_00066,ORD00000165,2025-05-01,已完成,114.25,小红书,美妆,66.52,15,0.0,
U00_00067,ORD00000166,2025-01-31,已完成,305.26,微信,服饰,177.52,15,0.0,
U00_00067,ORD00000167,2025-07-24,已完成,133.72,微信,食品,74.26,10,0.0,
U00_00068,ORD00000168,2025-01-07,已完成,498.36,抖音,数码,242.04,15,0.0,
U00_00068,ORD00000169,2025-05-22,已支付,485.4,抖音,家居,337.83,10,0.0,
U00_00069,ORD00000170,2025-01-23,已完成,369.3,其他,数码,225.3,5,0.0,
U00_00069,ORD00000171,2025-02-05,已支付,156.53,其他,食品,85.81,10,0.0,
U00_00069,ORD00000172,2025-04-29,已支付,88.8,搜索引擎,服饰,43.76,15,0.0,
U00_00069,ORD00000173,2025-05-11,已完成,339.05,小红书,家居,181.39,10,0.0,
U00_00070,ORD00000174,2025-01-14,已支付,276.29,小红书,食品,182.48,0,0.0,
U00_00070,ORD00000175,2025-02-23,已完成,151.46,抖音,食品,103.64,10,0.0,
U00_00070,ORD00000176,2025-07-21,已完成,125.89,其他,家居,85.92,5,0.0,
U00_00071,ORD00000177,2025-01-30,已完成,303.63,抖音,家居,196.62,0,0.0,
U00_00071,ORD00000178,2025-02-19,已支付,237.46,其他,食品,140.5,15,0.0,
U00_00072,ORD00000179,2025-01-23,已完成,76.96,小红书,食品,40.93,15,0.0,
U00_00072,ORD00000180,2025-02-23,已完成,193.69,小红书,食品,134.89,10,0.0,
U00_00072,ORD00000181,2025-03-08,已完成,259.91,抖音,美妆,124.82,5,0.0,
U00_00073,ORD00000182,2025-01-06,已完成,416.07,小红书,服饰,282.98,10,0.0,
U00_00073,ORD00000183,2025-05-13,已支付,277.45,微信,美妆,191.44,5,207.38,2025-07-03
U00_00074,ORD00000184,2025-01-01,已支付,431.23,微信,服饰,228.24,10,0.0,
U00_00074,ORD00000185,2025-04-18,已支付,179.87,微信,家居,92.8,15,0.0,
U00_00074,ORD00000186,2025-05-04,已支付,227.26,微信,数码,145.1,10,0.0,
U00_00075,ORD00000187,2025-01-02,已支付,67.51,搜索引擎,数码,41.46,15,0.0,
U00_00075,ORD00000188,2025-05-20,已支付,382.69,其他,家居,187.43,10,0.0,
U00_00076,ORD00000189,2025-01-01,已支付,215.76,微信,美妆,129.92,15,0.0,
U00_00076,ORD00000190,2025-02-21,已完成,402.31,抖音,家居,254.6,10,0.0,
U00_00077,ORD00000191,2025-01-08,已完成,64.21,抖音,服饰,43.95,0,0.0,
U00_00077,ORD00000192,2025-02-23,已完成,141.75,抖音,数码,78.04,10,0.0,
U00_00078,ORD00000193,2025-01-15,已支付,460.46,微信,家居,231.47,10,0.0,
U00_00078,ORD00000194,2025-03-10,已完成,151.19,小红书,服饰,104.6,10,0.0,
U00_00079,ORD00000195,2025-01-04,已完成,308.06,小红书,食品,173.42,15,301.18,2025-01-19
U00_00079,ORD00000196,2025-02-15,已完成,345.19,其他,食品,215.47,5,0.0,
U00_00079,ORD00000197,2025-04-20,已支付,383.4,其他,数码,180.88,0,0.0,
U00_00079,ORD00000198,2025-05-14,已完成,198.63,其他,数码,107.6,5,0.0,
U00_00080,ORD00000199,2025-01-16,已完成,342.74,微信,美妆,214.82,10,0.0,
U00_00080,ORD00000200,2025-02-19,已完成,154.5,搜索引擎,数码,96.04,0,0.0,
U00_00080,ORD00000201,2025-03-27,已完成,228.65,抖音,食品,125.44,10,0.0,
U00_00080,ORD00000202,2025-04-11,已支付,178.05,搜索引擎,数码,124.05,10,0.0,
U00_00080,ORD00000203,2025-07-06,已完成,379.0,微信,食品,225.31,5,0.0,
U00_00081,ORD00000204,2025-01-25,已完成,136.92,其他,食品,79.86,15,114.28,2025-02-15
U00_00081,ORD00000205,2025-05-13,已完成,155.98,其他,家居,97.66,10,128.97,2025-07-06
U00_00082,ORD00000206,2025-01-15,已支付,188.06,微信,美妆,98.1,10,0.0,
U00_00083,ORD00000207,2025-01-20,已支付,218.13,小红书,数码,133.19,15,0.0,
U00_00084,ORD00000208,2025-01-04,已完成,77.79,其他,家居,43.9,10,0.0,
U00_00084,ORD00000209,2025-02-17,已完成,248.83,抖音,家居,150.32,10,0.0,
U00_00084,ORD00000210,2025-03-05,已支付,280.96,搜索引擎,食品,150.89,0,0.0,
U00_00085,ORD00000211,2025-01-02,已完成,240.66,抖音,服饰,146.83,10,169.53,2025-03-02
U00_00085,ORD00000212,2025-02-21,已完成,490.25,搜索引擎,服饰,291.09,15,0.0,
U00_00086,ORD00000213,2025-01-21,已完成,437.13,其他,数码,190.41,10,0.0,
U00_00086,ORD00000214,2025-02-01,已支付,390.28,其他,服饰,270.68,15,0.0,
U00_00087,ORD00000215,2025-01-24,已支付,394.47,抖音,数码,161.6,15,0.0,
U00_00087,ORD00000216,2025-02-02,已完成,250.9,抖音,服饰,150.94,0,0.0,
U00_00087,ORD00000217,2025-06-10,已完成,155.37,其他,家居,104.86,10,0.0,
U00_00088,ORD00000218,2025-01-08,已完成,185.79,搜索引擎,食品,82.3,10,0.0,
U00_00088,ORD00000219,2025-05-22,已支付,242.24,搜索引擎,家居,132.91,10,0.0,
U00_00089,ORD00000220,2025-01-13,已完成,132.75,微信,数码,74.52,5,0.0,
U00_00089,ORD00000221,2025-06-08,已完成,164.75,微信,美妆,82.22,0,0.0,
U00_00090,ORD00000222,2025-01-02,已完成,170.81,抖音,数码,102.84,10,0.0,
U00_00090,ORD00000223,2025-04-07,已完成,441.26,小红书,美妆,220.58,0,0.0,
U00_00091,ORD00000224,2025-01-23,已完成,142.03,微信,服饰,95.8,10,0.0,
U00_00092,ORD00000225,2025-01-24,已完成,261.27,微信,服饰,170.33,5,243.51,2025-03-22
U00_00092,ORD00000226,2025-02-09,已完成,298.99,小红书,数码,171.98,15,0.0,
U00_00093,ORD00000227,2025-01-09,已完成,393.51,小红书,食品,215.09,15,0.0,
U00_00093,ORD00000228,2025-07-02,已完成,427.58,搜索引擎,数码,180.57,0,0.0,
U00_00094,ORD00000229,2025-01-08,已支付,80.59,搜索引擎,食品,35.89,5,65.99,2025-02-26
U00_00094,ORD00000230,2025-04-18,已支付,298.24,微信,家居,120.36,10,0.0,
U00_00094,ORD00000231,2025-05-27,已完成,364.04,抖音,家居,192.64,5,0.0,
U00_00095,ORD00000232,2025-01-27,已完成,209.5,搜索引擎,服饰,133.76,0,0.0,
U00_00095,ORD00000233,2025-03-22,已完成,422.63,搜索引擎,服饰,179.27,0,0.0,
U00_00095,ORD00000234,2025-07-28,已完成,245.26,其他,美妆,155.82,10,0.0,
U00_00096,ORD00000235,2025-01-29,已完成,440.65,抖音,美妆,293.59,15,0.0,
U00_00096,ORD00000236,2025-02-18,已完成,303.58,小红书,家居,124.43,10,0.0,
U00_00097,ORD00000237,2025-01-19,已完成,425.59,搜索引擎,数码,219.92,10,0.0,
U00_00097,ORD00000238,2025-03-24,已完成,488.45,抖音,食品,203.25,15,0.0,
U00_00098,ORD00000239,2025-01-21,已完成,173.0,微信,家居,120.72,15,0.0,
U00_00098,ORD00000240,2025-05-20,已完成,182.92,微信,数码,86.69,0,0.0,
U00_00099,ORD00000241,2025-01-13,已完成,192.51,搜索引擎,食品,83.16,0,0.0,
U00_00099,ORD00000242,2025-02-03,已支付,134.33,搜索引擎,美妆,71.82,10,90.94,2025-02-18
U00_00099,ORD00000243,2025-06-14,已完成,224.51,其他,家居,95.51,10,0.0,
U00_00100,ORD00000244,2025-01-05,已完成,171.01,小红书,服饰,82.17,5,0.0,
U00_00100,ORD00000245,2025-02-26,已支付,84.61,搜索引擎,家居,40.23,5,0.0,
U00_00100,ORD00000246,2025-04-01,已完成,476.97,微信,服饰,238.33,10,0.0,
U00_00101,ORD00000247,2025-01-05,已完成,185.2,微信,数码,107.59,5,0.0,
U00_00102,ORD00000248,2025-01-13,已完成,176.14,其他,数码,111.98,10,0.0,
U00_00103,ORD00000249,2025-01-15,已完成,408.96,搜索引擎,数码,265.57,0,0.0,
U00_00103,ORD00000250,2025-02-22,已完成,119.36,搜索引擎,家居,62.9,15,0.0,
U00_00104,ORD00000251,2025-01-26,已支付,485.79,抖音,美妆,296.57,10,0.0,
U00_00104,ORD00000252,2025-05-21,已完成,354.86,抖音,美妆,184.49,10,216.82,2025-07-17
U00_00105,ORD00000253,2025-01-19,已支付,149.46,其他,家居,76.56,15,0.0,
U00_00105,ORD00000254,2025-06-27,已完成,473.3,搜索引擎,数码,209.44,10,0.0,
U00_00106,ORD00000255,2025-01-04,已完成,247.17,微信,美妆,150.53,10,0.0,
U00_00106,ORD00000256,2025-02-28,已支付,204.39,小红书,家居,88.46,5,0.0,
U00_00106,ORD00000257,2025-03-18,已支付,241.87,小红书,数码,130.28,15,0.0,
U00_00106,ORD00000258,2025-05-20,已完成,447.39,抖音,数码,239.3,15,0.0,
U00_00107,ORD00000259,2025-01-03,已完成,309.81,微信,食品,198.23,10,0.0,
U00_00107,ORD00000260,2025-02-22,已支付,438.19,搜索引擎,家居,244.65,10,0.0,
U00_00107,ORD00000261,2025-03-12,已支付,430.48,其他,美妆,251.92,10,0.0,
U00_00107,ORD00000262,2025-06-12,已支付,362.05,小红书,家居,200.3,15,0.0,
U00_00108,ORD00000263,2025-01-21,已支付,291.82,小红书,服饰,197.2,5,0.0,
U00_00108,ORD00000264,2025-02-27,已完成,252.95,搜索引擎,数码,105.25,10,0.0,
U00_00109,ORD00000265,2025-01-23,已支付,427.95,抖音,数码,233.92,0,0.0,
U00_00109,ORD00000266,2025-02-18,已支付,179.9,搜索引擎,家居,114.1,10,0.0,
U00_00110,ORD00000267,2025-01-25,已完成,68.72,搜索引擎,美妆,42.31,10,0.0,
U00_00110,ORD00000268,2025-03-28,已完成,499.69,搜索引擎,美妆,267.29,10,0.0,
U00_00111,ORD00000269,2025-01-23,已完成,324.62,小红书,数码,171.55,10,0.0,
U00_00111,ORD00000270,2025-05-23,已支付,181.69,抖音,数码,103.89,10,0.0,
U00_00112,ORD00000271,2025-01-09,已完成,440.17,小红书,食品,192.82,5,0.0,
U00_00113,ORD00000272,2025-01-15,已完成,83.98,其他,食品,53.61,0,0.0,
U00_00114,ORD00000273,2025-01-03,已完成,378.92,其他,服饰,203.68,10,0.0,
U00_00114,ORD00000274,2025-03-09,已支付,195.29,小红书,家居,94.73,10,0.0,
U00_00114,ORD00000275,2025-07-21,已完成,402.75,搜索引擎,服饰,216.63,0,394.3,2025-08-12
U00_00115,ORD00000276,2025-01-23,已完成,459.23,微信,美妆,305.22,10,0.0,
U00_00115,ORD00000277,2025-02-12,已完成,349.03,微信,数码,207.56,0,0.0,
U00_00115,ORD00000278,2025-03-04,已支付,50.49,小红书,家居,27.42,5,0.0,
U00_00115,ORD00000279,2025-04-23,已支付,204.61,小红书,服饰,89.25,15,141.49,2025-06-18
U00_00115,ORD00000280,2025-06-12,已支付,446.45,小红书,美妆,196.95,5,0.0,
U00_00115,ORD00000281,2025-07-21,已支付,123.85,小红书,服饰,62.59,5,0.0,
U00_00116,ORD00000282,2025-01-15,已完成,436.98,抖音,家居,186.16,0,0.0,
U00_00117,ORD00000283,2025-01-20,已支付,320.0,微信,数码,186.33,0,0.0,
U00_00117,ORD00000284,2025-05-29,已完成,407.2,小红书,服饰,192.12,15,0.0,
U00_00117,ORD00000285,2025-06-29,已完成,489.96,搜索引擎,家居,341.04,10,0.0,
U00_00118,ORD00000286,2025-01-06,已完成,393.23,其他,美妆,269.89,0,239.03,2025-01-19
U00_00119,ORD00000287,2025-01-13,已完成,87.09,微信,美妆,48.85,10,0.0,
U00_00119,ORD00000288,2025-03-26,已支付,119.92,抖音,食品,59.72,10,0.0,
U00_00119,ORD00000289,2025-06-03,已支付,466.08,抖音,食品,202.65,10,0.0,
U00_00120,ORD00000290,2025-01-06,已完成,103.75,搜索引擎,食品,63.53,0,0.0,
U00_00120,ORD00000291,2025-04-05,已完成,387.4,微信,服饰,256.47,0,0.0,
U00_00120,ORD00000292,2025-05-23,已完成,488.77,其他,食品,287.52,15,454.4,2025-06-12
U00_00121,ORD00000293,2025-01-04,已完成,452.42,其他,美妆,272.46,0,421.41,2025-01-29
U00_00121,ORD00000294,2025-02-12,已支付,222.34,搜索引擎,数码,98.95,0,0.0,
U00_00121,ORD00000295,2025-06-12,已完成,103.73,小红书,家居,62.45,0,0.0,
U00_00122,ORD00000296,2025-01-03,已完成,444.65,抖音,家居,293.38,10,0.0,
U00_00123,ORD00000297,2025-01-16,已完成,499.0,小红书,美妆,315.75,10,0.0,
U00_00123,ORD00000298,2025-02-18,已完成,205.89,抖音,服饰,134.21,0,0.0,
U00_00123,ORD00000299,2025-04-17,已完成,492.4,微信,美妆,258.98,0,303.19,2025-05-30
U00_00124,ORD00000300,2025-01-24,已支付,88.21,搜索引擎,美妆,37.81,5,0.0,
U00_00124,ORD00000301,2025-02-22,已完成,483.9,搜索引擎,食品,227.93,10,0.0,
U00_00124,ORD00000302,2025-03-03,已完成,474.6,小红书,美妆,209.22,10,0.0,
U00_00125,ORD00000303,2025-01-07,已完成,253.36,小红书,食品,136.56,0,0.0,
U00_00125,ORD00000304,2025-03-27,已完成,435.46,搜索引擎,家居,193.56,5,282.8,2025-04-17
U00_00125,ORD00000305,2025-04-13,已完成,434.57,抖音,服饰,246.31,10,0.0,
U00_00125,ORD00000306,2025-06-02,已完成,423.67,搜索引擎,食品,294.35,5,0.0,
U00_00126,ORD00000307,2025-01-03,已完成,312.05,抖音,数码,149.05,0,0.0,
U00_00126,ORD00000308,2025-03-29,已完成,431.27,搜索引擎,美妆,277.16,0,0.0,
U00_00126,ORD00000309,2025-07-22,已完成,242.0,微信,服饰,122.5,5,0.0,
U00_00127,ORD00000310,2025-01-02,已完成,326.35,搜索引擎,家居,190.95,10,0.0,
U00_00127,ORD00000311,2025-02-13,已完成,111.76,其他,美妆,51.39,10,0.0,
U00_00128,ORD00000312,2025-01-17,已完成,194.72,其他,数码,93.69,0,176.29,2025-02-13
U00_00128,ORD00000313,2025-02-16,已完成,288.24,抖音,数码,181.61,5,0.0,
U00_00128,ORD00000314,2025-03-27,已支付,406.06,搜索引擎,食品,252.21,5,0.0,
U00_00128,ORD00000315,2025-05-08,已支付,316.63,抖音,食品,203.23,10,0.0,
U00_00129,ORD00000316,2025-01-07,已支付,426.51,微信,数码,274.3,15,0.0,
U00_00129,ORD00000317,2025-02-08,已完成,320.75,微信,家居,130.22,15,0.0,
U00_00129,ORD00000318,2025-03-23,已完成,129.86,抖音,数码,83.2,10,0.0,
U00_00130,ORD00000319,2025-01-31,已支付,82.64,抖音,食品,50.52,15,0.0,
U00_00130,ORD00000320,2025-02-06,已支付,379.56,微信,数码,201.57,15,0.0,
U00_00131,ORD00000321,2025-01-27,已完成,128.91,小红书,美妆,63.43,10,0.0,
U00_00131,ORD00000322,2025-06-20,已完成,193.2,其他,美妆,124.16,10,0.0,
U00_00132,ORD00000323,2025-01-24,已完成,85.01,抖音,食品,42.85,10,0.0,
U00_00132,ORD00000324,2025-02-08,已支付,361.93,抖音,美妆,182.83,0,0.0,
U00_00133,ORD00000325,2025-01-18,已支付,218.91,小红书,数码,141.99,10,0.0,
U00_00133,ORD00000326,2025-03-01,已完成,193.42,小红书,服饰,132.59,0,0.0,
U00_00133,ORD00000327,2025-04-29,已完成,490.12,抖音,服饰,245.74,10,0.0,
U00_00133,ORD00000328,2025-05-29,已完成,245.39,小红书,服饰,102.1,10,0.0,
U00_00134,ORD00000329,2025-01-09,已完成,347.27,搜索引擎,家居,169.89,0,0.0,
U00_00134,ORD00000330,2025-03-01,已完成,242.42,小红书,美妆,118.39,10,141.92,2025-03-29
U00_00134,ORD00000331,2025-06-26,已完成,228.86,其他,服饰,125.12,10,0.0,
U00_00135,ORD00000332,2025-01-12,已完成,133.96,微信,数码,55.38,15,0.0,
U00_00135,ORD00000333,2025-03-23,已支付,350.36,搜索引擎,家居,149.15,10,0.0,
U00_00135,ORD00000334,2025-04-13,已支付,418.28,搜索引擎,家居,219.84,10,0.0,
U00_00135,ORD00000335,2025-06-29,已支付,434.27,其他,家居,178.23,10,0.0,
U00_00136,ORD00000336,2025-01-15,已完成,127.8,小红书,美妆,88.86,5,0.0,
U00_00137,ORD00000337,2025-01-30,已完成,377.2,其他,服饰,242.24,0,0.0,
U00_00137,ORD00000338,2025-05-23,已完成,330.38,搜索引擎,数码,183.95,15,0.0,
U00_00138,ORD00000339,2025-01-31,已完成,95.09,其他,食品,41.05,0,0.0,
U00_00138,ORD00000340,2025-02-21,已完成,268.51,微信,服饰,156.46,0,0.0,
U00_00138,ORD00000341,2025-05-29,已支付,445.53,搜索引擎,食品,270.51,0,0.0,
U00_00138,ORD00000342,2025-06-27,已支付,407.14,抖音,数码,200.84,15,0.0,
U00_00139,ORD00000343,2025-01-15,已支付,398.31,抖音,数码,197.67,15,0.0,
U00_00139,ORD00000344,2025-07-26,已完成,121.54,小红书,家居,59.96,10,0.0,
U00_00140,ORD00000345,2025-01-01,已完成,128.18,小红书,美妆,84.93,5,0.0,
U00_00141,ORD00000346,2025-01-04,已支付,356.53,搜索引擎,数码,168.49,15,0.0,
U00_00142,ORD00000347,2025-01-03,已支付,178.28,小红书,数码,91.99,5,0.0,
U00_00142,ORD00000348,2025-03-14,已完成,280.98,小红书,数码,185.28,0,0.0,
U00_00142,ORD00000349,2025-04-09,已完成,323.75,搜索引擎,食品,221.09,10,0.0,
U00_00143,ORD00000350,2025-01-20,已支付,228.72,微信,家居,98.51,10,0.0,
U00_00143,ORD00000351,2025-04-03,已完成,201.33,微信,食品,97.23,10,0.0,
U00_00143,ORD00000352,2025-07-28,已支付,411.06,小红书,美妆,238.42,10,0.0,
U00_00144,ORD00000353,2025-01-10,已支付,166.74,抖音,家居,87.63,15,0.0,
U00_00144,ORD00000354,2025-03-24,已支付,371.02,微信,家居,224.8,15,0.0,
U00_00144,ORD00000355,2025-04-22,已完成,444.42,小红书,食品,201.92,0,0.0,
U00_00145,ORD00000356,2025-01-29,已完成,201.03,微信,服饰,85.8,10,0.0,
U00_00145,ORD00000357,2025-02-09,已完成,313.51,抖音,家居,169.02,0,0.0,
U00_00145,ORD00000358,2025-06-22,已完成,221.75,小红书,数码,108.55,0,0.0,
U00_00146,ORD00000359,2025-01-29,已支付,457.98,小红书,美妆,246.06,10,0.0,
U00_00146,ORD00000360,2025-03-21,已完成,76.11,其他,数码,40.77,5,0.0,
U00_00146,ORD00000361,2025-05-20,已完成,245.17,搜索引擎,美妆,129.65,15,147.03,2025-06-22
U00_00147,ORD00000362,2025-01-25,已支付,424.95,小红书,数码,194.28,0,0.0,
U00_00147,ORD00000363,2025-02-05,已完成,96.22,抖音,美妆,53.02,10,0.0,
U00_00148,ORD00000364,2025-01-05,已完成,204.23,小红书,服饰,136.92,10,125.02,2025-01-23
U00_00148,ORD00000365,2025-02-01,已支付,315.36,抖音,服饰,142.13,10,0.0,
U00_00148,ORD00000366,2025-03-18,已支付,330.41,抖音,美妆,191.04,0,184.33,2025-04-25
U00_00149,ORD00000367,2025-01-23,已支付,358.58,抖音,家居,144.43,15,0.0,
U00_00149,ORD00000368,2025-03-27,已完成,454.38,微信,美妆,251.49,10,0.0,
U00_00150,ORD00000369,2025-01-07,已完成,211.06,其他,服饰,110.37,5,0.0,
U00_00150,ORD00000370,2025-05-03,已完成,458.1,抖音,家居,298.03,15,394.79,2025-05-29
U01_00001,ORD00000371,2025-02-10,已完成,168.86,微信,食品,70.08,5,0.0,
U01_00001,ORD00000372,2025-03-24,已完成,102.16,小红书,数码,66.95,0,0.0,
U01_00002,ORD00000373,2025-02-11,已完成,132.29,搜索引擎,服饰,68.82,15,0.0,
U01_00002,ORD00000374,2025-05-23,已完成,376.89,搜索引擎,家居,261.74,5,0.0,
U01_00003,ORD00000375,2025-02-25,已完成,211.37,搜索引擎,美妆,86.38,5,0.0,
U01_00003,ORD00000376,2025-04-21,已支付,191.41,其他,家居,117.02,10,0.0,
U01_00004,ORD00000377,2025-02-20,已完成,92.86,微信,服饰,55.58,5,0.0,
U01_00004,ORD00000378,2025-06-30,已完成,120.62,抖音,服饰,78.96,15,0.0,
U01_00005,ORD00000379,2025-02-17,已完成,150.22,抖音,服饰,89.08,15,0.0,
U01_00005,ORD00000380,2025-04-16,已支付,251.18,抖音,美妆,109.42,15,0.0,
U01_00005,ORD00000381,2025-05-18,已支付,50.08,微信,家居,21.4,10,0.0,
U01_00006,ORD00000382,2025-02-27,已完成,74.42,其他,家居,34.74,15,0.0,
U01_00006,ORD00000383,2025-06-22,已支付,149.79,其他,食品,75.26,10,0.0,
U01_00006,ORD00000384,2025-07-06,已完成,271.59,微信,家居,175.6,15,0.0,
U01_00006,ORD00000385,2025-08-28,已支付,226.8,微信,美妆,121.82,5,0.0,
U01_00007,ORD00000386,2025-02-02,已完成,466.98,搜索引擎,服饰,304.12,10,0.0,
U01_00007,ORD00000387,2025-04-16,已完成,51.95,其他,服饰,32.25,10,0.0,
U01_00008,ORD00000388,2025-02-27,已支付,107.77,微信,家居,55.63,10,0.0,
U01_00009,ORD00000389,2025-02-10,已支付,253.78,其他,食品,111.67,15,0.0,
U01_00010,ORD00000390,2025-02-23,已支付,180.76,小红书,家居,91.03,5,0.0,
U01_00011,ORD00000391,2025-02-23,已完成,237.87,搜索引擎,美妆,148.52,10,0.0,
U01_00011,ORD00000392,2025-03-05,已完成,73.88,微信,食品,30.81,10,0.0,
U01_00011,ORD00000393,2025-04-26,已完成,182.81,搜索引擎,美妆,114.45,0,0.0,
U01_00012,ORD00000394,2025-02-13,已支付,156.92,抖音,服饰,99.69,10,0.0,
U01_00012,ORD00000395,2025-07-09,已完成,141.39,微信,家居,93.41,15,0.0,
U01_00013,ORD00000396,2025-02-25,已完成,376.21,抖音,数码,172.32,15,0.0,
U01_00013,ORD00000397,2025-04-02,已完成,242.83,其他,食品,137.68,5,178.03,2025-04-21
U01_00013,ORD00000398,2025-05-30,已支付,195.18,微信,服饰,81.05,10,0.0,
U01_00013,ORD00000399,2025-07-23,已支付,193.04,抖音,家居,89.95,5,0.0,
U01_00014,ORD00000400,2025-02-13,已支付,91.38,微信,食品,42.62,5,0.0,
U01_00014,ORD00000401,2025-03-25,已支付,328.23,抖音,美妆,178.05,10,0.0,
U01_00015,ORD00000402,2025-02-22,已完成,448.55,微信,家居,230.74,0,0.0,
U01_00015,ORD00000403,2025-03-17,已完成,419.95,搜索引擎,美妆,215.22,10,0.0,
U01_00015,ORD00000404,2025-06-04,已支付,125.33,抖音,美妆,86.09,10,0.0,
U01_00016,ORD00000405,2025-02-22,已支付,240.89,搜索引擎,美妆,103.87,10,0.0,
U01_00016,ORD00000406,2025-03-15,已完成,372.59,小红书,食品,153.27,0,0.0,
U01_00016,ORD00000407,2025-05-09,已完成,233.43,微信,美妆,124.96,15,0.0,
U01_00016,ORD00000408,2025-06-01,已完成,338.64,抖音,食品,198.28,10,0.0,
U01_00016,ORD00000409,2025-07-26,已完成,358.65,搜索引擎,服饰,208.72,10,0.0,
U01_00016,ORD00000410,2025-08-06,已支付,290.06,微信,数码,127.89,15,0.0,
U01_00017,ORD00000411,2025-02-26,已支付,440.21,其他,数码,261.65,0,0.0,
U01_00017,ORD00000412,2025-03-20,已完成,227.34,小红书,食品,128.28,0,0.0,
U01_00017,ORD00000413,2025-06-06,已完成,149.35,小红书,家居,97.14,5,0.0,
U01_00018,ORD00000414,2025-02-18,已支付,257.57,抖音,食品,145.5,10,222.23,2025-03-31
U01_00018,ORD00000415,2025-08-07,已支付,193.0,微信,家居,103.29,10,0.0,
U01_00019,ORD00000416,2025-02-19,已完成,214.02,抖音,食品,105.92,15,0.0,
U01_00019,ORD00000417,2025-03-24,已完成,338.38,微信,服饰,163.44,10,0.0,
U01_00020,ORD00000418,2025-02-27,已完成,176.28,微信,美妆,114.22,10,0.0,
U01_00021,ORD00000419,2025-02-07,已支付,457.84,搜索引擎,数码,258.9,10,0.0,
U01_00021,ORD00000420,2025-03-25,已完成,315.32,其他,家居,207.21,5,215.03,2025-04-04
U01_00022,ORD00000421,2025-02-17,已支付,113.17,小红书,服饰,50.67,10,0.0,
U01_00022,ORD00000422,2025-03-25,已完成,269.44,抖音,数码,112.86,10,0.0,
U01_00022,ORD00000423,2025-08-21,已支付,195.83,微信,食品,119.68,10,0.0,
U01_00023,ORD00000424,2025-02-19,已支付,128.23,抖音,家居,76.44,10,0.0,
U01_00023,ORD00000425,2025-04-13,已完成,208.8,其他,美妆,137.87,15,0.0,
U01_00023,ORD00000426,2025-05-06,已完成,153.5,小红书,数码,85.09,10,0.0,
U01_00024,ORD00000427,2025-02-14,已支付,415.03,搜索引擎,服饰,255.69,15,0.0,
U01_00024,ORD00000428,2025-03-27,已支付,234.9,其他,数码,111.13,5,0.0,
U01_00024,ORD00000429,2025-06-06,已支付,166.22,其他,美妆,75.47,15,0.0,
U01_00025,ORD00000430,2025-02-03,已完成,147.47,小红书,数码,85.82,15,0.0,
U01_00025,ORD00000431,2025-06-22,已完成,279.86,其他,家居,126.03,10,192.85,2025-07-10
U01_00025,ORD00000432,2025-07-07,已完成,285.22,其他,美妆,191.9,15,0.0,
U01_00026,ORD00000433,2025-02-20,已完成,67.57,抖音,服饰,42.92,10,0.0,
U01_00026,ORD00000434,2025-05-31,已完成,398.69,微信,美妆,237.13,10,0.0,
U01_00027,ORD00000435,2025-02-25,已完成,221.56,搜索引擎,数码,127.78,10,0.0,
U01_00027,ORD00000436,2025-05-20,已完成,444.54,抖音,家居,232.31,5,0.0,
U01_00028,ORD00000437,2025-02-26,已完成,192.16,其他,食品,97.75,5,0.0,
U01_00029,ORD00000438,2025-02-18,已支付,402.7,其他,服饰,219.37,10,0.0,
U01_00029,ORD00000439,2025-03-12,已支付,398.39,抖音,数码,206.94,5,0.0,
U01_00029,ORD00000440,2025-05-07,已支付,278.75,抖音,数码,177.24,10,0.0,
U01_00030,ORD00000441,2025-02-16,已完成,466.64,小红书,食品,247.61,0,242.13,2025-03-22
U01_00030,ORD00000442,2025-08-25,已完成,419.1,小红书,家居,248.14,15,0.0,
U01_00031,ORD00000443,2025-02-02,已支付,402.78,小红书,美妆,222.8,5,0.0,
U01_00031,ORD00000444,2025-05-09,已完成,400.85,其他,数码,202.81,15,0.0,
U01_00031,ORD00000445,2025-07-03,已支付,297.32,微信,食品,183.7,10,0.0,
U01_00032,ORD00000446,2025-02-20,已支付,483.38,抖音,食品,259.3,15,0.0,
U01_00032,ORD00000447,2025-07-17,已完成,480.52,搜索引擎,服饰,318.5,10,0.0,
U01_00033,ORD00000448,2025-02-25,已支付,202.85,抖音,服饰,128.34,15,0.0,
U01_00033,ORD00000449,2025-03-21,已完成,404.9,搜索引擎,食品,188.73,5,0.0,
U01_00033,ORD00000450,2025-04-27,已支付,168.51,微信,美妆,81.93,15,0.0,
U01_00033,ORD00000451,2025-05-11,已完成,209.09,小红书,服饰,139.73,10,0.0,
U01_00034,ORD00000452,2025-02-08,已完成,141.24,小红书,美妆,67.08,10,0.0,
U01_00034,ORD00000453,2025-03-31,已完成,348.54,搜索引擎,食品,203.6,10,0.0,
U01_00035,ORD00000454,2025-02-25,已支付,462.2,小红书,美妆,223.74,5,0.0,
U01_00035,ORD00000455,2025-05-12,已完成,227.17,抖音,家居,137.64,5,0.0,
U01_00035,ORD00000456,2025-07-07,已支付,220.74,微信,数码,94.97,10,0.0,
U01_00036,ORD00000457,2025-02-16,已完成,481.34,搜索引擎,数码,242.08,5,0.0,
U01_00037,ORD00000458,2025-02-22,已完成,152.86,其他,服饰,65.72,10,0.0,
U01_00037,ORD00000459,2025-03-26,已完成,481.62,搜索引擎,服饰,214.26,0,0.0,
U01_00038,ORD00000460,2025-02-09,已完成,302.96,小红书,美妆,172.79,15,0.0,
U01_00038,ORD00000461,2025-03-27,已完成,333.44,微信,食品,178.38,10,0.0,
U01_00038,ORD00000462,2025-06-04,已完成,207.99,其他,家居,125.6,10,0.0,
U01_00039,ORD00000463,2025-02-10,已支付,209.8,搜索引擎,美妆,126.29,15,0.0,
U01_00039,ORD00000464,2025-03-21,已完成,480.47,其他,家居,317.34,10,0.0,
U01_00039,ORD00000465,2025-05-11,已支付,152.7,微信,家居,75.6,10,0.0,
U01_00040,ORD00000466,2025-02-12,已完成,386.55,小红书,数码,215.03,15,0.0,
U01_00040,ORD00000467,2025-03-08,已完成,347.91,小红书,服饰,237.32,0,0.0,
U01_00040,ORD00000468,2025-04-29,已支付,262.93,抖音,美妆,109.42,15,0.0,
U01_00040,ORD00000469,2025-05-21,已完成,469.22,微信,服饰,242.57,5,0.0,
U01_00040,ORD00000470,2025-06-27,已完成,126.77,搜索引擎,服饰,52.04,10,0.0,
U01_00041,ORD00000471,2025-02-15,已完成,110.8,其他,家居,75.85,10,0.0,
U01_00042,ORD00000472,2025-02-16,已完成,292.85,微信,服饰,187.84,15,0.0,
U01_00042,ORD00000473,2025-03-01,已完成,285.49,微信,服饰,179.14,5,0.0,
U01_00043,ORD00000474,2025-02-26,已支付,181.82,微信,数码,85.34,0,0.0,
U01_00043,ORD00000475,2025-05-24,已完成,340.7,抖音,服饰,220.95,5,0.0,
U01_00044,ORD00000476,2025-02-23,已完成,358.09,搜索引擎,数码,173.82,10,0.0,
U01_00044,ORD00000477,2025-03-10,已完成,99.66,其他,服饰,53.48,15,0.0,
U01_00044,ORD00000478,2025-04-02,已完成,486.37,微信,数码,197.78,0,0.0,
U01_00044,ORD00000479,2025-07-16,已完成,147.73,搜索引擎,美妆,77.72,15,0.0,
U01_00045,ORD00000480,2025-02-05,已支付,75.22,搜索引擎,数码,47.59,0,0.0,
U01_00045,ORD00000481,2025-06-25,已完成,371.61,抖音,数码,191.54,15,0.0,
U01_00046,ORD00000482,2025-02-07,已完成,262.77,小红书,美妆,158.83,10,0.0,
U01_00046,ORD00000483,2025-04-16,已支付,337.33,小红书,美妆,155.04,0,0.0,
U01_00046,ORD00000484,2025-06-26,已完成,174.25,抖音,家居,75.95,5,0.0,
U01_00047,ORD00000485,2025-02-12,已完成,396.86,其他,食品,188.36,15,0.0,
U01_00047,ORD00000486,2025-05-21,已完成,119.26,搜索引擎,数码,66.89,0,0.0,
U01_00048,ORD00000487,2025-02-15,已完成,379.93,小红书,食品,154.41,15,0.0,
U01_00049,ORD00000488,2025-02-12,已支付,195.66,小红书,美妆,105.76,10,0.0,
U01_00050,ORD00000489,2025-02-24,已支付,133.49,小红书,食品,54.15,10,0.0,
U01_00051,ORD00000490,2025-02-20,已完成,177.41,抖音,家居,92.78,10,0.0,
U01_00051,ORD00000491,2025-03-31,已完成,108.4,搜索引擎,数码,71.77,5,85.15,2025-05-04
U01_00052,ORD00000492,2025-02-20,已支付,373.03,搜索引擎,美妆,150.68,5,0.0,
U01_00053,ORD00000493,2025-02-02,已支付,420.64,抖音,食品,201.8,0,255.73,2025-03-17
U01_00053,ORD00000494,2025-03-24,已支付,153.96,小红书,家居,79.38,5,0.0,
U01_00053,ORD00000495,2025-04-24,已完成,301.16,搜索引擎,服饰,187.87,10,0.0,
U01_00053,ORD00000496,2025-05-06,已支付,297.48,其他,服饰,164.03,5,0.0,
U01_00054,ORD00000497,2025-02-28,已支付,217.27,微信,家居,136.72,15,0.0,
U01_00055,ORD00000498,2025-02-13,已支付,50.09,抖音,家居,20.56,10,0.0,
U01_00055,ORD00000499,2025-04-08,已支付,146.67,其他,家居,72.52,10,0.0,
U01_00055,ORD00000500,2025-06-15,已支付,210.05,小红书,数码,92.74,10,0.0,
U01_00056,ORD00000501,2025-02-19,已完成,463.05,小红书,服饰,287.22,10,0.0,
U01_00057,ORD00000502,2025-02-19,已完成,221.7,搜索引擎,服饰,140.57,10,0.0,
U01_00057,ORD00000503,2025-03-25,已完成,152.02,搜索引擎,美妆,90.58,10,0.0,
U01_00057,ORD00000504,2025-04-18,已完成,304.21,抖音,服饰,151.51,5,0.0,
U01_00057,ORD00000505,2025-07-14,已完成,180.4,抖音,服饰,93.5,5,0.0,
U01_00057,ORD00000506,2025-08-13,已支付,168.15,小红书,数码,87.36,15,0.0,
U01_00058,ORD00000507,2025-02-07,已支付,269.54,其他,家居,160.56,5,0.0,
U01_00058,ORD00000508,2025-03-25,已完成,243.53,抖音,服饰,147.44,10,0.0,
U01_00058,ORD00000509,2025-07-10,已支付,126.16,小红书,服饰,63.7,15,114.69,2025-08-01
U01_00059,ORD00000510,2025-02-05,已支付,390.98,抖音,数码,256.42,0,0.0,
U01_00059,ORD00000511,2025-06-23,已完成,411.93,微信,数码,202.48,15,0.0,
U01_00060,ORD00000512,2025-02-25,已支付,166.4,抖音,服饰,90.67,5,0.0,
U01_00060,ORD00000513,2025-04-06,已完成,77.05,抖音,服饰,35.46,10,0.0,
U01_00060,ORD00000514,2025-05-13,已完成,347.17,抖音,食品,207.92,10,0.0,
U01_00061,ORD00000515,2025-02-23,已支付,94.82,抖音,数码,46.9,10,0.0,
U01_00061,ORD00000516,2025-06-30,已支付,288.24,小红书,美妆,144.14,15,0.0,
U01_00062,ORD00000517,2025-02-08,已完成,498.2,微信,服饰,345.54,10,0.0,
U01_00062,ORD00000518,2025-04-18,已完成,477.1,小红书,美妆,223.13,10,0.0,
U01_00063,ORD00000519,2025-02-14,已支付,158.16,微信,服饰,70.51,10,0.0,
U01_00063,ORD00000520,2025-03-05,已完成,311.46,微信,家居,188.5,5,0.0,
U01_00064,ORD00000521,2025-02-06,已完成,192.87,微信,数码,109.4,0,0.0,
U01_00065,ORD00000522,2025-02-21,已完成,469.96,小红书,数码,226.59,5,466.66,2025-04-11
U01_00065,ORD00000523,2025-03-19,已支付,325.56,抖音,食品,188.47,5,289.72,2025-04-06
U01_00066,ORD00000524,2025-02-16,已完成,263.23,搜索引擎,美妆,118.23,5,0.0,
U01_00066,ORD00000525,2025-04-22,已完成,494.71,搜索引擎,家居,310.35,0,0.0,
U01_00067,ORD00000526,2025-02-02,已完成,323.57,其他,家居,209.45,10,0.0,
U01_00068,ORD00000527,2025-02-02,已完成,445.0,抖音,家居,210.8,10,0.0,
U01_00068,ORD00000528,2025-05-15,已完成,229.12,小红书,服饰,112.58,10,0.0,
U01_00069,ORD00000529,2025-02-15,已完成,423.45,小红书,家居,226.76,10,0.0,
U01_00069,ORD00000530,2025-04-14,已支付,195.56,小红书,服饰,79.69,15,129.47,2025-06-04
U01_00069,ORD00000531,2025-08-04,已支付,367.8,搜索引擎,家居,217.08,0,0.0,
U01_00070,ORD00000532,2025-02-06,已完成,220.41,其他,数码,113.33,5,0.0,
U01_00070,ORD00000533,2025-03-25,已支付,370.42,搜索引擎,食品,194.79,10,0.0,
U01_00070,ORD00000534,2025-04-05,已完成,482.2,搜索引擎,服饰,193.39,10,0.0,
U01_00070,ORD00000535,2025-06-29,已完成,272.06,搜索引擎,服饰,126.52,15,217.66,2025-07-24
U01_00071,ORD00000536,2025-02-21,已完成,300.9,小红书,美妆,194.86,0,0.0,
U01_00071,ORD00000537,2025-03-28,已完成,64.59,微信,美妆,37.04,10,45.76,2025-04-18
U01_00071,ORD00000538,2025-04-10,已支付,324.99,其他,数码,197.42,10,0.0,
U01_00071,ORD00000539,2025-07-25,已完成,184.68,搜索引擎,家居,94.29,15,135.82,2025-08-11
U01_00072,ORD00000540,2025-02-09,已支付,198.14,小红书,家居,103.85,5,155.68,2025-03-31
U01_00072,ORD00000541,2025-04-24,已完成,359.89,其他,食品,244.79,10,0.0,
U01_00073,ORD00000542,2025-02-16,已完成,283.87,其他,数码,167.36,15,0.0,
U01_00073,ORD00000543,2025-04-01,已支付,259.2,搜索引擎,服饰,165.63,5,174.91,2025-05-21
U01_00073,ORD00000544,2025-05-21,已完成,140.53,微信,家居,68.09,0,0.0,
U01_00073,ORD00000545,2025-07-11,已完成,203.61,小红书,数码,125.69,10,0.0,
U01_00074,ORD00000546,2025-02-22,已支付,265.6,小红书,服饰,144.05,0,0.0,
U01_00075,ORD00000547,2025-02-02,已支付,425.8,其他,美妆,208.56,10,0.0,
U01_00076,ORD00000548,2025-02-01,已完成,202.62,其他,家居,103.86,10,0.0,
U01_00076,ORD00000549,2025-08-14,已完成,89.06,微信,数码,59.06,10,0.0,
U01_00077,ORD00000550,2025-02-06,已完成,100.5,搜索引擎,家居,63.87,5,74.5,2025-03-20
U01_00077,ORD00000551,2025-03-11,已完成,465.64,微信,数码,288.57,10,0.0,
U01_00077,ORD00000552,2025-04-17,已完成,354.52,搜索引擎,家居,155.92,0,0.0,
U01_00077,ORD00000553,2025-06-28,已完成,317.43,抖音,家居,135.26,15,0.0,
U01_00077,ORD00000554,2025-08-25,已完成,190.46,小红书,食品,127.16,10,0.0,
U01_00078,ORD00000555,2025-02-11,已完成,397.75,小红书,食品,239.18,10,0.0,
U01_00078,ORD00000556,2025-05-18,已支付,207.64,微信,家居,102.9,5,0.0,
U01_00078,ORD00000557,2025-06-20,已完成,451.51,抖音,服饰,253.83,0,0.0,
U01_00078,ORD00000558,2025-07-13,已支付,74.21,其他,家居,39.18,5,0.0,
U01_00079,ORD00000559,2025-02-15,已支付,327.34,其他,美妆,161.62,5,0.0,
U01_00079,ORD00000560,2025-05-27,已完成,411.06,微信,服饰,250.57,0,0.0,
U01_00079,ORD00000561,2025-07-29,已完成,327.62,微信,食品,220.77,15,0.0,
U01_00079,ORD00000562,2025-08-16,已完成,100.8,微信,家居,54.79,5,0.0,
U01_00080,ORD00000563,2025-02-17,已完成,96.32,其他,美妆,62.15,0,0.0,
U01_00081,ORD00000564,2025-02-13,已完成,79.73,搜索引擎,家居,36.87,10,0.0,
U01_00081,ORD00000565,2025-04-22,已完成,351.32,抖音,家居,218.45,10,0.0,
U01_00081,ORD00000566,2025-06-15,已支付,129.28,抖音,家居,88.78,0,0.0,
U01_00082,ORD00000567,2025-02-22,已支付,77.67,抖音,数码,36.14,5,0.0,
U01_00083,ORD00000568,2025-02-10,已完成,306.62,微信,美妆,206.65,10,0.0,
U01_00083,ORD00000569,2025-07-29,已完成,297.0,抖音,食品,123.53,10,0.0,
U01_00084,ORD00000570,2025-02-23,已完成,315.57,搜索引擎,服饰,185.42,15,0.0,
U01_00084,ORD00000571,2025-05-13,已完成,429.5,微信,数码,218.22,15,0.0,
U01_00084,ORD00000572,2025-06-01,已完成,114.8,抖音,数码,76.4,15,0.0,
U01_00085,ORD00000573,2025-02-26,已完成,362.93,搜索引擎,家居,246.46,10,0.0,
U01_00085,ORD00000574,2025-05-14,已支付,322.06,其他,食品,184.66,5,0.0,
U01_00086,ORD00000575,2025-02-19,已完成,267.47,抖音,数码,136.56,10,0.0,
U01_00087,ORD00000576,2025-02-20,已支付,89.8,其他,家居,48.65,0,0.0,
U01_00087,ORD00000577,2025-03-11,已支付,290.76,搜索引擎,家居,117.24,15,0.0,
U01_00087,ORD00000578,2025-08-30,已完成,318.94,抖音,服饰,156.67,10,0.0,
U01_00088,ORD00000579,2025-02-19,已完成,73.23,微信,服饰,51.05,10,55.13,2025-04-20
U01_00088,ORD00000580,2025-03-05,已完成,327.11,抖音,家居,157.85,10,0.0,
U01_00088,ORD00000581,2025-05-15,已完成,216.4,小红书,家居,97.95,5,0.0,
U01_00088,ORD00000582,2025-07-05,已完成,317.99,搜索引擎,数码,205.59,15,0.0,
U01_00089,ORD00000583,2025-02-06,已完成,144.89,微信,美妆,89.88,10,106.06,2025-03-18
U01_00089,ORD00000584,2025-03-24,已完成,476.71,搜索引擎,服饰,322.61,5,0.0,
U01_00090,ORD00000585,2025-02-11,已完成,482.79,其他,食品,292.02,0,0.0,
U01_00090,ORD00000586,2025-08-21,已支付,312.88,其他,数码,168.43,5,0.0,
U01_00091,ORD00000587,2025-02-22,已完成,360.63,抖音,美妆,163.72,10,197.93,2025-03-10
U01_00091,ORD00000588,2025-07-20,已支付,91.37,抖音,美妆,62.27,5,73.31,2025-08-23
U01_00092,ORD00000589,2025-02-21,已支付,304.73,小红书,食品,210.31,0,0.0,
U01_00092,ORD00000590,2025-04-15,已支付,465.21,微信,食品,224.66,15,0.0,
U01_00092,ORD00000591,2025-05-25,已完成,78.07,微信,数码,40.33,0,0.0,
U01_00093,ORD00000592,2025-02-06,已完成,340.47,小红书,家居,147.26,10,0.0,
U01_00093,ORD00000593,2025-05-03,已完成,81.69,搜索引擎,数码,50.51,15,0.0,
U01_00093,ORD00000594,2025-06-02,已完成,349.07,其他,美妆,167.53,10,0.0,
U01_00094,ORD00000595,2025-02-14,已支付,231.76,小红书,美妆,143.3,0,0.0,
U01_00094,ORD00000596,2025-05-18,已完成,470.77,抖音,美妆,239.0,10,0.0,
U01_00095,ORD00000597,2025-02-25,已支付,394.93,抖音,服饰,234.72,5,0.0,
U01_00095,ORD00000598,2025-03-13,已完成,453.41,抖音,服饰,267.14,10,0.0,
U01_00095,ORD00000599,2025-04-07,已完成,61.41,搜索引擎,美妆,42.92,5,0.0,
U01_00096,ORD00000600,2025-02-01,已完成,66.67,抖音,数码,27.79,0,0.0,
U01_00096,ORD00000601,2025-07-19,已完成,154.84,抖音,服饰,65.28,5,0.0,
U01_00097,ORD00000602,2025-02-08,已支付,365.58,抖音,食品,160.55,5,0.0,
U01_00097,ORD00000603,2025-03-20,已完成,126.81,搜索引擎,家居,73.21,0,0.0,
U01_00097,ORD00000604,2025-04-26,已完成,141.19,抖音,家居,70.76,15,0.0,
U01_00097,ORD00000605,2025-08-06,已完成,200.98,小红书,食品,87.67,5,0.0,
U01_00098,ORD00000606,2025-02-15,已完成,159.64,其他,服饰,91.73,5,0.0,
U01_00098,ORD00000607,2025-03-16,已支付,86.33,其他,食品,34.72,0,0.0,
U01_00099,ORD00000608,2025-02-17,已支付,252.69,抖音,家居,119.21,5,0.0,
U01_00099,ORD00000609,2025-08-08,已支付,136.36,微信,家居,94.9,0,0.0,
U01_00100,ORD00000610,2025-02-15,已完成,396.65,小红书,美妆,237.12,10,0.0,
U01_00100,ORD00000611,2025-06-22,已完成,465.2,小红书,服饰,193.62,10,0.0,
U01_00101,ORD00000612,2025-02-15,已完成,69.49,小红书,美妆,43.23,10,0.0,
U01_00101,ORD00000613,2025-03-29,已完成,155.88,搜索引擎,数码,83.15,10,0.0,
U01_00101,ORD00000614,2025-06-08,已完成,94.13,小红书,美妆,58.49,5,0.0,
U01_00102,ORD00000615,2025-02-05,已完成,147.27,微信,数码,85.83,5,0.0,
U01_00102,ORD00000616,2025-03-12,已完成,489.0,其他,美妆,225.26,5,0.0,
U01_00102,ORD00000617,2025-04-15,已完成,256.36,微信,家居,115.71,10,0.0,
U01_00103,ORD00000618,2025-02-18,已完成,434.75,小红书,家居,185.18,10,0.0,
U01_00103,ORD00000619,2025-04-14,已完成,381.28,其他,数码,180.73,10,0.0,
U01_00103,ORD00000620,2025-06-19,已完成,454.21,搜索引擎,家居,238.61,0,347.73,2025-07-29
U01_00104,ORD00000621,2025-02-04,已完成,253.6,搜索引擎,数码,119.74,10,0.0,
U01_00104,ORD00000622,2025-03-21,已完成,499.53,搜索引擎,家居,202.2,10,0.0,
U01_00104,ORD00000623,2025-04-15,已完成,258.69,微信,服饰,114.23,15,0.0,
U01_00104,ORD00000624,2025-05-21,已支付,81.81,抖音,食品,54.65,10,0.0,
U01_00105,ORD00000625,2025-02-26,已完成,143.22,抖音,家居,86.71,10,0.0,
U01_00105,ORD00000626,2025-05-12,已完成,259.41,其他,美妆,106.94,10,0.0,
U01_00105,ORD00000627,2025-07-11,已支付,157.38,其他,数码,68.31,15,0.0,
U01_00106,ORD00000628,2025-02-11,已完成,208.72,抖音,美妆,100.23,15,0.0,
U01_00107,ORD00000629,2025-02-10,已完成,253.39,搜索引擎,美妆,129.34,0,240.46,2025-03-10
U01_00107,ORD00000630,2025-04-06,已完成,174.17,小红书,家居,106.09,15,0.0,
U01_00107,ORD00000631,2025-05-14,已完成,486.31,微信,服饰,273.52,5,0.0,
U01_00107,ORD00000632,2025-08-28,已支付,410.9,微信,服饰,267.28,10,0.0,
U01_00108,ORD00000633,2025-02-21,已支付,340.72,其他,家居,169.64,10,0.0,
U01_00108,ORD00000634,2025-03-05,已完成,454.23,搜索引擎,食品,223.46,10,0.0,
U01_00108,ORD00000635,2025-05-12,已完成,177.97,其他,食品,122.24,10,0.0,
U01_00108,ORD00000636,2025-06-23,已完成,361.79,小红书,美妆,217.04,5,238.17,2025-07-11
U01_00109,ORD00000637,2025-02-07,已完成,303.12,小红书,食品,124.4,10,0.0,
U01_00109,ORD00000638,2025-05-01,已完成,232.05,微信,数码,127.59,5,201.71,2025-06-12
U01_00110,ORD00000639,2025-02-10,已支付,486.32,小红书,家居,304.56,10,0.0,
U01_00110,ORD00000640,2025-05-16,已完成,455.08,微信,美妆,201.07,10,0.0,
U01_00110,ORD00000641,2025-08-02,已完成,323.67,微信,数码,148.42,10,248.97,2025-09-09
U01_00111,ORD00000642,2025-02-22,已完成,352.2,小红书,服饰,150.11,10,0.0,
U01_00111,ORD00000643,2025-07-28,已完成,242.44,微信,食品,125.06,0,0.0,
U01_00112,ORD00000644,2025-02-18,已支付,89.42,搜索引擎,服饰,55.29,15,0.0,
U01_00112,ORD00000645,2025-07-19,已完成,319.07,其他,食品,141.38,10,312.7,2025-09-15
U01_00113,ORD00000646,2025-02-01,已完成,234.26,其他,服饰,157.97,15,0.0,
U01_00113,ORD00000647,2025-04-06,已完成,424.53,微信,家居,206.68,15,0.0,
U01_00113,ORD00000648,2025-07-01,已完成,119.31,微信,服饰,58.47,15,0.0,
U01_00114,ORD00000649,2025-02-21,已完成,160.14,抖音,家居,69.79,10,0.0,
U01_00115,ORD00000650,2025-02-04,已完成,217.94,小红书,家居,135.1,0,143.81,2025-03-30
U01_00115,ORD00000651,2025-03-06,已完成,73.8,微信,食品,37.52,10,0.0,
U01_00115,ORD00000652,2025-08-25,已支付,125.21,微信,食品,62.2,10,0.0,
U01_00116,ORD00000653,2025-02-23,已完成,213.14,抖音,数码,119.43,10,0.0,
U01_00116,ORD00000654,2025-07-05,已支付,276.52,其他,家居,179.59,10,0.0,
U01_00117,ORD00000655,2025-02-26,已完成,101.29,小红书,美妆,54.51,0,0.0,
U01_00117,ORD00000656,2025-03-12,已支付,112.56,微信,数码,59.95,10,0.0,
U01_00117,ORD00000657,2025-04-27,已支付,103.37,小红书,食品,45.34,5,0.0,
U01_00117,ORD00000658,2025-05-03,已完成,241.16,抖音,服饰,151.67,0,0.0,
U01_00117,ORD00000659,2025-06-04,已完成,64.76,搜索引擎,美妆,38.72,10,0.0,
U01_00117,ORD00000660,2025-07-10,已支付,350.41,小红书,家居,219.48,0,0.0,
U01_00118,ORD00000661,2025-02-12,已支付,63.17,微信,食品,28.03,10,0.0,
U01_00118,ORD00000662,2025-07-19,已完成,393.46,小红书,家居,219.81,5,339.43,2025-08-11
U01_00119,ORD00000663,2025-02-28,已完成,368.49,搜索引擎,美妆,187.91,10,0.0,
U01_00119,ORD00000664,2025-03-13,已完成,240.84,微信,美妆,133.49,15,0.0,
U01_00120,ORD00000665,2025-02-03,已完成,197.65,其他,食品,85.92,10,0.0,
U01_00120,ORD00000666,2025-04-14,已完成,180.77,搜索引擎,食品,118.7,5,0.0,
U01_00120,ORD00000667,2025-07-15,已完成,285.2,搜索引擎,服饰,171.96,0,0.0,
U01_00121,ORD00000668,2025-02-24,已完成,466.38,小红书,食品,323.37,0,0.0,
U01_00122,ORD00000669,2025-02-25,已完成,311.86,搜索引擎,家居,150.28,15,0.0,
U01_00122,ORD00000670,2025-05-15,已完成,98.62,小红书,美妆,46.86,15,51.92,2025-05-29
U01_00122,ORD00000671,2025-07-06,已完成,222.18,其他,家居,134.14,5,119.59,2025-09-02
U01_00123,ORD00000672,2025-02-16,已完成,406.73,其他,食品,187.33,15,0.0,
U01_00123,ORD00000673,2025-05-25,已完成,64.22,搜索引擎,食品,33.98,0,0.0,
U01_00123,ORD00000674,2025-07-06,已支付,300.5,小红书,服饰,197.76,10,0.0,
U01_00124,ORD00000675,2025-02-13,已支付,269.35,其他,家居,116.58,15,0.0,
U01_00125,ORD00000676,2025-02-20,已完成,354.42,抖音,美妆,223.26,10,0.0,
U01_00125,ORD00000677,2025-03-12,已支付,206.99,微信,服饰,128.88,0,139.22,2025-04-13
U01_00125,ORD00000678,2025-05-08,已完成,161.43,抖音,食品,95.96,10,0.0,
U01_00125,ORD00000679,2025-06-18,已支付,196.75,其他,服饰,105.91,15,0.0,
U01_00126,ORD00000680,2025-02-11,已完成,219.98,搜索引擎,美妆,113.75,10,0.0,
U01_00126,ORD00000681,2025-03-16,已完成,276.25,其他,食品,173.89,10,0.0,
U01_00127,ORD00000682,2025-02-18,已支付,146.34,搜索引擎,数码,70.18,10,0.0,
U01_00128,ORD00000683,2025-02-17,已支付,263.87,微信,家居,122.15,0,0.0,
U01_00128,ORD00000684,2025-05-13,已完成,163.07,抖音,家居,90.44,10,0.0,
U01_00129,ORD00000685,2025-02-24,已支付,472.15,搜索引擎,家居,226.81,10,0.0,
U01_00129,ORD00000686,2025-03-07,已支付,213.92,微信,服饰,95.05,5,0.0,
U01_00130,ORD00000687,2025-02-10,已完成,340.72,搜索引擎,数码,162.5,10,0.0,
U01_00130,ORD00000688,2025-03-08,已支付,408.67,搜索引擎,服饰,201.54,15,0.0,
U01_00130,ORD00000689,2025-04-06,已支付,172.72,其他,数码,70.6,10,0.0,
U01_00130,ORD00000690,2025-05-24,已完成,268.63,其他,食品,109.06,0,0.0,
U01_00131,ORD00000691,2025-02-22,已完成,448.57,抖音,家居,232.84,5,0.0,
U01_00132,ORD00000692,2025-02-03,已完成,157.13,其他,服饰,68.62,10,0.0,
U01_00132,ORD00000693,2025-05-04,已完成,128.82,微信,家居,89.01,15,98.77,2025-06-27
U01_00133,ORD00000694,2025-02-22,已完成,160.86,搜索引擎,食品,77.75,5,0.0,
U01_00133,ORD00000695,2025-03-31,已支付,457.35,小红书,食品,187.72,0,0.0,
U01_00133,ORD00000696,2025-08-28,已完成,156.37,微信,食品,83.3,0,142.51,2025-09-22
U01_00134,ORD00000697,2025-02-10,已支付,144.67,微信,服饰,96.51,15,0.0,
U01_00134,ORD00000698,2025-03-03,已支付,420.44,搜索引擎,食品,286.8,15,0.0,
U01_00135,ORD00000699,2025-02-12,已支付,239.39,微信,服饰,148.13,10,0.0,
U01_00135,ORD00000700,2025-05-15,已完成,405.96,微信,食品,178.96,15,0.0,
U01_00135,ORD00000701,2025-06-08,已支付,282.36,搜索引擎,食品,195.08,5,0.0,
U01_00136,ORD00000702,2025-02-06,已完成,359.36,抖音,服饰,232.88,10,0.0,
U01_00136,ORD00000703,2025-07-01,已完成,465.4,搜索引擎,数码,276.51,5,0.0,
U01_00137,ORD00000704,2025-02-02,已完成,230.47,抖音,食品,121.84,10,0.0,
U01_00137,ORD00000705,2025-04-17,已支付,245.82,搜索引擎,美妆,166.17,15,0.0,
U01_00137,ORD00000706,2025-05-31,已支付,437.87,搜索引擎,服饰,277.89,10,0.0,
U01_00138,ORD00000707,2025-02-10,已完成,377.02,小红书,美妆,172.23,5,0.0,
U01_00138,ORD00000708,2025-03-20,已支付,252.94,搜索引擎,美妆,120.02,10,143.32,2025-04-19
U01_00139,ORD00000709,2025-02-20,已完成,165.3,微信,数码,70.84,0,0.0,
U01_00139,ORD00000710,2025-03-20,已支付,472.69,抖音,美妆,326.23,10,0.0,
U01_00140,ORD00000711,2025-02-18,已支付,68.51,搜索引擎,食品,31.09,5,0.0,
U01_00140,ORD00000712,2025-03-11,已完成,369.62,微信,美妆,195.85,10,0.0,
U01_00141,ORD00000713,2025-02-09,已支付,325.82,微信,服饰,204.77,10,0.0,
U01_00141,ORD00000714,2025-03-16,已完成,393.65,小红书,数码,175.32,15,232.87,2025-04-25
U01_00141,ORD00000715,2025-04-23,已完成,260.21,搜索引擎,食品,113.14,15,0.0,
U01_00141,ORD00000716,2025-07-24,已完成,440.1,微信,数码,192.37,0,0.0,
U01_00142,ORD00000717,2025-02-27,已完成,172.76,其他,美妆,115.28,10,0.0,
U01_00142,ORD00000718,2025-05-25,已完成,274.15,微信,美妆,117.42,10,0.0,
U01_00143,ORD00000719,2025-02-05,已完成,62.99,微信,家居,33.89,15,0.0,
U01_00143,ORD00000720,2025-03-02,已支付,345.28,其他,数码,236.61,10,0.0,
U01_00143,ORD00000721,2025-04-21,已支付,177.33,其他,服饰,113.39,0,111.29,2025-05-16
U01_00143,ORD00000722,2025-07-28,已完成,143.7,小红书,美妆,74.23,15,0.0,
U01_00144,ORD00000723,2025-02-24,已完成,412.86,微信,美妆,203.55,10,0.0,
U01_00145,ORD00000724,2025-02-25,已完成,240.14,搜索引擎,美妆,122.58,5,161.1,2025-04-05
U01_00146,ORD00000725,2025-02-03,已完成,180.82,小红书,数码,96.05,15,0.0,
U01_00146,ORD00000726,2025-03-08,已支付,285.39,抖音,美妆,139.45,0,0.0,
U01_00147,ORD00000727,2025-02-12,已完成,164.69,抖音,服饰,69.92,10,0.0,
U01_00147,ORD00000728,2025-03-13,已完成,70.37,其他,服饰,36.94,10,0.0,
U01_00148,ORD00000729,2025-02-07,已完成,133.29,抖音,服饰,83.19,10,0.0,
U01_00148,ORD00000730,2025-03-04,已支付,55.99,搜索引擎,家居,33.41,15,0.0,
U01_00149,ORD00000731,2025-02-22,已完成,227.75,抖音,数码,111.78,5,0.0,
U01_00149,ORD00000732,2025-03-07,已支付,436.56,小红书,服饰,202.03,5,0.0,
U01_00149,ORD00000733,2025-06-25,已完成,258.54,小红书,数码,140.18,0,0.0,
U01_00150,ORD00000734,2025-02-01,已完成,436.91,其他,服饰,251.47,5,220.18,2025-03-23
U01_00151,ORD00000735,2025-02-10,已支付,66.66,其他,服饰,34.66,10,0.0,
U01_00151,ORD00000736,2025-03-01,已完成,239.9,搜索引擎,服饰,118.69,0,0.0,
U01_00152,ORD00000737,2025-02-24,已支付,136.49,小红书,家居,68.68,5,0.0,
U01_00152,ORD00000738,2025-03-20,已完成,434.05,微信,服饰,266.75,15,0.0,
U01_00153,ORD00000739,2025-02-28,已支付,122.91,搜索引擎,数码,56.8,0,0.0,
U01_00153,ORD00000740,2025-03-16,已完成,95.41,小红书,数码,50.07,15,0.0,
U01_00154,ORD00000741,2025-02-28,已完成,452.51,搜索引擎,美妆,185.34,0,0.0,
U01_00154,ORD00000742,2025-03-08,已完成,268.86,其他,食品,187.69,10,0.0,
U01_00154,ORD00000743,2025-07-02,已完成,466.98,抖音,家居,248.13,15,0.0,
U01_00155,ORD00000744,2025-02-04,已完成,420.62,抖音,数码,173.54,0,0.0,
U01_00155,ORD00000745,2025-03-10,已支付,368.67,抖音,数码,231.74,15,0.0,
U01_00155,ORD00000746,2025-05-28,已完成,140.85,搜索引擎,食品,97.31,0,0.0,
U01_00155,ORD00000747,2025-06-09,已支付,217.6,小红书,数码,136.32,10,0.0,
U01_00156,ORD00000748,2025-02-05,已完成,410.8,其他,食品,215.27,15,0.0,
U01_00156,ORD00000749,2025-07-11,已完成,191.66,抖音,服饰,133.12,5,0.0,
U01_00157,ORD00000750,2025-02-21,已完成,117.93,搜索引擎,服饰,67.5,10,0.0,
U01_00158,ORD00000751,2025-02-17,已完成,324.68,小红书,家居,144.18,15,0.0,
U01_00159,ORD00000752,2025-02-10,已支付,87.93,小红书,家居,49.35,15,0.0,
U01_00159,ORD00000753,2025-03-03,已支付,280.25,小红书,美妆,138.35,10,251.75,2025-04-19
U01_00159,ORD00000754,2025-04-27,已完成,398.37,抖音,食品,246.17,10,0.0,
U01_00159,ORD00000755,2025-06-25,已支付,342.93,抖音,服饰,150.01,10,0.0,
U01_00160,ORD00000756,2025-02-19,已支付,304.52,小红书,食品,203.51,10,0.0,
U01_00160,ORD00000757,2025-06-13,已支付,283.85,其他,数码,134.63,10,0.0,
U01_00160,ORD00000758,2025-08-23,已完成,241.56,搜索引擎,数码,126.48,0,0.0,
U01_00161,ORD00000759,2025-02-15,已支付,85.13,其他,家居,51.34,15,0.0,
U01_00162,ORD00000760,2025-02-24,已支付,487.97,小红书,服饰,315.79,5,0.0,
U01_00162,ORD00000761,2025-03-23,已完成,280.93,搜索引擎,美妆,156.97,5,0.0,
U01_00163,ORD00000762,2025-02-04,已完成,216.31,抖音,食品,105.32,10,0.0,
U01_00163,ORD00000763,2025-05-05,已完成,113.96,微信,数码,65.74,0,0.0,
U01_00163,ORD00000764,2025-07-18,已完成,206.89,其他,食品,136.78,15,0.0,
U01_00164,ORD00000765,2025-02-26,已完成,219.79,小红书,家居,142.94,10,0.0,
U01_00164,ORD00000766,2025-05-24,已完成,196.35,搜索引擎,数码,125.65,10,0.0,
U01_00164,ORD00000767,2025-07-22,已完成,450.52,抖音,家居,279.67,0,0.0,
U01_00165,ORD00000768,2025-02-10,已完成,302.47,小红书,家居,132.22,10,0.0,
U01_00165,ORD00000769,2025-08-22,已完成,471.28,小红书,数码,213.92,0,0.0,
U01_00166,ORD00000770,2025-02-27,已支付,449.45,微信,服饰,239.68,10,0.0,
U01_00166,ORD00000771,2025-06-01,已完成,436.84,抖音,美妆,216.33,10,0.0,
U01_00167,ORD00000772,2025-02-25,已支付,90.33,小红书,美妆,44.45,15,0.0,
U01_00167,ORD00000773,2025-03-01,已完成,370.99,小红书,服饰,181.57,0,0.0,
U01_00167,ORD00000774,2025-04-27,已支付,454.78,其他,数码,188.99,5,0.0,
U01_00167,ORD00000775,2025-07-02,已完成,193.25,抖音,服饰,109.37,0,0.0,
U01_00168,ORD00000776,2025-02-01,已完成,171.12,其他,数码,117.91,0,0.0,
U01_00168,ORD00000777,2025-04-21,已完成,275.19,其他,数码,174.71,5,0.0,
U01_00169,ORD00000778,2025-02-01,已完成,415.69,小红书,美妆,286.13,10,399.44,2025-02-28
U01_00170,ORD00000779,2025-02-17,已支付,176.59,抖音,食品,79.19,10,149.96,2025-03-07
U01_00171,ORD00000780,2025-02-22,已完成,475.43,小红书,食品,280.77,15,0.0,
U01_00171,ORD00000781,2025-05-23,已完成,110.18,抖音,美妆,74.56,10,0.0,
U01_00172,ORD00000782,2025-02-25,已支付,226.76,抖音,服饰,96.22,0,0.0,
U01_00172,ORD00000783,2025-03-27,已完成,219.37,抖音,美妆,127.32,15,0.0,
U01_00172,ORD00000784,2025-07-09,已完成,356.25,其他,食品,218.3,5,0.0,
U01_00173,ORD00000785,2025-02-16,已支付,485.28,其他,数码,199.47,15,481.46,2025-04-07
U01_00174,ORD00000786,2025-02-19,已完成,352.48,其他,数码,204.75,5,0.0,
U01_00174,ORD00000787,2025-03-30,已支付,306.46,微信,数码,143.54,10,0.0,
U01_00174,ORD00000788,2025-04-23,已完成,354.98,抖音,服饰,207.43,10,0.0,
U01_00174,ORD00000789,2025-06-11,已完成,244.65,其他,服饰,170.9,10,0.0,
U01_00174,ORD00000790,2025-08-24,已支付,151.05,搜索引擎,食品,73.01,15,90.22,2025-09-08
U01_00175,ORD00000791,2025-02-19,已支付,413.45,搜索引擎,美妆,288.21,5,0.0,
U01_00175,ORD00000792,2025-03-11,已完成,189.86,搜索引擎,服饰,111.6,0,0.0,
U01_00175,ORD00000793,2025-08-08,已支付,481.46,小红书,美妆,312.83,10,0.0,
U01_00176,ORD00000794,2025-02-20,已支付,247.34,抖音,美妆,106.03,15,0.0,
U01_00176,ORD00000795,2025-08-26,已完成,248.86,抖音,美妆,122.05,15,0.0,
U01_00177,ORD00000796,2025-02-10,已完成,432.47,小红书,家居,225.1,10,0.0,
U01_00177,ORD00000797,2025-08-21,已支付,471.91,微信,家居,299.61,15,0.0,
U01_00178,ORD00000798,2025-02-04,已完成,55.53,其他,数码,34.09,10,0.0,
U01_00178,ORD00000799,2025-03-14,已完成,266.63,小红书,美妆,156.31,5,174.86,2025-04-20
U01_00179,ORD00000800,2025-02-05,已完成,116.33,微信,美妆,57.3,10,0.0,
U01_00179,ORD00000801,2025-04-08,已完成,278.2,微信,数码,180.98,0,0.0,
U01_00179,ORD00000802,2025-07-07,已支付,350.54,微信,家居,213.28,15,0.0,
U01_00180,ORD00000803,2025-02-10,已完成,238.41,搜索引擎,数码,106.97,15,0.0,
U02_00001,ORD00000804,2025-03-27,已完成,199.18,小红书,美妆,123.89,5,0.0,
U02_00001,ORD00000805,2025-04-01,已完成,299.61,其他,食品,132.64,15,154.25,2025-04-23
U02_00001,ORD00000806,2025-05-08,已支付,448.42,小红书,数码,276.07,10,0.0,
U02_00001,ORD00000807,2025-06-09,已完成,459.79,抖音,食品,186.81,5,0.0,
U02_00002,ORD00000808,2025-03-22,已完成,127.11,抖音,美妆,70.94,10,0.0,
U02_00002,ORD00000809,2025-06-13,已支付,362.46,小红书,美妆,179.56,15,0.0,
U02_00003,ORD00000810,2025-03-05,已完成,197.46,其他,家居,82.14,10,0.0,
U02_00003,ORD00000811,2025-04-03,已完成,403.1,小红书,家居,256.9,10,0.0,
U02_00004,ORD00000812,2025-03-23,已完成,218.25,微信,家居,132.77,15,0.0,
U02_00004,ORD00000813,2025-06-08,已完成,452.7,小红书,食品,242.48,5,0.0,
U02_00004,ORD00000814,2025-08-27,已完成,218.35,微信,服饰,123.4,5,0.0,
U02_00005,ORD00000815,2025-03-02,已完成,259.36,搜索引擎,服饰,152.07,15,0.0,
U02_00005,ORD00000816,2025-07-08,已完成,169.53,其他,家居,71.67,0,0.0,
U02_00005,ORD00000817,2025-08-09,已完成,466.97,抖音,家居,200.57,0,0.0,
U02_00006,ORD00000818,2025-03-11,已完成,162.51,其他,数码,101.34,10,0.0,
U02_00006,ORD00000819,2025-07-10,已完成,176.83,其他,美妆,89.12,15,0.0,
U02_00007,ORD00000820,2025-03-05,已完成,439.46,小红书,家居,205.79,5,0.0,
U02_00007,ORD00000821,2025-08-28,已完成,134.53,搜索引擎,服饰,84.89,15,0.0,
U02_00007,ORD00000822,2025-09-05,已完成,309.88,微信,食品,135.88,0,0.0,
U02_00008,ORD00000823,2025-03-14,已完成,358.59,微信,家居,186.83,10,320.11,2025-04-01
U02_00008,ORD00000824,2025-04-11,已支付,305.69,搜索引擎,服饰,195.56,10,0.0,
U02_00008,ORD00000825,2025-07-04,已完成,197.98,小红书,美妆,136.33,10,0.0,
U02_00009,ORD00000826,2025-03-20,已完成,269.88,微信,数码,123.07,0,0.0,
U02_00009,ORD00000827,2025-05-02,已完成,215.89,搜索引擎,数码,87.07,10,0.0,
U02_00009,ORD00000828,2025-06-14,已完成,265.21,小红书,食品,111.55,5,0.0,
U02_00010,ORD00000829,2025-03-31,已完成,189.64,小红书,美妆,87.4,15,0.0,
U02_00011,ORD00000830,2025-03-16,已完成,257.09,搜索引擎,食品,147.27,0,0.0,
U02_00012,ORD00000831,2025-03-29,已支付,327.98,小红书,家居,173.71,15,278.56,2025-04-10
U02_00012,ORD00000832,2025-04-28,已完成,121.07,抖音,数码,80.48,10,0.0,
U02_00012,ORD00000833,2025-07-12,已完成,84.44,搜索引擎,数码,36.44,10,0.0,
U02_00013,ORD00000834,2025-03-03,已完成,337.49,微信,服饰,203.4,15,0.0,
U02_00013,ORD00000835,2025-05-04,已完成,369.09,搜索引擎,美妆,162.75,15,305.8,2025-06-28
U02_00013,ORD00000836,2025-07-27,已支付,175.61,抖音,数码,78.75,0,0.0,
U02_00014,ORD00000837,2025-03-03,已完成,352.13,搜索引擎,食品,142.04,10,0.0,
U02_00014,ORD00000838,2025-08-21,已完成,415.18,微信,服饰,245.91,0,208.56,2025-10-19
U02_00015,ORD00000839,2025-03-07,已完成,467.97,抖音,美妆,239.78,5,0.0,
U02_00015,ORD00000840,2025-06-22,已支付,78.43,小红书,数码,53.93,0,59.31,2025-07-22
U02_00016,ORD00000841,2025-03-30,已完成,293.77,小红书,美妆,200.26,0,0.0,
U02_00016,ORD00000842,2025-04-13,已完成,344.3,小红书,美妆,138.96,5,0.0,
U02_00016,ORD00000843,2025-05-20,已完成,216.04,微信,家居,90.78,5,0.0,
U02_00017,ORD00000844,2025-03-19,已完成,127.16,搜索引擎,数码,87.45,10,0.0,
U02_00018,ORD00000845,2025-03-20,已支付,460.45,小红书,家居,246.19,10,0.0,
U02_00018,ORD00000846,2025-05-20,已支付,391.52,搜索引擎,数码,171.18,5,0.0,
U02_00018,ORD00000847,2025-06-12,已完成,274.43,抖音,数码,126.4,15,0.0,
U02_00019,ORD00000848,2025-03-11,已支付,110.42,搜索引擎,食品,54.69,0,0.0,
U02_00019,ORD00000849,2025-04-24,已完成,199.07,小红书,数码,94.1,10,0.0,
U02_00019,ORD00000850,2025-08-28,已支付,271.24,小红书,数码,186.1,0,0.0,
U02_00020,ORD00000851,2025-03-18,已支付,424.05,抖音,服饰,288.16,5,0.0,
U02_00020,ORD00000852,2025-04-24,已完成,138.89,微信,食品,73.22,10,0.0,
U02_00020,ORD00000853,2025-06-28,已完成,401.58,搜索引擎,数码,170.27,10,0.0,
U02_00021,ORD00000854,2025-03-05,已完成,418.82,搜索引擎,美妆,267.24,0,0.0,
U02_00021,ORD00000855,2025-06-24,已完成,129.06,微信,服饰,66.35,10,0.0,
U02_00022,ORD00000856,2025-03-07,已支付,119.63,微信,服饰,54.66,0,0.0,
U02_00023,ORD00000857,2025-03-03,已完成,233.95,其他,数码,96.31,0,0.0,
U02_00023,ORD00000858,2025-05-30,已支付,388.21,微信,美妆,195.88,15,0.0,
U02_00023,ORD00000859,2025-09-27,已支付,212.64,小红书,食品,130.13,0,0.0,
U02_00024,ORD00000860,2025-03-31,已支付,356.48,小红书,美妆,169.79,10,0.0,
U02_00024,ORD00000861,2025-04-23,已完成,462.6,其他,数码,240.23,10,0.0,
U02_00024,ORD00000862,2025-05-14,已支付,163.79,搜索引擎,家居,80.37,10,0.0,
U02_00024,ORD00000863,2025-09-21,已完成,307.68,小红书,服饰,196.69,5,0.0,
U02_00025,ORD00000864,2025-03-01,已完成,494.16,抖音,服饰,318.69,0,0.0,
U02_00025,ORD00000865,2025-06-12,已完成,133.88,其他,美妆,58.95,15,0.0,
U02_00025,ORD00000866,2025-09-06,已完成,414.13,其他,美妆,189.49,15,0.0,
U02_00026,ORD00000867,2025-03-06,已完成,85.91,抖音,食品,36.57,0,53.04,2025-04-16
U02_00026,ORD00000868,2025-05-02,已完成,169.74,抖音,数码,116.54,10,0.0,
U02_00026,ORD00000869,2025-06-20,已完成,284.03,搜索引擎,食品,195.59,10,0.0,
U02_00027,ORD00000870,2025-03-11,已完成,417.58,其他,美妆,284.91,15,0.0,
U02_00027,ORD00000871,2025-06-28,已完成,364.24,其他,美妆,224.94,5,0.0,
U02_00028,ORD00000872,2025-03-12,已支付,253.36,搜索引擎,数码,153.5,15,207.51,2025-04-11
U02_00028,ORD00000873,2025-04-12,已支付,443.05,搜索引擎,数码,306.09,10,0.0,
U02_00028,ORD00000874,2025-07-14,已支付,472.59,抖音,服饰,322.52,15,0.0,
U02_00029,ORD00000875,2025-03-17,已完成,444.31,小红书,服饰,282.34,10,0.0,
U02_00029,ORD00000876,2025-04-22,已完成,498.34,搜索引擎,美妆,346.93,15,0.0,
U02_00029,ORD00000877,2025-07-31,已支付,346.89,抖音,数码,148.06,15,0.0,
U02_00030,ORD00000878,2025-03-09,已支付,149.17,抖音,数码,71.2,15,0.0,
U02_00031,ORD00000879,2025-03-30,已支付,320.31,搜索引擎,家居,190.01,15,0.0,
U02_00031,ORD00000880,2025-05-09,已完成,102.06,其他,数码,43.51,0,0.0,
U02_00031,ORD00000881,2025-06-12,已支付,107.34,抖音,食品,53.03,15,82.42,2025-07-16
U02_00032,ORD00000882,2025-03-22,已支付,470.27,小红书,美妆,205.93,10,0.0,
U02_00032,ORD00000883,2025-06-10,已完成,426.75,其他,食品,234.69,15,0.0,
U02_00033,ORD00000884,2025-03-20,已完成,194.06,其他,服饰,106.87,0,0.0,
U02_00033,ORD00000885,2025-04-10,已完成,366.86,小红书,数码,188.2,10,0.0,
U02_00033,ORD00000886,2025-05-28,已完成,399.22,小红书,美妆,262.3,15,0.0,
U02_00034,ORD00000887,2025-03-13,已支付,82.32,小红书,家居,50.88,10,0.0,
U02_00034,ORD00000888,2025-04-25,已支付,406.07,微信,服饰,267.91,0,0.0,
U02_00035,ORD00000889,2025-03-26,已完成,386.77,其他,美妆,240.03,0,0.0,
U02_00035,ORD00000890,2025-05-31,已完成,492.22,抖音,食品,297.22,5,0.0,
U02_00035,ORD00000891,2025-06-02,已支付,102.81,搜索引擎,数码,57.02,10,0.0,
U02_00035,ORD00000892,2025-08-08,已完成,228.49,搜索引擎,美妆,112.14,10,0.0,
U02_00036,ORD00000893,2025-03-21,已完成,221.95,抖音,美妆,130.88,15,0.0,
U02_00036,ORD00000894,2025-04-21,已支付,350.96,其他,家居,194.05,0,0.0,
U02_00036,ORD00000895,2025-06-19,已完成,131.49,其他,数码,71.7,15,69.92,2025-08-18
U02_00037,ORD00000896,2025-03-13,已完成,300.23,抖音,家居,168.41,10,0.0,
U02_00038,ORD00000897,2025-03-04,已完成,131.3,其他,服饰,76.12,5,0.0,
U02_00038,ORD00000898,2025-04-05,已支付,308.79,微信,美妆,183.97,0,173.65,2025-05-04
U02_00038,ORD00000899,2025-09-10,已支付,70.77,其他,服饰,48.39,10,0.0,
U02_00039,ORD00000900,2025-03-16,已支付,362.8,其他,家居,202.01,10,0.0,
U02_00039,ORD00000901,2025-04-27,已完成,70.13,小红书,数码,28.82,5,0.0,
U02_00039,ORD00000902,2025-05-12,已完成,174.83,其他,食品,108.17,15,0.0,
U02_00039,ORD00000903,2025-07-15,已支付,87.46,小红书,家居,41.65,15,0.0,
U02_00040,ORD00000904,2025-03-21,已支付,363.56,其他,家居,166.43,10,0.0,
U02_00041,ORD00000905,2025-03-09,已完成,106.08,抖音,食品,45.93,10,0.0,
U02_00041,ORD00000906,2025-04-11,已完成,400.13,抖音,美妆,177.62,5,0.0,
U02_00041,ORD00000907,2025-07-30,已支付,105.58,搜索引擎,美妆,58.91,10,0.0,
U02_00042,ORD00000908,2025-03-18,已完成,171.97,微信,服饰,73.9,0,0.0,
U02_00043,ORD00000909,2025-03-19,已支付,107.41,小红书,数码,43.27,10,0.0,
U02_00043,ORD00000910,2025-05-30,已支付,376.44,其他,服饰,260.63,5,0.0,
U02_00043,ORD00000911,2025-06-12,已完成,409.31,其他,数码,225.39,10,0.0,
U02_00044,ORD00000912,2025-03-11,已支付,430.36,小红书,美妆,254.09,0,0.0,
U02_00044,ORD00000913,2025-04-24,已完成,178.63,其他,数码,121.27,0,0.0,
U02_00045,ORD00000914,2025-03-20,已支付,135.58,搜索引擎,家居,88.05,0,0.0,
U02_00045,ORD00000915,2025-04-24,已支付,347.53,其他,美妆,234.98,10,0.0,
U02_00046,ORD00000916,2025-03-03,已完成,215.17,搜索引擎,服饰,94.67,10,0.0,
U02_00046,ORD00000917,2025-05-30,已完成,355.58,微信,服饰,230.96,0,0.0,
U02_00046,ORD00000918,2025-06-24,已支付,334.03,其他,美妆,173.06,10,0.0,
U02_00046,ORD00000919,2025-09-01,已完成,326.99,抖音,食品,163.03,10,0.0,
U02_00047,ORD00000920,2025-03-06,已完成,230.93,小红书,美妆,92.99,15,0.0,
U02_00047,ORD00000921,2025-07-25,已完成,345.49,微信,食品,161.63,15,0.0,
U02_00048,ORD00000922,2025-03-04,已完成,495.22,小红书,食品,295.59,15,0.0,
U02_00048,ORD00000923,2025-04-29,已完成,441.73,抖音,数码,202.99,5,0.0,
U02_00048,ORD00000924,2025-07-07,已完成,476.77,搜索引擎,服饰,327.97,10,0.0,
U02_00049,ORD00000925,2025-03-11,已支付,387.99,搜索引擎,数码,246.02,15,0.0,
U02_00049,ORD00000926,2025-04-01,已支付,106.76,小红书,美妆,53.73,0,0.0,
U02_00050,ORD00000927,2025-03-16,已完成,87.18,其他,数码,46.09,10,0.0,
U02_00051,ORD00000928,2025-03-23,已支付,402.22,小红书,数码,173.32,10,0.0,
U02_00051,ORD00000929,2025-06-05,已完成,230.58,搜索引擎,美妆,111.18,5,0.0,
U02_00051,ORD00000930,2025-07-02,已完成,221.16,微信,服饰,123.29,5,0.0,
U02_00052,ORD00000931,2025-03-10,已支付,99.52,搜索引擎,数码,50.66,10,0.0,
U02_00052,ORD00000932,2025-04-02,已完成,50.24,微信,服饰,30.05,10,0.0,
U02_00053,ORD00000933,2025-03-04,已完成,93.6,微信,食品,37.82,10,0.0,
U02_00053,ORD00000934,2025-04-25,已支付,315.01,微信,数码,183.15,5,0.0,
U02_00053,ORD00000935,2025-05-04,已完成,108.72,其他,数码,67.71,0,0.0,
U02_00053,ORD00000936,2025-07-31,已完成,295.96,其他,数码,148.83,15,176.35,2025-09-14
U02_00054,ORD00000937,2025-03-25,已完成,434.05,搜索引擎,美妆,291.7,10,0.0,
U02_00054,ORD00000938,2025-04-14,已完成,285.69,其他,食品,195.91,0,0.0,
U02_00054,ORD00000939,2025-05-02,已支付,480.11,搜索引擎,服饰,200.8,5,0.0,
U02_00054,ORD00000940,2025-08-25,已完成,279.18,其他,食品,158.78,15,0.0,
U02_00054,ORD00000941,2025-09-19,已完成,148.01,其他,家居,90.14,10,0.0,
U02_00055,ORD00000942,2025-03-28,已完成,149.15,小红书,数码,91.35,10,92.34,2025-04-09
U02_00055,ORD00000943,2025-07-28,已完成,405.78,其他,美妆,240.52,5,273.39,2025-09-14
U02_00056,ORD00000944,2025-03-31,已完成,367.46,其他,食品,207.53,5,0.0,
U02_00056,ORD00000945,2025-04-27,已完成,54.68,微信,美妆,27.7,10,0.0,
U02_00056,ORD00000946,2025-08-24,已支付,359.65,其他,家居,245.89,10,0.0,
U02_00057,ORD00000947,2025-03-11,已完成,170.96,搜索引擎,数码,98.22,15,0.0,
U02_00057,ORD00000948,2025-05-16,已完成,92.16,小红书,家居,41.88,5,0.0,
U02_00057,ORD00000949,2025-08-06,已完成,448.36,抖音,数码,289.3,10,279.16,2025-09-26
U02_00058,ORD00000950,2025-03-04,已支付,375.94,抖音,服饰,165.86,0,0.0,
U02_00058,ORD00000951,2025-04-01,已完成,393.55,小红书,美妆,233.51,0,0.0,
U02_00058,ORD00000952,2025-08-26,已支付,97.85,抖音,数码,60.75,10,0.0,
U02_00059,ORD00000953,2025-03-29,已完成,249.95,小红书,数码,112.21,10,211.46,2025-05-18
U02_00059,ORD00000954,2025-05-02,已完成,96.27,小红书,美妆,47.08,10,0.0,
U02_00059,ORD00000955,2025-06-14,已完成,223.42,搜索引擎,美妆,113.05,10,0.0,
U02_00060,ORD00000956,2025-03-10,已完成,210.79,抖音,美妆,123.25,0,0.0,
U02_00060,ORD00000957,2025-04-17,已完成,200.68,微信,家居,91.19,15,0.0,
U02_00060,ORD00000958,2025-06-30,已支付,274.66,抖音,美妆,140.28,10,0.0,
U02_00061,ORD00000959,2025-03-05,已完成,225.77,抖音,家居,139.17,15,0.0,
U02_00061,ORD00000960,2025-05-11,已完成,497.65,微信,服饰,226.21,15,0.0,
U02_00062,ORD00000961,2025-03-26,已完成,474.81,其他,服饰,321.2,15,0.0,
U02_00062,ORD00000962,2025-06-03,已支付,311.43,小红书,美妆,163.98,10,0.0,
U02_00062,ORD00000963,2025-07-28,已完成,57.72,抖音,食品,32.76,5,0.0,
U02_00063,ORD00000964,2025-03-05,已完成,182.61,小红书,数码,80.94,10,0.0,
U02_00063,ORD00000965,2025-04-05,已完成,102.76,抖音,服饰,62.55,5,0.0,
U02_00063,ORD00000966,2025-07-27,已完成,317.27,小红书,美妆,141.96,5,0.0,
U02_00063,ORD00000967,2025-08-27,已完成,416.17,小红书,家居,185.16,5,0.0,
U02_00064,ORD00000968,2025-03-14,已完成,375.15,抖音,数码,200.03,0,308.08,2025-05-01
U02_00064,ORD00000969,2025-06-27,已支付,240.63,微信,家居,164.7,15,0.0,
U02_00065,ORD00000970,2025-03-03,已支付,284.68,小红书,服饰,197.39,5,0.0,
U02_00065,ORD00000971,2025-04-06,已完成,420.13,搜索引擎,服饰,291.06,10,0.0,
U02_00065,ORD00000972,2025-07-26,已完成,217.17,抖音,美妆,114.51,10,0.0,
U02_00066,ORD00000973,2025-03-08,已完成,176.99,其他,美妆,99.55,0,0.0,
U02_00066,ORD00000974,2025-04-18,已完成,140.78,抖音,家居,95.56,5,0.0,
U02_00066,ORD00000975,2025-07-11,已完成,91.94,搜索引擎,家居,45.29,10,0.0,
U02_00067,ORD00000976,2025-03-05,已支付,366.2,其他,美妆,157.18,15,0.0,
U02_00067,ORD00000977,2025-05-26,已完成,221.95,小红书,数码,127.82,0,0.0,
U02_00067,ORD00000978,2025-06-21,已支付,91.98,小红书,数码,56.62,5,0.0,
U02_00068,ORD00000979,2025-03-17,已完成,468.6,微信,食品,235.44,5,0.0,
U02_00068,ORD00000980,2025-05-23,已支付,398.38,其他,美妆,205.68,5,0.0,
U02_00068,ORD00000981,2025-08-01,已完成,114.18,搜索引擎,美妆,75.49,10,0.0,
U02_00069,ORD00000982,2025-03-10,已完成,122.66,抖音,美妆,59.37,10,0.0,
U02_00069,ORD00000983,2025-05-16,已支付,490.32,小红书,美妆,308.38,15,0.0,
U02_00070,ORD00000984,2025-03-20,已支付,462.71,其他,食品,202.99,10,0.0,
U02_00071,ORD00000985,2025-03-21,已完成,75.68,小红书,美妆,48.22,10,0.0,
U02_00071,ORD00000986,2025-04-13,已支付,434.22,抖音,食品,202.74,15,0.0,
U02_00071,ORD00000987,2025-08-24,已完成,98.76,小红书,服饰,67.93,15,0.0,
U02_00072,ORD00000988,2025-03-20,已完成,268.83,微信,服饰,164.17,15,155.35,2025-04-29
U02_00072,ORD00000989,2025-04-07,已完成,194.08,抖音,食品,79.46,10,0.0,
U02_00072,ORD00000990,2025-06-07,已完成,440.61,微信,数码,302.17,15,235.56,2025-07-12
U02_00072,ORD00000991,2025-07-28,已完成,370.49,微信,数码,245.04,10,0.0,
U02_00072,ORD00000992,2025-08-29,已完成,242.84,小红书,食品,167.32,10,0.0,
U02_00073,ORD00000993,2025-03-18,已完成,359.97,其他,服饰,161.34,15,0.0,
U02_00073,ORD00000994,2025-06-24,已支付,350.58,微信,美妆,205.07,10,0.0,
U02_00073,ORD00000995,2025-08-28,已完成,192.38,其他,美妆,122.66,15,0.0,
U02_00074,ORD00000996,2025-03-28,已完成,106.57,抖音,数码,56.99,10,0.0,
U02_00074,ORD00000997,2025-04-23,已完成,295.74,微信,数码,133.03,15,0.0,
U02_00074,ORD00000998,2025-07-27,已支付,213.71,抖音,服饰,104.84,10,0.0,
U02_00075,ORD00000999,2025-03-12,已完成,422.68,小红书,服饰,223.07,10,0.0,
U02_00075,ORD00001000,2025-04-20,已支付,123.2,搜索引擎,食品,65.39,10,0.0,
U02_00075,ORD00001001,2025-07-03,已支付,412.67,搜索引擎,美妆,177.92,0,0.0,
U02_00076,ORD00001002,2025-03-04,已支付,335.09,微信,服饰,184.64,0,0.0,
U02_00076,ORD00001003,2025-06-28,已完成,261.31,搜索引擎,美妆,114.28,15,0.0,
U02_00077,ORD00001004,2025-03-22,已支付,169.02,小红书,美妆,110.12,15,0.0,
U02_00077,ORD00001005,2025-05-05,已支付,405.73,其他,食品,264.63,10,0.0,
U02_00078,ORD00001006,2025-03-07,已支付,327.32,搜索引擎,数码,169.55,0,0.0,
U02_00078,ORD00001007,2025-08-08,已完成,94.81,其他,服饰,60.71,10,0.0,
U02_00079,ORD00001008,2025-03-09,已完成,426.8,抖音,美妆,191.09,10,215.86,2025-05-07
U02_00079,ORD00001009,2025-05-23,已完成,294.65,抖音,数码,203.82,10,0.0,
U02_00080,ORD00001010,2025-03-08,已支付,183.62,搜索引擎,食品,102.94,5,0.0,
U02_00080,ORD00001011,2025-04-30,已完成,114.7,抖音,服饰,46.68,10,0.0,
U02_00080,ORD00001012,2025-05-05,已完成,177.11,搜索引擎,食品,118.38,0,0.0,
U02_00080,ORD00001013,2025-06-04,已完成,270.97,抖音,数码,110.17,0,0.0,
U02_00081,ORD00001014,2025-03-26,已支付,122.5,其他,家居,59.98,5,0.0,
U02_00081,ORD00001015,2025-04-11,已支付,497.18,其他,美妆,271.05,10,0.0,
U02_00081,ORD00001016,2025-07-01,已完成,291.18,微信,美妆,161.72,5,0.0,
U02_00081,ORD00001017,2025-08-05,已完成,148.89,微信,服饰,92.06,5,0.0,
U02_00081,ORD00001018,2025-09-23,已完成,298.17,其他,服饰,145.6,15,0.0,
U02_00082,ORD00001019,2025-03-09,已完成,127.83,抖音,家居,77.48,10,0.0,
U02_00082,ORD00001020,2025-05-07,已完成,479.19,其他,食品,261.81,15,0.0,
U02_00083,ORD00001021,2025-03-12,已完成,454.05,抖音,家居,293.23,15,0.0,
U02_00084,ORD00001022,2025-03-04,已完成,130.96,小红书,美妆,65.06,5,0.0,
U02_00084,ORD00001023,2025-05-11,已支付,105.04,微信,数码,52.06,0,0.0,
U02_00085,ORD00001024,2025-03-20,已完成,145.48,其他,美妆,67.68,10,0.0,
U02_00085,ORD00001025,2025-09-16,已完成,274.39,抖音,服饰,191.27,15,0.0,
U02_00086,ORD00001026,2025-03-11,已完成,316.03,抖音,家居,148.83,0,0.0,
U02_00086,ORD00001027,2025-05-27,已支付,485.08,抖音,食品,199.42,10,0.0,
U02_00086,ORD00001028,2025-06-04,已完成,423.43,微信,食品,222.1,10,0.0,
U02_00087,ORD00001029,2025-03-13,已支付,184.3,抖音,食品,128.12,15,0.0,
U02_00087,ORD00001030,2025-04-08,已完成,71.53,搜索引擎,数码,28.84,0,0.0,
U02_00087,ORD00001031,2025-05-29,已完成,415.53,抖音,食品,267.95,10,0.0,
U02_00087,ORD00001032,2025-06-02,已支付,476.22,其他,服饰,201.21,10,0.0,
U02_00087,ORD00001033,2025-07-05,已完成,312.55,其他,服饰,136.26,10,0.0,
U02_00088,ORD00001034,2025-03-08,已完成,310.05,搜索引擎,数码,185.53,10,273.81,2025-05-02
U02_00088,ORD00001035,2025-04-18,已支付,425.99,抖音,美妆,201.37,5,0.0,
U02_00088,ORD00001036,2025-05-01,已完成,351.72,搜索引擎,美妆,190.09,15,0.0,
U02_00089,ORD00001037,2025-03-31,已支付,190.32,抖音,数码,102.05,5,0.0,
U02_00089,ORD00001038,2025-04-15,已完成,440.54,抖音,食品,244.08,15,0.0,
U02_00089,ORD00001039,2025-08-15,已完成,444.29,搜索引擎,数码,277.02,5,0.0,
U02_00090,ORD00001040,2025-03-17,已完成,253.69,微信,服饰,121.69,10,0.0,
U02_00090,ORD00001041,2025-09-13,已完成,379.4,搜索引擎,数码,199.86,10,0.0,
U02_00091,ORD00001042,2025-03-17,已支付,323.35,抖音,数码,179.65,0,0.0,
U02_00091,ORD00001043,2025-04-02,已完成,452.78,其他,美妆,259.25,5,0.0,
U02_00092,ORD00001044,2025-03-27,已完成,445.79,小红书,食品,214.19,5,0.0,
U02_00092,ORD00001045,2025-05-01,已完成,92.41,微信,数码,50.92,10,0.0,
U02_00092,ORD00001046,2025-07-11,已支付,454.94,搜索引擎,服饰,201.33,0,0.0,
U02_00093,ORD00001047,2025-03-03,已支付,126.83,微信,服饰,79.66,0,0.0,
U02_00093,ORD00001048,2025-05-04,已完成,70.33,其他,家居,28.5,10,0.0,
U02_00093,ORD00001049,2025-06-04,已完成,95.0,搜索引擎,食品,60.91,10,0.0,
U02_00094,ORD00001050,2025-03-01,已支付,422.49,其他,服饰,207.16,10,0.0,
U02_00094,ORD00001051,2025-06-14,已完成,435.32,搜索引擎,美妆,260.24,5,0.0,
U02_00095,ORD00001052,2025-03-24,已支付,90.17,抖音,食品,60.97,15,0.0,
U02_00096,ORD00001053,2025-03-22,已完成,206.98,微信,食品,103.36,10,0.0,
U02_00096,ORD00001054,2025-07-26,已完成,254.76,抖音,美妆,175.9,10,0.0,
U02_00097,ORD00001055,2025-03-05,已支付,285.43,小红书,食品,138.99,10,0.0,
U02_00097,ORD00001056,2025-04-10,已支付,57.02,抖音,美妆,23.51,10,0.0,
U02_00097,ORD00001057,2025-05-12,已完成,347.11,微信,食品,138.91,10,0.0,
U02_00098,ORD00001058,2025-03-23,已完成,171.8,其他,美妆,120.05,5,0.0,
U02_00098,ORD00001059,2025-04-30,已完成,209.58,搜索引擎,美妆,134.87,15,0.0,
U02_00098,ORD00001060,2025-07-14,已完成,355.52,小红书,食品,176.6,10,0.0,
U02_00099,ORD00001061,2025-03-03,已支付,183.8,小红书,服饰,124.64,15,0.0,
U02_00099,ORD00001062,2025-05-17,已完成,248.86,微信,服饰,122.93,10,0.0,
U02_00099,ORD00001063,2025-09-25,已完成,239.41,小红书,家居,150.05,10,0.0,
U02_00100,ORD00001064,2025-03-05,已完成,329.4,搜索引擎,数码,220.69,10,0.0,
U02_00100,ORD00001065,2025-04-26,已完成,393.35,抖音,食品,218.47,0,0.0,
U02_00100,ORD00001066,2025-07-10,已完成,304.45,其他,家居,184.86,0,0.0,
U02_00100,ORD00001067,2025-08-07,已完成,282.32,小红书,数码,160.53,15,0.0,
U02_00101,ORD00001068,2025-03-30,已完成,52.9,抖音,美妆,28.86,5,0.0,
U02_00101,ORD00001069,2025-07-01,已完成,424.73,微信,服饰,226.44,0,0.0,
U02_00102,ORD00001070,2025-03-28,已支付,296.02,其他,美妆,191.38,15,0.0,
U02_00102,ORD00001071,2025-05-27,已支付,385.07,其他,数码,181.83,10,0.0,
U02_00103,ORD00001072,2025-03-22,已完成,173.83,搜索引擎,服饰,89.65,0,0.0,
U02_00103,ORD00001073,2025-04-04,已完成,303.89,其他,服饰,122.56,10,289.77,2025-04-22
U02_00104,ORD00001074,2025-03-28,已完成,437.46,其他,美妆,202.65,10,0.0,
U02_00104,ORD00001075,2025-04-21,已完成,373.64,微信,服饰,187.49,5,343.62,2025-05-31
U02_00105,ORD00001076,2025-03-25,已支付,346.51,其他,食品,165.55,10,0.0,
U02_00105,ORD00001077,2025-05-01,已支付,433.41,抖音,服饰,194.06,0,0.0,
U02_00106,ORD00001078,2025-03-24,已支付,408.02,搜索引擎,服饰,176.11,5,0.0,
U02_00106,ORD00001079,2025-04-09,已完成,101.51,微信,家居,66.39,0,0.0,
U02_00106,ORD00001080,2025-05-06,已完成,194.52,其他,家居,118.58,15,0.0,
U02_00107,ORD00001081,2025-03-06,已完成,245.33,其他,美妆,137.03,5,0.0,
U02_00107,ORD00001082,2025-05-26,已支付,113.25,其他,美妆,45.48,15,0.0,
U02_00108,ORD00001083,2025-03-07,已支付,424.58,微信,食品,242.48,15,0.0,
U02_00108,ORD00001084,2025-05-03,已支付,247.5,抖音,数码,145.44,0,0.0,
U02_00108,ORD00001085,2025-07-08,已完成,73.17,微信,食品,41.13,0,0.0,
U02_00109,ORD00001086,2025-03-06,已完成,485.65,其他,家居,205.15,10,0.0,
U02_00109,ORD00001087,2025-05-23,已支付,451.31,抖音,美妆,259.43,10,0.0,
U02_00110,ORD00001088,2025-03-18,已完成,417.54,搜索引擎,美妆,208.3,0,0.0,
U02_00110,ORD00001089,2025-09-14,已支付,319.17,搜索引擎,数码,186.31,0,0.0,
U02_00111,ORD00001090,2025-03-02,已支付,96.83,微信,服饰,53.16,5,0.0,
U02_00111,ORD00001091,2025-06-30,已支付,74.91,其他,服饰,47.35,5,0.0,
U02_00111,ORD00001092,2025-09-25,已支付,219.75,小红书,美妆,96.16,15,0.0,
U02_00112,ORD00001093,2025-03-29,已完成,327.04,微信,服饰,219.47,10,0.0,
U02_00112,ORD00001094,2025-04-03,已支付,314.88,抖音,美妆,147.41,10,0.0,
U02_00112,ORD00001095,2025-05-02,已完成,84.48,抖音,食品,37.0,5,0.0,
U02_00113,ORD00001096,2025-03-16,已完成,345.91,其他,数码,206.5,0,0.0,
U02_00114,ORD00001097,2025-03-25,已支付,298.13,微信,食品,196.97,5,0.0,
U02_00114,ORD00001098,2025-05-29,已完成,234.88,抖音,数码,160.93,15,0.0,
U02_00115,ORD00001099,2025-03-04,已完成,217.58,小红书,服饰,140.32,5,0.0,
U02_00115,ORD00001100,2025-05-16,已完成,426.35,微信,美妆,205.11,10,395.35,2025-06-19
U02_00115,ORD00001101,2025-09-07,已完成,220.7,微信,美妆,131.97,10,0.0,
U02_00116,ORD00001102,2025-03-12,已完成,471.75,其他,数码,317.5,10,0.0,
U02_00116,ORD00001103,2025-04-27,已完成,329.69,其他,服饰,217.5,0,0.0,
U02_00117,ORD00001104,2025-03-24,已完成,305.74,搜索引擎,数码,169.89,5,0.0,
U02_00117,ORD00001105,2025-04-26,已支付,357.17,微信,食品,172.27,5,0.0,
U02_00117,ORD00001106,2025-05-09,已完成,212.76,抖音,食品,127.18,10,0.0,
U02_00118,ORD00001107,2025-03-15,已完成,53.99,其他,数码,22.2,10,0.0,
U02_00118,ORD00001108,2025-05-29,已完成,324.65,小红书,食品,160.44,0,0.0,
U02_00118,ORD00001109,2025-08-21,已完成,128.52,抖音,美妆,85.0,0,0.0,
U02_00119,ORD00001110,2025-03-15,已完成,310.95,微信,食品,128.29,5,286.84,2025-04-16
U02_00119,ORD00001111,2025-05-08,已完成,207.38,其他,美妆,87.77,15,0.0,
U02_00120,ORD00001112,2025-03-21,已完成,241.91,其他,食品,117.31,0,0.0,
U02_00121,ORD00001113,2025-03-02,已完成,180.89,抖音,家居,80.5,10,0.0,
U02_00121,ORD00001114,2025-04-23,已支付,401.39,微信,数码,221.75,10,0.0,
U02_00121,ORD00001115,2025-07-25,已完成,499.02,其他,家居,211.35,0,0.0,
U02_00122,ORD00001116,2025-03-18,已完成,379.87,其他,服饰,248.54,10,0.0,
U02_00122,ORD00001117,2025-06-19,已完成,181.88,小红书,服饰,86.07,5,0.0,
U02_00123,ORD00001118,2025-03-31,已支付,446.1,其他,美妆,226.87,10,0.0,
U02_00124,ORD00001119,2025-03-05,已支付,466.57,其他,数码,220.91,15,0.0,
U02_00124,ORD00001120,2025-06-14,已完成,239.46,小红书,数码,166.42,10,0.0,
U02_00124,ORD00001121,2025-07-04,已支付,238.38,抖音,数码,150.1,15,0.0,
U02_00124,ORD00001122,2025-09-06,已完成,495.47,搜索引擎,食品,217.86,10,0.0,
U02_00125,ORD00001123,2025-03-23,已完成,300.62,微信,家居,184.46,0,0.0,
U02_00125,ORD00001124,2025-04-24,已完成,70.36,搜索引擎,服饰,43.74,10,0.0,
U02_00126,ORD00001125,2025-03-19,已完成,462.35,抖音,家居,314.85,0,0.0,
U02_00126,ORD00001126,2025-07-24,已完成,314.64,微信,服饰,215.03,0,0.0,
U02_00127,ORD00001127,2025-03-19,已完成,278.7,搜索引擎,食品,189.07,10,0.0,
U02_00127,ORD00001128,2025-05-31,已完成,380.58,其他,食品,265.17,5,0.0,
U02_00127,ORD00001129,2025-07-10,已完成,124.52,小红书,数码,60.56,15,0.0,
U02_00128,ORD00001130,2025-03-25,已完成,97.75,抖音,数码,45.89,10,0.0,
U02_00128,ORD00001131,2025-05-20,已支付,456.14,小红书,美妆,313.8,10,0.0,
U02_00129,ORD00001132,2025-03-14,已完成,379.44,抖音,美妆,211.07,15,0.0,
U02_00129,ORD00001133,2025-05-28,已完成,111.57,抖音,数码,53.95,0,0.0,
U02_00130,ORD00001134,2025-03-17,已完成,352.44,搜索引擎,美妆,148.81,10,0.0,
U02_00130,ORD00001135,2025-09-21,已完成,332.28,小红书,数码,157.43,10,0.0,
U02_00131,ORD00001136,2025-03-05,已完成,268.03,小红书,数码,122.26,15,0.0,
U02_00131,ORD00001137,2025-04-17,已完成,435.72,抖音,服饰,272.25,0,0.0,
U02_00131,ORD00001138,2025-05-06,已完成,67.47,其他,数码,40.91,10,0.0,
U02_00132,ORD00001139,2025-03-08,已支付,443.77,搜索引擎,家居,266.44,15,0.0,
U02_00132,ORD00001140,2025-05-04,已完成,483.31,搜索引擎,食品,323.36,10,0.0,
U02_00132,ORD00001141,2025-07-31,已支付,193.51,小红书,服饰,84.0,15,0.0,
U02_00133,ORD00001142,2025-03-22,已完成,155.69,搜索引擎,美妆,75.86,10,0.0,
U02_00133,ORD00001143,2025-04-22,已完成,192.93,搜索引擎,食品,99.82,15,0.0,
U02_00133,ORD00001144,2025-05-24,已完成,148.53,搜索引擎,服饰,87.76,0,0.0,
U02_00133,ORD00001145,2025-09-20,已完成,324.84,抖音,服饰,142.53,10,276.88,2025-10-22
U02_00134,ORD00001146,2025-03-25,已支付,394.71,小红书,食品,165.4,0,0.0,
U02_00135,ORD00001147,2025-03-12,已完成,199.18,抖音,美妆,92.56,5,0.0,
U02_00135,ORD00001148,2025-07-10,已完成,185.66,微信,美妆,87.07,5,0.0,
U02_00136,ORD00001149,2025-03-27,已完成,383.24,抖音,家居,184.34,0,0.0,
U02_00136,ORD00001150,2025-06-27,已支付,293.76,其他,服饰,198.49,0,0.0,
U02_00137,ORD00001151,2025-03-17,已完成,384.57,抖音,食品,188.69,15,0.0,
U02_00138,ORD00001152,2025-03-10,已完成,458.45,抖音,服饰,256.71,5,0.0,
U02_00138,ORD00001153,2025-09-25,已完成,154.45,微信,食品,78.92,10,0.0,
U02_00139,ORD00001154,2025-03-21,已完成,489.12,搜索引擎,家居,209.65,5,0.0,
U02_00139,ORD00001155,2025-04-20,已完成,427.13,抖音,服饰,237.92,10,0.0,
U02_00139,ORD00001156,2025-07-11,已完成,360.05,小红书,家居,208.69,0,0.0,
U02_00140,ORD00001157,2025-03-21,已支付,156.08,其他,美妆,84.04,15,0.0,
U02_00140,ORD00001158,2025-05-05,已完成,390.6,小红书,服饰,175.23,0,0.0,
U02_00140,ORD00001159,2025-06-29,已完成,240.88,小红书,家居,108.69,10,0.0,
U02_00140,ORD00001160,2025-07-04,已支付,245.97,微信,家居,120.1,10,0.0,
U02_00141,ORD00001161,2025-03-10,已支付,285.46,微信,家居,131.69,10,0.0,
U02_00141,ORD00001162,2025-05-11,已完成,467.19,其他,服饰,287.81,5,330.84,2025-05-30
U02_00141,ORD00001163,2025-08-23,已完成,134.45,微信,美妆,81.77,10,98.73,2025-09-12
U02_00141,ORD00001164,2025-09-21,已完成,301.62,微信,食品,141.1,0,0.0,
U02_00142,ORD00001165,2025-03-28,已支付,241.77,搜索引擎,食品,149.61,10,0.0,
U02_00142,ORD00001166,2025-05-19,已完成,118.59,微信,家居,73.43,10,0.0,
U02_00143,ORD00001167,2025-03-25,已支付,434.03,搜索引擎,数码,252.36,10,0.0,
U02_00143,ORD00001168,2025-06-26,已完成,326.72,微信,美妆,144.74,15,0.0,
U02_00143,ORD00001169,2025-07-17,已完成,413.26,微信,家居,218.04,15,0.0,
U02_00144,ORD00001170,2025-03-25,已支付,223.49,微信,家居,121.21,10,179.39,2025-04-17
U02_00145,ORD00001171,2025-03-16,已支付,362.79,搜索引擎,食品,172.38,0,0.0,
U02_00146,ORD00001172,2025-03-29,已完成,499.06,小红书,美妆,340.27,15,0.0,
U02_00146,ORD00001173,2025-04-07,已完成,52.53,微信,家居,25.9,0,0.0,
U02_00146,ORD00001174,2025-06-09,已完成,338.75,抖音,家居,175.98,10,0.0,
U02_00147,ORD00001175,2025-03-21,已完成,254.52,抖音,食品,115.08,10,241.06,2025-04-09
U02_00147,ORD00001176,2025-05-28,已完成,109.24,搜索引擎,美妆,57.45,0,0.0,
U02_00148,ORD00001177,2025-03-24,已支付,57.5,小红书,家居,37.44,10,0.0,
U02_00148,ORD00001178,2025-05-22,已完成,231.43,小红书,家居,150.73,0,0.0,
U02_00148,ORD00001179,2025-07-02,已完成,173.99,小红书,美妆,79.97,10,0.0,
U02_00148,ORD00001180,2025-09-15,已完成,305.68,抖音,美妆,186.12,10,0.0,
U02_00149,ORD00001181,2025-03-06,已支付,378.3,抖音,数码,172.39,10,0.0,
U02_00149,ORD00001182,2025-04-12,已完成,257.16,小红书,数码,170.54,5,0.0,
U02_00150,ORD00001183,2025-03-27,已完成,134.71,微信,服饰,89.59,5,0.0,
U02_00151,ORD00001184,2025-03-27,已完成,126.71,小红书,家居,86.78,10,0.0,
U02_00152,ORD00001185,2025-03-31,已完成,276.69,其他,数码,179.56,10,0.0,
U02_00152,ORD00001186,2025-05-04,已完成,282.66,搜索引擎,家居,166.58,15,0.0,
U02_00153,ORD00001187,2025-03-04,已完成,333.26,搜索引擎,服饰,220.22,0,0.0,
U02_00153,ORD00001188,2025-05-30,已完成,211.1,抖音,服饰,94.75,10,0.0,
U02_00154,ORD00001189,2025-03-27,已完成,159.61,搜索引擎,服饰,98.48,10,0.0,
U02_00155,ORD00001190,2025-03-25,已完成,171.21,小红书,家居,98.15,10,0.0,
U02_00155,ORD00001191,2025-04-20,已支付,484.36,小红书,数码,330.75,5,0.0,
U02_00155,ORD00001192,2025-06-03,已完成,189.17,搜索引擎,数码,119.13,10,0.0,
U02_00156,ORD00001193,2025-03-10,已完成,86.17,抖音,数码,40.57,5,0.0,
U02_00156,ORD00001194,2025-06-06,已支付,205.12,小红书,服饰,111.02,15,0.0,
U02_00157,ORD00001195,2025-03-04,已完成,224.41,微信,食品,111.2,5,0.0,
U02_00157,ORD00001196,2025-07-16,已完成,351.44,其他,数码,242.87,0,0.0,
U02_00158,ORD00001197,2025-03-27,已完成,50.72,小红书,数码,29.4,15,0.0,
U02_00158,ORD00001198,2025-04-10,已完成,245.93,小红书,食品,123.43,5,0.0,
U02_00159,ORD00001199,2025-03-13,已完成,357.05,微信,美妆,232.18,15,0.0,
U02_00159,ORD00001200,2025-06-05,已完成,308.61,搜索引擎,服饰,158.99,15,0.0,
U02_00159,ORD00001201,2025-07-14,已完成,166.39,其他,食品,98.21,10,0.0,
U02_00160,ORD00001202,2025-03-12,已支付,100.25,搜索引擎,美妆,45.48,15,0.0,
U02_00160,ORD00001203,2025-04-30,已支付,368.4,搜索引擎,服饰,175.86,10,236.09,2025-05-17
U02_00160,ORD00001204,2025-07-20,已支付,358.87,微信,美妆,170.71,10,0.0,
U02_00161,ORD00001205,2025-03-01,已支付,251.05,抖音,食品,122.84,0,0.0,
U02_00161,ORD00001206,2025-06-18,已完成,92.56,微信,食品,57.21,15,0.0,
U02_00162,ORD00001207,2025-03-27,已完成,469.52,抖音,美妆,303.38,10,0.0,
U02_00162,ORD00001208,2025-04-20,已完成,489.58,其他,美妆,289.51,0,0.0,
U02_00163,ORD00001209,2025-03-24,已完成,343.8,小红书,家居,228.58,15,0.0,
U02_00163,ORD00001210,2025-04-17,已完成,292.62,其他,服饰,186.73,0,0.0,
U02_00164,ORD00001211,2025-03-02,已完成,322.08,抖音,服饰,216.74,10,0.0,
U02_00165,ORD00001212,2025-03-04,已完成,149.6,抖音,家居,60.65,10,0.0,
U02_00166,ORD00001213,2025-03-30,已完成,300.95,搜索引擎,数码,151.34,10,0.0,
U02_00166,ORD00001214,2025-05-23,已完成,126.51,其他,美妆,65.41,15,0.0,
U02_00167,ORD00001215,2025-03-12,已支付,186.81,搜索引擎,美妆,116.8,15,0.0,
U02_00168,ORD00001216,2025-03-10,已完成,300.4,其他,数码,164.39,5,0.0,
U02_00168,ORD00001217,2025-05-13,已完成,148.24,小红书,数码,103.42,10,0.0,
U02_00169,ORD00001218,2025-03-07,已完成,238.18,抖音,食品,138.09,10,0.0,
U02_00169,ORD00001219,2025-05-13,已完成,272.67,小红书,服饰,147.02,15,0.0,
U02_00170,ORD00001220,2025-03-30,已完成,94.25,搜索引擎,数码,54.1,15,0.0,
U02_00170,ORD00001221,2025-05-20,已支付,276.51,搜索引擎,美妆,117.28,10,0.0,
U02_00170,ORD00001222,2025-09-12,已支付,60.22,其他,数码,34.95,15,0.0,
U02_00171,ORD00001223,2025-03-06,已完成,256.0,搜索引擎,数码,157.93,5,0.0,
U02_00171,ORD00001224,2025-04-29,已完成,63.9,其他,服饰,36.63,15,0.0,
U02_00171,ORD00001225,2025-08-20,已完成,427.04,搜索引擎,美妆,282.54,5,220.42,2025-10-12
U02_00172,ORD00001226,2025-03-17,已完成,497.99,微信,家居,328.0,0,0.0,
U02_00172,ORD00001227,2025-07-16,已支付,422.49,抖音,食品,176.57,15,0.0,
U02_00173,ORD00001228,2025-03-15,已完成,242.86,其他,美妆,106.18,5,0.0,
U02_00173,ORD00001229,2025-06-08,已完成,408.0,抖音,服饰,188.91,0,0.0,
U02_00174,ORD00001230,2025-03-10,已支付,360.14,微信,家居,179.78,15,0.0,
U02_00174,ORD00001231,2025-04-05,已完成,116.61,其他,食品,56.73,5,0.0,
U02_00175,ORD00001232,2025-03-22,已完成,182.7,其他,食品,113.84,5,0.0,
U02_00175,ORD00001233,2025-04-08,已完成,62.6,其他,美妆,29.02,10,0.0,
U02_00176,ORD00001234,2025-03-06,已支付,487.58,微信,家居,289.21,10,0.0,
U02_00176,ORD00001235,2025-06-17,已完成,266.92,抖音,食品,145.52,15,0.0,
U02_00176,ORD00001236,2025-08-20,已完成,400.11,搜索引擎,服饰,254.78,5,0.0,
U02_00177,ORD00001237,2025-03-01,已完成,427.99,小红书,食品,279.79,10,0.0,
U02_00177,ORD00001238,2025-05-11,已支付,278.34,其他,美妆,134.0,10,0.0,
U02_00177,ORD00001239,2025-06-19,已支付,285.33,小红书,数码,135.08,5,0.0,
U02_00177,ORD00001240,2025-08-20,已支付,169.59,抖音,数码,81.95,5,0.0,
U02_00177,ORD00001241,2025-09-08,已完成,159.77,抖音,家居,100.42,15,0.0,
U02_00178,ORD00001242,2025-03-02,已完成,193.49,抖音,服饰,114.19,5,115.84,2025-04-15
U02_00178,ORD00001243,2025-07-14,已支付,437.51,小红书,家居,189.64,15,0.0,
U02_00179,ORD00001244,2025-03-01,已完成,163.29,小红书,食品,85.26,10,0.0,
U02_00180,ORD00001245,2025-03-18,已完成,276.38,搜索引擎,美妆,162.45,0,0.0,
U02_00180,ORD00001246,2025-06-03,已完成,392.2,微信,家居,236.06,0,0.0,
U02_00180,ORD00001247,2025-07-04,已完成,393.28,微信,家居,182.47,10,0.0,
U02_00181,ORD00001248,2025-03-07,已完成,306.95,搜索引擎,数码,137.02,5,0.0,
U02_00181,ORD00001249,2025-05-31,已完成,282.41,微信,数码,153.1,10,0.0,
U02_00182,ORD00001250,2025-03-11,已完成,377.02,微信,服饰,244.6,10,0.0,
U02_00182,ORD00001251,2025-05-31,已支付,231.84,小红书,服饰,160.11,10,0.0,
U02_00182,ORD00001252,2025-06-23,已完成,141.0,微信,美妆,84.4,10,0.0,
U02_00183,ORD00001253,2025-03-07,已完成,408.86,抖音,美妆,239.29,15,0.0,
U02_00183,ORD00001254,2025-04-16,已支付,473.67,搜索引擎,服饰,273.73,0,0.0,
U02_00183,ORD00001255,2025-07-02,已完成,337.83,微信,美妆,163.11,10,0.0,
U02_00183,ORD00001256,2025-09-25,已支付,379.6,微信,家居,245.71,5,0.0,
U02_00184,ORD00001257,2025-03-03,已支付,247.22,微信,家居,123.2,10,0.0,
U02_00184,ORD00001258,2025-04-01,已完成,113.21,搜索引擎,数码,71.43,10,0.0,
U02_00185,ORD00001259,2025-03-09,已完成,321.63,搜索引擎,服饰,218.65,5,0.0,
U02_00185,ORD00001260,2025-05-17,已完成,77.13,其他,服饰,53.75,10,0.0,
U02_00186,ORD00001261,2025-03-10,已支付,308.67,抖音,家居,182.21,0,0.0,
U02_00186,ORD00001262,2025-07-30,已完成,260.8,搜索引擎,食品,155.19,5,0.0,
U02_00187,ORD00001263,2025-03-05,已完成,342.7,搜索引擎,家居,144.59,10,0.0,
U02_00188,ORD00001264,2025-03-13,已完成,58.49,微信,数码,27.35,15,0.0,
U02_00189,ORD00001265,2025-03-29,已完成,446.14,小红书,数码,294.53,5,0.0,
U02_00189,ORD00001266,2025-04-18,已支付,320.86,微信,美妆,209.65,5,0.0,
U02_00189,ORD00001267,2025-06-07,已完成,140.77,小红书,食品,63.2,10,132.16,2025-07-15
U02_00189,ORD00001268,2025-07-31,已完成,218.8,抖音,服饰,116.66,5,0.0,
U02_00190,ORD00001269,2025-03-19,已支付,416.52,其他,家居,178.21,5,0.0,
U02_00190,ORD00001270,2025-05-16,已完成,383.29,小红书,数码,194.53,10,0.0,
U02_00190,ORD00001271,2025-09-15,已完成,57.27,抖音,食品,29.44,15,0.0,
U02_00191,ORD00001272,2025-03-10,已完成,426.44,抖音,服饰,226.12,10,0.0,
U02_00191,ORD00001273,2025-04-09,已完成,378.33,小红书,数码,253.18,0,0.0,
U02_00191,ORD00001274,2025-05-05,已完成,113.1,其他,数码,61.18,0,0.0,
U02_00192,ORD00001275,2025-03-06,已支付,128.59,小红书,食品,71.44,5,0.0,
U02_00192,ORD00001276,2025-04-06,已支付,63.49,微信,食品,29.28,15,0.0,
U02_00192,ORD00001277,2025-05-01,已支付,199.21,小红书,服饰,132.8,0,137.16,2025-06-18
U02_00192,ORD00001278,2025-07-04,已完成,56.72,抖音,美妆,37.95,0,0.0,
U02_00193,ORD00001279,2025-03-29,已支付,291.53,抖音,食品,128.37,10,0.0,
U02_00193,ORD00001280,2025-05-11,已支付,345.37,抖音,服饰,176.03,10,0.0,
U02_00193,ORD00001281,2025-08-17,已支付,108.41,抖音,美妆,74.01,5,0.0,
U02_00194,ORD00001282,2025-03-20,已支付,97.35,微信,食品,45.55,5,0.0,
U02_00195,ORD00001283,2025-03-11,已支付,239.91,抖音,服饰,143.55,10,0.0,
U02_00195,ORD00001284,2025-06-21,已完成,65.35,微信,美妆,41.72,5,0.0,
U02_00196,ORD00001285,2025-03-27,已完成,486.85,其他,食品,253.99,5,0.0,
U02_00196,ORD00001286,2025-04-09,已完成,344.96,小红书,食品,191.23,10,0.0,
U02_00196,ORD00001287,2025-08-28,已完成,204.07,搜索引擎,美妆,113.41,0,0.0,
U02_00196,ORD00001288,2025-09-08,已支付,488.79,微信,数码,317.24,0,0.0,
U02_00197,ORD00001289,2025-03-10,已支付,253.65,小红书,服饰,143.56,0,0.0,
U02_00197,ORD00001290,2025-06-22,已支付,149.84,其他,数码,60.69,10,0.0,
U02_00197,ORD00001291,2025-08-18,已完成,213.2,微信,数码,100.02,10,0.0,
U02_00198,ORD00001292,2025-03-21,已支付,436.52,其他,服饰,204.24,5,0.0,
U02_00198,ORD00001293,2025-04-13,已完成,183.42,搜索引擎,食品,122.94,15,0.0,
U02_00198,ORD00001294,2025-06-09,已支付,368.75,其他,家居,221.41,5,0.0,
U02_00198,ORD00001295,2025-07-14,已完成,113.14,搜索引擎,数码,61.58,5,0.0,
U02_00199,ORD00001296,2025-03-27,已完成,207.68,搜索引擎,美妆,97.17,10,0.0,
U02_00199,ORD00001297,2025-06-05,已支付,352.51,抖音,家居,221.44,0,0.0,
U02_00199,ORD00001298,2025-07-21,已完成,319.3,抖音,家居,149.96,15,0.0,
U02_00199,ORD00001299,2025-09-25,已完成,459.73,搜索引擎,食品,230.97,10,0.0,
U02_00200,ORD00001300,2025-03-15,已完成,241.66,小红书,家居,108.88,15,0.0,
U02_00201,ORD00001301,2025-03-27,已支付,365.72,抖音,食品,193.74,0,0.0,
U02_00202,ORD00001302,2025-03-12,已完成,87.39,其他,服饰,37.61,15,0.0,
U02_00202,ORD00001303,2025-05-25,已支付,421.82,搜索引擎,家居,230.46,10,0.0,
U02_00203,ORD00001304,2025-03-26,已完成,339.2,小红书,食品,145.71,0,0.0,
U02_00203,ORD00001305,2025-08-21,已支付,404.66,抖音,服饰,265.32,10,0.0,
U02_00204,ORD00001306,2025-03-25,已支付,244.31,小红书,美妆,164.28,5,0.0,
U02_00204,ORD00001307,2025-04-10,已完成,464.3,微信,食品,297.42,15,0.0,
U02_00205,ORD00001308,2025-03-21,已支付,168.43,其他,食品,107.47,5,0.0,
U02_00205,ORD00001309,2025-06-16,已支付,435.49,小红书,食品,217.8,10,0.0,
U02_00205,ORD00001310,2025-07-24,已完成,90.69,小红书,服饰,47.32,10,0.0,
U02_00206,ORD00001311,2025-03-11,已完成,412.65,微信,美妆,275.95,5,0.0,
U02_00207,ORD00001312,2025-03-13,已完成,328.31,其他,服饰,138.8,0,0.0,
U02_00207,ORD00001313,2025-04-11,已完成,289.77,微信,家居,150.4,15,0.0,
U02_00207,ORD00001314,2025-05-08,已完成,249.14,微信,美妆,102.7,10,0.0,
U02_00208,ORD00001315,2025-03-21,已完成,415.19,抖音,家居,184.18,10,0.0,
U02_00208,ORD00001316,2025-07-06,已完成,431.56,微信,食品,247.83,10,0.0,
U02_00209,ORD00001317,2025-03-29,已完成,466.48,抖音,数码,219.44,10,0.0,
U02_00209,ORD00001318,2025-08-30,已支付,402.9,微信,美妆,222.5,15,0.0,
U02_00210,ORD00001319,2025-03-24,已完成,206.75,搜索引擎,食品,126.25,10,0.0,
U02_00210,ORD00001320,2025-04-20,已完成,247.04,抖音,家居,142.62,0,0.0,
U02_00210,ORD00001321,2025-09-12,已完成,79.44,抖音,家居,48.91,10,0.0,
U03_00001,ORD00001322,2025-04-23,已完成,393.96,搜索引擎,食品,173.35,15,0.0,
U03_00002,ORD00001323,2025-04-18,已支付,491.08,抖音,食品,282.89,0,0.0,
U03_00002,ORD00001324,2025-06-03,已完成,288.4,其他,数码,178.55,5,0.0,
U03_00002,ORD00001325,2025-07-30,已完成,272.74,搜索引擎,家居,118.87,0,0.0,
U03_00003,ORD00001326,2025-04-16,已完成,112.33,微信,数码,56.5,0,0.0,
U03_00003,ORD00001327,2025-07-13,已完成,140.27,搜索引擎,美妆,70.89,0,0.0,
U03_00003,ORD00001328,2025-08-20,已完成,77.41,小红书,美妆,43.9,10,0.0,
U03_00003,ORD00001329,2025-10-13,已支付,187.82,微信,美妆,120.21,10,0.0,
U03_00004,ORD00001330,2025-04-07,已完成,336.42,微信,美妆,184.85,10,0.0,
U03_00005,ORD00001331,2025-04-06,已完成,278.3,其他,美妆,179.31,15,0.0,
U03_00005,ORD00001332,2025-07-30,已支付,190.25,小红书,家居,92.73,10,0.0,
U03_00006,ORD00001333,2025-04-20,已完成,464.0,搜索引擎,美妆,316.14,10,0.0,
U03_00006,ORD00001334,2025-05-08,已完成,214.56,搜索引擎,美妆,101.24,15,0.0,
U03_00007,ORD00001335,2025-04-27,已支付,316.01,微信,家居,206.78,0,0.0,
U03_00007,ORD00001336,2025-10-25,已完成,139.12,搜索引擎,服饰,95.06,15,71.22,2025-11-10
U03_00008,ORD00001337,2025-04-11,已完成,302.56,微信,美妆,176.36,10,0.0,
U03_00008,ORD00001338,2025-05-31,已支付,90.13,小红书,食品,60.17,10,0.0,
U03_00008,ORD00001339,2025-07-10,已完成,223.21,搜索引擎,家居,112.84,10,0.0,
U03_00008,ORD00001340,2025-08-12,已完成,356.51,搜索引擎,数码,147.39,5,0.0,
U03_00008,ORD00001341,2025-10-07,已完成,272.87,抖音,服饰,155.9,10,0.0,
U03_00009,ORD00001342,2025-04-23,已支付,102.35,微信,数码,49.86,5,0.0,
U03_00009,ORD00001343,2025-08-05,已完成,319.44,其他,食品,187.36,10,0.0,
U03_00010,ORD00001344,2025-04-09,已完成,234.14,微信,数码,94.37,15,0.0,
U03_00011,ORD00001345,2025-04-22,已完成,360.27,小红书,服饰,151.73,0,276.86,2025-05-12
U03_00011,ORD00001346,2025-06-22,已支付,371.76,微信,食品,226.22,10,0.0,
U03_00012,ORD00001347,2025-04-07,已完成,477.59,小红书,家居,270.52,15,0.0,
U03_00012,ORD00001348,2025-06-08,已支付,67.11,抖音,数码,34.66,0,0.0,
U03_00013,ORD00001349,2025-04-22,已完成,470.13,微信,美妆,296.2,5,0.0,
U03_00014,ORD00001350,2025-04-21,已支付,75.39,抖音,数码,38.75,10,0.0,
U03_00014,ORD00001351,2025-05-22,已完成,374.53,小红书,家居,152.66,15,0.0,
U03_00014,ORD00001352,2025-07-31,已完成,192.9,其他,家居,83.6,0,165.94,2025-09-25
U03_00014,ORD00001353,2025-10-04,已支付,357.94,抖音,服饰,143.81,0,0.0,
U03_00015,ORD00001354,2025-04-04,已支付,435.65,其他,美妆,273.87,0,397.31,2025-05-14
U03_00016,ORD00001355,2025-04-22,已完成,270.75,小红书,服饰,128.61,15,0.0,
U03_00016,ORD00001356,2025-05-05,已完成,179.09,小红书,食品,110.91,15,0.0,
U03_00016,ORD00001357,2025-08-14,已完成,369.81,小红书,食品,208.0,5,0.0,
U03_00017,ORD00001358,2025-04-15,已完成,380.05,微信,食品,202.63,15,0.0,
U03_00017,ORD00001359,2025-07-07,已完成,370.67,搜索引擎,家居,211.47,10,0.0,
U03_00018,ORD00001360,2025-04-13,已完成,113.6,其他,服饰,49.14,15,69.14,2025-05-28
U03_00018,ORD00001361,2025-10-07,已支付,223.69,其他,数码,134.24,10,0.0,
U03_00019,ORD00001362,2025-04-19,已完成,401.84,搜索引擎,数码,184.58,15,0.0,
U03_00019,ORD00001363,2025-05-30,已支付,269.01,抖音,美妆,156.86,10,0.0,
U03_00019,ORD00001364,2025-06-01,已完成,464.08,微信,食品,306.68,10,0.0,
U03_00019,ORD00001365,2025-07-07,已完成,188.4,其他,服饰,79.09,10,0.0,
U03_00019,ORD00001366,2025-10-18,已完成,121.92,抖音,家居,80.98,5,0.0,
U03_00020,ORD00001367,2025-04-14,已支付,121.23,微信,数码,68.58,15,0.0,
U03_00020,ORD00001368,2025-06-15,已完成,93.68,搜索引擎,服饰,38.58,15,0.0,
U03_00020,ORD00001369,2025-07-23,已支付,494.5,其他,数码,251.56,15,0.0,
U03_00020,ORD00001370,2025-08-16,已完成,475.97,微信,美妆,271.32,10,0.0,
U03_00021,ORD00001371,2025-04-30,已支付,117.27,微信,食品,81.84,5,0.0,
U03_00021,ORD00001372,2025-06-20,已支付,492.61,搜索引擎,数码,270.16,10,0.0,
U03_00022,ORD00001373,2025-04-01,已支付,270.32,小红书,食品,181.59,0,0.0,
U03_00023,ORD00001374,2025-04-11,已完成,298.07,其他,美妆,130.91,10,0.0,
U03_00023,ORD00001375,2025-05-16,已支付,221.01,搜索引擎,食品,90.79,10,0.0,
U03_00023,ORD00001376,2025-10-12,已完成,373.6,微信,美妆,211.35,15,0.0,
U03_00024,ORD00001377,2025-04-30,已支付,352.31,抖音,美妆,226.06,10,0.0,
U03_00024,ORD00001378,2025-06-03,已完成,129.7,抖音,美妆,54.41,10,65.72,2025-07-04
U03_00024,ORD00001379,2025-09-21,已支付,484.54,抖音,家居,334.69,10,0.0,
U03_00025,ORD00001380,2025-04-07,已完成,463.1,抖音,美妆,313.97,5,0.0,
U03_00025,ORD00001381,2025-06-23,已完成,85.74,搜索引擎,数码,42.54,10,0.0,
U03_00026,ORD00001382,2025-04-19,已支付,439.25,抖音,美妆,183.77,5,0.0,
U03_00026,ORD00001383,2025-05-05,已支付,445.18,抖音,美妆,254.92,5,0.0,
U03_00027,ORD00001384,2025-04-10,已完成,320.7,搜索引擎,食品,177.03,10,0.0,
U03_00028,ORD00001385,2025-04-03,已支付,77.73,搜索引擎,美妆,42.61,0,0.0,
U03_00029,ORD00001386,2025-04-30,已支付,212.67,微信,食品,128.52,0,0.0,
U03_00030,ORD00001387,2025-04-07,已完成,152.65,搜索引擎,服饰,68.87,10,0.0,
U03_00031,ORD00001388,2025-04-24,已完成,387.75,微信,服饰,203.91,0,0.0,
U03_00031,ORD00001389,2025-07-26,已支付,417.83,小红书,数码,280.62,5,290.66,2025-08-14
U03_00032,ORD00001390,2025-04-06,已完成,186.58,小红书,数码,128.1,10,0.0,
U03_00032,ORD00001391,2025-08-22,已完成,76.89,搜索引擎,家居,52.93,0,0.0,
U03_00033,ORD00001392,2025-04-26,已支付,147.38,小红书,食品,80.64,10,0.0,
U03_00033,ORD00001393,2025-07-05,已支付,288.34,小红书,食品,144.84,10,0.0,
U03_00033,ORD00001394,2025-09-12,已支付,237.65,小红书,食品,109.99,10,0.0,
U03_00034,ORD00001395,2025-04-16,已完成,404.06,小红书,数码,228.9,10,0.0,
U03_00035,ORD00001396,2025-04-08,已完成,269.86,其他,美妆,145.97,0,0.0,
U03_00035,ORD00001397,2025-05-11,已支付,86.59,微信,美妆,47.39,10,0.0,
U03_00035,ORD00001398,2025-09-28,已支付,399.99,抖音,食品,216.84,5,0.0,
U03_00036,ORD00001399,2025-04-18,已完成,115.75,微信,家居,55.77,10,0.0,
U03_00036,ORD00001400,2025-05-26,已支付,340.63,抖音,食品,234.12,10,0.0,
U03_00036,ORD00001401,2025-07-26,已完成,276.86,抖音,食品,131.36,15,0.0,
U03_00036,ORD00001402,2025-08-01,已完成,62.97,微信,服饰,37.35,15,0.0,
U03_00037,ORD00001403,2025-04-13,已完成,299.87,微信,服饰,173.37,10,0.0,
U03_00037,ORD00001404,2025-07-05,已完成,195.26,其他,服饰,79.1,0,0.0,
U03_00038,ORD00001405,2025-04-21,已完成,245.42,其他,美妆,122.01,5,0.0,
U03_00038,ORD00001406,2025-05-25,已支付,305.84,小红书,服饰,203.38,0,163.3,2025-06-13
U03_00038,ORD00001407,2025-06-06,已完成,473.06,微信,美妆,222.58,10,0.0,
U03_00039,ORD00001408,2025-04-21,已完成,405.38,小红书,服饰,246.62,10,0.0,
U03_00039,ORD00001409,2025-07-02,已支付,340.14,小红书,服饰,192.96,0,207.32,2025-07-26
U03_00039,ORD00001410,2025-10-11,已完成,195.33,其他,食品,122.43,15,0.0,
U03_00040,ORD00001411,2025-04-22,已完成,371.63,小红书,家居,194.91,0,228.46,2025-06-02
U03_00040,ORD00001412,2025-05-23,已完成,86.28,搜索引擎,数码,57.33,10,0.0,
U03_00040,ORD00001413,2025-06-21,已完成,384.91,其他,服饰,186.46,10,0.0,
U03_00040,ORD00001414,2025-07-20,已完成,165.33,抖音,食品,75.84,10,0.0,
U03_00041,ORD00001415,2025-04-25,已完成,232.56,抖音,数码,105.92,0,0.0,
U03_00042,ORD00001416,2025-04-12,已支付,258.7,微信,数码,153.76,5,0.0,
U03_00042,ORD00001417,2025-05-07,已完成,423.31,搜索引擎,食品,278.58,5,0.0,
U03_00043,ORD00001418,2025-04-26,已完成,494.05,其他,美妆,324.69,5,0.0,
U03_00044,ORD00001419,2025-04-13,已完成,377.94,微信,数码,260.16,0,0.0,
U03_00045,ORD00001420,2025-04-02,已完成,454.33,小红书,美妆,222.9,10,0.0,
U03_00045,ORD00001421,2025-07-30,已完成,469.42,小红书,服饰,212.35,0,0.0,
U03_00046,ORD00001422,2025-04-23,已完成,303.45,抖音,服饰,127.14,5,0.0,
U03_00046,ORD00001423,2025-05-16,已完成,244.62,其他,美妆,132.02,5,0.0,
U03_00047,ORD00001424,2025-04-09,已完成,60.99,搜索引擎,美妆,29.37,5,0.0,
U03_00047,ORD00001425,2025-05-19,已完成,425.93,抖音,食品,226.0,15,0.0,
U03_00047,ORD00001426,2025-09-22,已完成,455.82,微信,食品,281.63,10,0.0,
U03_00048,ORD00001427,2025-04-12,已完成,260.37,搜索引擎,家居,131.29,10,0.0,
U03_00048,ORD00001428,2025-06-09,已支付,448.15,搜索引擎,服饰,224.0,10,0.0,
U03_00048,ORD00001429,2025-08-02,已支付,204.55,微信,家居,138.17,5,0.0,
U03_00049,ORD00001430,2025-04-19,已支付,112.78,搜索引擎,美妆,72.73,5,0.0,
U03_00050,ORD00001431,2025-04-18,已支付,349.09,微信,服饰,156.88,5,0.0,
U03_00051,ORD00001432,2025-04-19,已完成,208.01,搜索引擎,数码,108.66,0,0.0,
U03_00051,ORD00001433,2025-06-01,已完成,451.93,小红书,美妆,312.19,0,0.0,
U03_00052,ORD00001434,2025-04-21,已完成,93.46,抖音,食品,60.22,0,0.0,
U03_00052,ORD00001435,2025-05-25,已完成,356.22,搜索引擎,食品,149.65,15,0.0,
U03_00052,ORD00001436,2025-06-20,已完成,185.1,搜索引擎,家居,95.57,5,0.0,
U03_00052,ORD00001437,2025-09-16,已完成,489.66,微信,服饰,269.31,10,0.0,
U03_00053,ORD00001438,2025-04-18,已支付,396.4,微信,服饰,208.83,10,0.0,
U03_00053,ORD00001439,2025-08-09,已完成,294.68,搜索引擎,食品,125.21,0,0.0,
U03_00053,ORD00001440,2025-10-10,已完成,298.68,其他,服饰,182.56,15,251.46,2025-11-26
U03_00054,ORD00001441,2025-04-28,已完成,353.86,抖音,家居,144.54,10,0.0,
U03_00054,ORD00001442,2025-05-19,已完成,224.68,其他,美妆,152.22,0,0.0,
U03_00054,ORD00001443,2025-09-10,已完成,320.5,小红书,服饰,169.23,5,0.0,
U03_00054,ORD00001444,2025-10-25,已完成,385.04,抖音,食品,229.55,5,0.0,
U03_00055,ORD00001445,2025-04-11,已完成,439.5,搜索引擎,美妆,252.74,15,0.0,
U03_00055,ORD00001446,2025-05-24,已完成,490.46,搜索引擎,食品,285.23,0,0.0,
U03_00056,ORD00001447,2025-04-14,已支付,263.15,搜索引擎,美妆,127.28,10,166.15,2025-06-05
U03_00056,ORD00001448,2025-05-13,已完成,278.2,抖音,数码,131.58,5,165.08,2025-06-04
U03_00056,ORD00001449,2025-10-26,已支付,345.32,抖音,数码,198.43,0,0.0,
U03_00057,ORD00001450,2025-04-10,已完成,109.95,抖音,家居,67.12,0,0.0,
U03_00057,ORD00001451,2025-05-22,已完成,169.65,微信,数码,94.86,10,0.0,
U03_00057,ORD00001452,2025-07-16,已完成,265.22,其他,家居,123.12,5,0.0,
U03_00057,ORD00001453,2025-08-22,已完成,107.13,其他,美妆,59.24,0,0.0,
U03_00058,ORD00001454,2025-04-27,已完成,331.53,抖音,服饰,225.87,10,218.89,2025-06-01
U03_00058,ORD00001455,2025-05-22,已支付,376.92,小红书,数码,193.02,15,0.0,
U03_00059,ORD00001456,2025-04-08,已完成,319.54,其他,美妆,155.39,0,0.0,
U03_00059,ORD00001457,2025-09-09,已完成,226.97,其他,家居,122.42,10,0.0,
U03_00060,ORD00001458,2025-04-16,已支付,280.15,其他,家居,144.51,10,0.0,
U03_00060,ORD00001459,2025-06-11,已支付,90.94,其他,家居,49.74,10,0.0,
U03_00061,ORD00001460,2025-04-17,已完成,152.53,其他,数码,103.42,10,0.0,
U03_00061,ORD00001461,2025-05-27,已完成,200.75,其他,服饰,121.02,10,0.0,
U03_00061,ORD00001462,2025-06-20,已完成,450.75,微信,家居,199.13,10,0.0,
U03_00061,ORD00001463,2025-07-15,已支付,311.79,小红书,数码,140.94,10,0.0,
U03_00062,ORD00001464,2025-04-26,已支付,273.63,微信,家居,129.62,15,0.0,
U03_00062,ORD00001465,2025-05-09,已支付,322.69,搜索引擎,美妆,153.52,15,292.36,2025-06-04
U03_00063,ORD00001466,2025-04-19,已支付,239.22,搜索引擎,家居,114.76,15,0.0,
U03_00063,ORD00001467,2025-07-04,已完成,212.6,抖音,食品,136.15,0,0.0,
U03_00063,ORD00001468,2025-09-04,已完成,466.59,其他,美妆,282.76,5,312.06,2025-10-23
U03_00064,ORD00001469,2025-04-10,已支付,243.41,其他,食品,114.19,10,0.0,
U03_00064,ORD00001470,2025-05-08,已完成,118.27,小红书,服饰,66.95,10,0.0,
U03_00064,ORD00001471,2025-08-24,已完成,326.36,抖音,数码,225.91,15,0.0,
U03_00065,ORD00001472,2025-04-06,已完成,451.35,抖音,数码,304.79,10,0.0,
U03_00066,ORD00001473,2025-04-14,已支付,370.59,搜索引擎,美妆,197.43,15,0.0,
U03_00066,ORD00001474,2025-05-29,已完成,352.99,微信,美妆,187.44,10,0.0,
U03_00067,ORD00001475,2025-04-20,已完成,426.62,小红书,数码,258.1,5,0.0,
U03_00067,ORD00001476,2025-06-10,已完成,454.3,其他,数码,233.43,15,0.0,
U03_00067,ORD00001477,2025-07-23,已完成,410.05,搜索引擎,美妆,211.86,10,0.0,
U03_00067,ORD00001478,2025-10-09,已完成,206.7,小红书,数码,99.37,10,0.0,
U03_00068,ORD00001479,2025-04-19,已完成,340.25,搜索引擎,食品,197.25,5,209.01,2025-06-13
U03_00068,ORD00001480,2025-06-23,已完成,298.77,搜索引擎,数码,141.95,10,0.0,
U03_00069,ORD00001481,2025-04-10,已支付,124.98,抖音,家居,52.5,0,0.0,
U03_00069,ORD00001482,2025-08-18,已完成,261.61,抖音,数码,137.86,5,0.0,
U03_00069,ORD00001483,2025-09-25,已支付,95.68,抖音,服饰,61.73,5,0.0,
U03_00070,ORD00001484,2025-04-06,已完成,118.72,微信,数码,80.69,5,0.0,
U03_00070,ORD00001485,2025-06-17,已完成,452.68,搜索引擎,数码,234.55,5,0.0,
U03_00070,ORD00001486,2025-07-20,已完成,425.43,小红书,服饰,243.41,10,0.0,
U03_00070,ORD00001487,2025-08-08,已完成,122.94,搜索引擎,数码,71.53,0,89.79,2025-09-18
U03_00071,ORD00001488,2025-04-18,已支付,376.81,其他,食品,251.2,15,0.0,
U03_00072,ORD00001489,2025-04-28,已完成,274.88,其他,食品,176.32,5,0.0,
U03_00072,ORD00001490,2025-05-29,已完成,235.59,微信,服饰,120.81,10,0.0,
U03_00072,ORD00001491,2025-06-14,已支付,398.78,小红书,食品,249.28,15,0.0,
U03_00072,ORD00001492,2025-07-29,已完成,152.18,搜索引擎,服饰,80.92,15,0.0,
U03_00072,ORD00001493,2025-09-02,已完成,160.41,微信,美妆,71.17,0,0.0,
U03_00073,ORD00001494,2025-04-29,已完成,344.04,微信,家居,182.35,10,0.0,
U03_00073,ORD00001495,2025-05-28,已完成,431.23,微信,家居,181.26,10,0.0,
U03_00073,ORD00001496,2025-07-23,已完成,302.72,其他,食品,126.53,10,212.42,2025-09-10
U03_00074,ORD00001497,2025-04-02,已完成,410.55,搜索引擎,家居,236.35,15,365.25,2025-05-28
U03_00074,ORD00001498,2025-08-27,已支付,220.07,微信,数码,131.64,15,0.0,
U03_00074,ORD00001499,2025-10-13,已完成,174.09,抖音,数码,81.14,0,0.0,
U03_00075,ORD00001500,2025-04-19,已完成,137.15,其他,家居,87.75,5,0.0,
U03_00075,ORD00001501,2025-06-03,已完成,123.53,小红书,服饰,50.8,15,0.0,
U03_00075,ORD00001502,2025-07-22,已完成,272.07,其他,食品,115.36,15,0.0,
U03_00076,ORD00001503,2025-04-29,已支付,455.6,小红书,家居,283.67,10,0.0,
U03_00076,ORD00001504,2025-05-20,已完成,400.23,搜索引擎,食品,189.54,0,0.0,
U03_00077,ORD00001505,2025-04-10,已支付,410.75,小红书,数码,196.05,5,0.0,
U03_00077,ORD00001506,2025-05-29,已支付,118.97,微信,服饰,51.11,10,0.0,
U03_00077,ORD00001507,2025-08-06,已完成,330.38,抖音,服饰,226.16,0,0.0,
U03_00078,ORD00001508,2025-04-01,已完成,200.2,搜索引擎,服饰,102.33,10,0.0,
U03_00078,ORD00001509,2025-06-14,已完成,432.25,微信,数码,210.05,10,0.0,
U03_00078,ORD00001510,2025-09-03,已完成,408.29,搜索引擎,美妆,164.36,10,0.0,
U03_00079,ORD00001511,2025-04-23,已完成,341.59,小红书,美妆,238.28,0,0.0,
U03_00080,ORD00001512,2025-04-02,已完成,124.35,其他,美妆,61.3,0,0.0,
U03_00080,ORD00001513,2025-07-06,已完成,453.68,微信,家居,293.65,15,0.0,
U03_00080,ORD00001514,2025-09-20,已完成,178.0,小红书,家居,74.67,10,142.98,2025-11-13
U03_00081,ORD00001515,2025-04-13,已完成,433.47,微信,家居,259.87,15,0.0,
U03_00082,ORD00001516,2025-04-22,已支付,196.97,小红书,美妆,93.01,5,156.36,2025-05-09
U03_00082,ORD00001517,2025-05-15,已完成,106.75,微信,家居,65.85,10,0.0,
U03_00083,ORD00001518,2025-04-24,已完成,314.45,抖音,食品,214.21,5,0.0,
U03_00083,ORD00001519,2025-05-03,已完成,72.01,小红书,服饰,46.97,10,0.0,
U03_00084,ORD00001520,2025-04-24,已支付,485.01,小红书,美妆,255.46,10,0.0,
U03_00084,ORD00001521,2025-05-09,已完成,237.11,抖音,数码,129.48,10,0.0,
U03_00085,ORD00001522,2025-04-25,已支付,54.15,微信,食品,27.52,10,40.15,2025-06-06
U03_00085,ORD00001523,2025-05-05,已完成,199.63,其他,服饰,119.3,10,0.0,
U03_00086,ORD00001524,2025-04-26,已支付,67.74,微信,家居,46.69,10,0.0,
U03_00086,ORD00001525,2025-06-01,已完成,233.3,搜索引擎,服饰,137.21,0,0.0,
U03_00087,ORD00001526,2025-04-15,已完成,169.12,其他,食品,112.88,0,0.0,
U03_00087,ORD00001527,2025-05-08,已完成,68.24,搜索引擎,美妆,46.79,15,0.0,
U03_00088,ORD00001528,2025-04-14,已支付,57.35,抖音,服饰,37.88,10,0.0,
U03_00088,ORD00001529,2025-05-22,已完成,298.56,其他,食品,189.26,5,0.0,
U03_00088,ORD00001530,2025-07-14,已完成,85.85,抖音,数码,51.0,15,0.0,
U03_00088,ORD00001531,2025-09-10,已完成,352.31,小红书,食品,184.85,15,340.29,2025-10-09
U03_00089,ORD00001532,2025-04-23,已完成,296.91,抖音,数码,124.87,5,262.82,2025-06-20
U03_00089,ORD00001533,2025-07-15,已完成,201.89,其他,美妆,111.07,10,0.0,
U03_00090,ORD00001534,2025-04-03,已支付,208.96,微信,美妆,107.9,5,0.0,
U03_00090,ORD00001535,2025-09-11,已完成,122.15,搜索引擎,食品,78.73,10,113.2,2025-11-10
U03_00091,ORD00001536,2025-04-04,已完成,413.27,小红书,数码,261.5,15,0.0,
U03_00092,ORD00001537,2025-04-30,已完成,460.8,微信,食品,252.66,15,0.0,
U03_00092,ORD00001538,2025-05-15,已支付,134.64,微信,食品,76.92,0,0.0,
U03_00092,ORD00001539,2025-09-27,已支付,93.19,小红书,服饰,51.83,0,0.0,
U03_00093,ORD00001540,2025-04-24,已支付,392.71,微信,数码,171.19,0,0.0,
U03_00093,ORD00001541,2025-06-28,已支付,97.96,微信,服饰,66.78,5,0.0,
U03_00094,ORD00001542,2025-04-12,已完成,83.8,抖音,美妆,41.27,10,0.0,
U03_00094,ORD00001543,2025-05-23,已支付,91.88,其他,美妆,40.54,10,0.0,
U03_00094,ORD00001544,2025-06-09,已完成,395.6,其他,数码,196.02,0,0.0,
U03_00094,ORD00001545,2025-07-02,已支付,174.43,抖音,家居,113.81,10,0.0,
U03_00095,ORD00001546,2025-04-22,已完成,183.9,搜索引擎,美妆,122.96,0,0.0,
U03_00095,ORD00001547,2025-05-02,已完成,111.6,抖音,服饰,47.8,10,100.97,2025-06-06
U03_00096,ORD00001548,2025-04-03,已支付,200.33,抖音,美妆,91.26,10,0.0,
U03_00096,ORD00001549,2025-06-24,已完成,480.78,搜索引擎,美妆,316.9,10,0.0,
U03_00097,ORD00001550,2025-04-16,已支付,296.4,搜索引擎,数码,123.84,5,0.0,
U03_00097,ORD00001551,2025-05-05,已完成,232.03,微信,数码,133.93,10,0.0,
U03_00097,ORD00001552,2025-10-04,已支付,232.5,小红书,家居,106.33,10,0.0,
U03_00098,ORD00001553,2025-04-21,已完成,311.09,抖音,数码,214.7,5,0.0,
U03_00098,ORD00001554,2025-08-07,已支付,174.45,小红书,美妆,75.67,0,0.0,
U03_00098,ORD00001555,2025-09-04,已支付,203.61,抖音,食品,108.75,5,0.0,
U03_00099,ORD00001556,2025-04-22,已支付,283.49,小红书,数码,136.79,5,0.0,
U03_00099,ORD00001557,2025-05-22,已完成,436.15,微信,服饰,261.12,15,218.74,2025-06-30
U03_00099,ORD00001558,2025-06-26,已支付,450.02,微信,数码,188.05,15,0.0,
U03_00099,ORD00001559,2025-08-09,已支付,129.68,抖音,家居,81.79,15,0.0,
U03_00100,ORD00001560,2025-04-07,已完成,359.79,微信,数码,173.67,15,0.0,
U03_00100,ORD00001561,2025-06-25,已支付,155.49,其他,数码,84.86,5,0.0,
U03_00101,ORD00001562,2025-04-22,已完成,282.42,抖音,家居,139.25,15,0.0,
U03_00101,ORD00001563,2025-05-29,已支付,177.27,其他,家居,113.97,10,0.0,
U03_00101,ORD00001564,2025-08-31,已完成,58.81,其他,食品,37.08,10,35.09,2025-09-16
U03_00102,ORD00001565,2025-04-14,已完成,163.03,搜索引擎,家居,104.56,10,0.0,
U03_00102,ORD00001566,2025-05-13,已完成,262.33,抖音,食品,120.38,5,0.0,
U03_00103,ORD00001567,2025-04-23,已完成,84.32,搜索引擎,美妆,48.02,5,0.0,
U03_00103,ORD00001568,2025-07-22,已完成,495.4,小红书,数码,279.69,5,0.0,
U03_00103,ORD00001569,2025-08-01,已支付,463.19,其他,服饰,242.13,10,0.0,
U03_00103,ORD00001570,2025-09-30,已支付,156.52,其他,数码,68.19,10,132.18,2025-11-13
U03_00104,ORD00001571,2025-04-25,已完成,363.14,搜索引擎,食品,145.95,15,0.0,
U03_00104,ORD00001572,2025-06-19,已完成,174.95,搜索引擎,家居,92.4,10,0.0,
U03_00104,ORD00001573,2025-07-04,已完成,491.32,小红书,数码,280.79,10,0.0,
U03_00104,ORD00001574,2025-08-06,已完成,138.14,搜索引擎,美妆,63.92,5,0.0,
U03_00104,ORD00001575,2025-10-04,已支付,376.58,微信,服饰,232.43,10,0.0,
U03_00105,ORD00001576,2025-04-03,已完成,425.13,小红书,食品,190.34,15,249.78,2025-05-09
U03_00105,ORD00001577,2025-05-25,已完成,120.89,搜索引擎,数码,51.01,15,0.0,
U03_00105,ORD00001578,2025-06-23,已支付,284.12,其他,食品,160.95,10,0.0,
U03_00105,ORD00001579,2025-07-20,已完成,289.78,小红书,家居,165.23,15,0.0,
U03_00106,ORD00001580,2025-04-30,已完成,380.04,搜索引擎,食品,240.01,0,0.0,
U03_00106,ORD00001581,2025-08-23,已完成,107.05,其他,服饰,44.55,10,0.0,
U03_00107,ORD00001582,2025-04-27,已完成,110.85,小红书,数码,61.56,10,0.0,
U03_00108,ORD00001583,2025-04-18,已完成,92.09,小红书,美妆,44.05,10,0.0,
U03_00108,ORD00001584,2025-06-26,已支付,405.51,小红书,家居,247.21,0,0.0,
U03_00108,ORD00001585,2025-09-25,已完成,194.83,抖音,美妆,87.55,10,0.0,
U03_00109,ORD00001586,2025-04-25,已完成,349.2,微信,数码,142.22,0,0.0,
U03_00109,ORD00001587,2025-07-07,已支付,266.35,微信,美妆,170.89,15,0.0,
U03_00110,ORD00001588,2025-04-12,已支付,190.78,微信,食品,114.78,10,0.0,
U03_00110,ORD00001589,2025-05-27,已完成,116.57,微信,服饰,69.99,10,0.0,
U03_00110,ORD00001590,2025-07-27,已完成,393.45,搜索引擎,服饰,216.56,0,282.24,2025-08-07
U03_00110,ORD00001591,2025-08-02,已完成,51.26,微信,食品,24.52,5,44.18,2025-08-29
U03_00111,ORD00001592,2025-04-19,已支付,105.32,小红书,食品,55.18,10,0.0,
U03_00111,ORD00001593,2025-05-10,已支付,419.71,抖音,家居,266.74,15,0.0,
U03_00111,ORD00001594,2025-07-07,已支付,158.18,搜索引擎,家居,91.84,10,0.0,
U03_00112,ORD00001595,2025-04-28,已完成,466.09,微信,美妆,212.27,0,0.0,
U03_00112,ORD00001596,2025-06-17,已支付,105.92,抖音,食品,60.03,10,0.0,
U03_00113,ORD00001597,2025-04-16,已完成,446.2,小红书,家居,211.81,5,0.0,
U03_00113,ORD00001598,2025-06-22,已支付,79.49,微信,数码,48.41,10,0.0,
U03_00114,ORD00001599,2025-04-01,已完成,159.22,其他,服饰,83.74,5,0.0,
U03_00114,ORD00001600,2025-05-25,已完成,163.33,微信,服饰,87.97,0,0.0,
U03_00115,ORD00001601,2025-04-26,已支付,153.09,小红书,食品,92.27,10,0.0,
U03_00116,ORD00001602,2025-04-28,已支付,180.77,抖音,数码,103.53,10,0.0,
U03_00116,ORD00001603,2025-05-18,已完成,363.83,小红书,服饰,202.15,10,0.0,
U03_00117,ORD00001604,2025-04-28,已完成,181.12,微信,数码,83.57,5,0.0,
U03_00117,ORD00001605,2025-05-11,已完成,447.57,抖音,美妆,195.43,5,358.02,2025-06-23
U03_00117,ORD00001606,2025-08-02,已完成,322.91,小红书,服饰,148.4,10,0.0,
U03_00118,ORD00001607,2025-04-08,已支付,67.65,抖音,美妆,35.31,0,0.0,
U03_00119,ORD00001608,2025-04-17,已完成,436.27,抖音,数码,276.45,10,0.0,
U03_00119,ORD00001609,2025-05-26,已完成,63.23,其他,数码,27.32,15,0.0,
U03_00119,ORD00001610,2025-07-23,已完成,219.78,微信,家居,119.05,15,0.0,
U03_00119,ORD00001611,2025-10-20,已完成,356.05,小红书,美妆,184.27,10,285.5,2025-11-06
U03_00120,ORD00001612,2025-04-28,已完成,286.68,其他,食品,181.06,10,0.0,
U03_00121,ORD00001613,2025-04-06,已支付,416.73,其他,家居,186.4,5,0.0,
U03_00121,ORD00001614,2025-05-09,已完成,200.84,抖音,食品,105.54,0,0.0,
U03_00121,ORD00001615,2025-08-12,已完成,333.72,搜索引擎,服饰,211.38,10,0.0,
U03_00122,ORD00001616,2025-04-17,已完成,362.16,抖音,美妆,157.52,5,0.0,
U03_00122,ORD00001617,2025-06-29,已完成,141.43,抖音,服饰,73.14,10,0.0,
U03_00122,ORD00001618,2025-10-06,已完成,395.42,抖音,服饰,188.3,10,0.0,
U03_00123,ORD00001619,2025-04-06,已完成,246.31,其他,数码,106.56,15,0.0,
U03_00123,ORD00001620,2025-09-10,已完成,453.36,小红书,食品,182.02,10,0.0,
U03_00124,ORD00001621,2025-04-22,已完成,460.73,搜索引擎,美妆,286.11,10,0.0,
U03_00124,ORD00001622,2025-07-04,已支付,350.16,抖音,家居,187.5,0,0.0,
U03_00125,ORD00001623,2025-04-10,已完成,308.34,其他,数码,209.82,15,0.0,
U03_00126,ORD00001624,2025-04-28,已支付,401.23,其他,家居,196.17,10,0.0,
U03_00126,ORD00001625,2025-08-17,已支付,183.0,搜索引擎,家居,102.59,10,0.0,
U03_00126,ORD00001626,2025-10-01,已支付,397.53,小红书,数码,264.84,10,0.0,
U03_00127,ORD00001627,2025-04-04,已完成,133.23,小红书,服饰,84.48,5,0.0,
U03_00128,ORD00001628,2025-04-13,已完成,338.11,搜索引擎,数码,181.62,15,0.0,
U03_00128,ORD00001629,2025-05-31,已完成,497.61,微信,家居,233.1,10,0.0,
U03_00129,ORD00001630,2025-04-01,已完成,426.19,搜索引擎,美妆,295.9,0,0.0,
U03_00129,ORD00001631,2025-08-26,已完成,432.04,其他,数码,191.9,10,0.0,
U03_00130,ORD00001632,2025-04-13,已完成,307.81,抖音,家居,154.96,0,0.0,
U03_00130,ORD00001633,2025-08-07,已完成,413.25,微信,数码,204.19,10,0.0,
U03_00131,ORD00001634,2025-04-19,已完成,408.33,抖音,美妆,201.4,10,0.0,
U03_00131,ORD00001635,2025-05-25,已完成,150.68,其他,服饰,60.57,10,0.0,
U03_00131,ORD00001636,2025-08-25,已支付,224.23,小红书,家居,103.28,0,0.0,
U03_00132,ORD00001637,2025-04-02,已支付,475.4,微信,美妆,243.67,0,0.0,
U03_00133,ORD00001638,2025-04-17,已支付,138.15,搜索引擎,数码,79.4,15,94.52,2025-06-06
U03_00133,ORD00001639,2025-05-01,已完成,453.07,搜索引擎,数码,241.12,10,440.14,2025-05-19
U03_00133,ORD00001640,2025-09-05,已支付,205.05,搜索引擎,服饰,116.19,0,0.0,
U03_00134,ORD00001641,2025-04-06,已完成,304.44,抖音,服饰,206.94,0,0.0,
U03_00134,ORD00001642,2025-06-07,已完成,139.3,微信,食品,74.69,0,0.0,
U03_00134,ORD00001643,2025-07-12,已支付,462.12,抖音,服饰,240.48,15,427.36,2025-08-01
U03_00134,ORD00001644,2025-09-06,已完成,50.21,其他,食品,21.78,15,0.0,
U03_00135,ORD00001645,2025-04-19,已完成,489.39,搜索引擎,美妆,250.96,5,0.0,
U03_00135,ORD00001646,2025-09-19,已完成,195.36,其他,美妆,86.4,15,0.0,
U03_00135,ORD00001647,2025-10-09,已完成,178.14,微信,美妆,74.08,15,0.0,
U03_00136,ORD00001648,2025-04-18,已支付,98.73,搜索引擎,家居,43.69,15,0.0,
U03_00136,ORD00001649,2025-05-01,已支付,425.28,其他,数码,251.65,15,0.0,
U03_00136,ORD00001650,2025-06-17,已支付,468.76,微信,服饰,246.55,10,0.0,
U03_00137,ORD00001651,2025-04-08,已支付,443.63,小红书,家居,249.23,0,0.0,
U03_00137,ORD00001652,2025-05-01,已支付,202.31,抖音,服饰,115.67,15,0.0,
U03_00138,ORD00001653,2025-04-15,已完成,265.24,搜索引擎,家居,110.96,15,0.0,
U03_00138,ORD00001654,2025-05-26,已支付,56.96,小红书,美妆,35.85,15,0.0,
U03_00138,ORD00001655,2025-06-08,已完成,333.13,搜索引擎,食品,166.02,5,222.37,2025-07-16
U03_00139,ORD00001656,2025-04-03,已完成,285.28,其他,数码,180.02,5,0.0,
U03_00139,ORD00001657,2025-08-19,已完成,290.42,其他,家居,175.58,5,0.0,
U03_00140,ORD00001658,2025-04-06,已完成,107.09,其他,数码,72.35,10,0.0,
U03_00141,ORD00001659,2025-04-05,已支付,184.16,其他,美妆,107.12,10,0.0,
U03_00141,ORD00001660,2025-05-15,已支付,331.73,搜索引擎,美妆,183.2,0,0.0,
U03_00141,ORD00001661,2025-06-29,已完成,294.79,其他,数码,157.5,15,238.13,2025-07-26
U03_00141,ORD00001662,2025-08-20,已完成,78.57,其他,家居,46.23,15,0.0,
U03_00142,ORD00001663,2025-04-19,已完成,461.89,微信,家居,254.84,5,0.0,
U03_00142,ORD00001664,2025-10-21,已完成,133.81,抖音,食品,78.62,5,0.0,
U03_00143,ORD00001665,2025-04-22,已完成,452.62,其他,食品,229.98,15,0.0,
U03_00143,ORD00001666,2025-06-04,已支付,125.56,微信,食品,84.12,5,0.0,
U03_00143,ORD00001667,2025-07-17,已完成,226.93,微信,家居,131.18,5,0.0,
U03_00143,ORD00001668,2025-10-18,已完成,382.71,小红书,家居,250.3,15,0.0,
U03_00144,ORD00001669,2025-04-30,已完成,307.67,微信,美妆,132.58,15,0.0,
U03_00144,ORD00001670,2025-06-25,已完成,202.05,微信,服饰,140.79,15,0.0,
U03_00145,ORD00001671,2025-04-08,已完成,204.5,小红书,家居,119.1,10,0.0,
U03_00145,ORD00001672,2025-07-21,已支付,270.33,微信,美妆,129.45,15,0.0,
U03_00146,ORD00001673,2025-04-09,已完成,150.89,其他,家居,69.15,10,138.25,2025-05-19
U03_00146,ORD00001674,2025-06-07,已完成,284.69,微信,美妆,174.06,10,194.19,2025-07-12
U03_00147,ORD00001675,2025-04-11,已完成,141.03,其他,数码,65.58,5,0.0,
U03_00148,ORD00001676,2025-04-02,已支付,57.23,抖音,食品,33.55,5,0.0,
U03_00148,ORD00001677,2025-06-12,已完成,129.8,其他,家居,66.83,10,0.0,
U03_00148,ORD00001678,2025-07-24,已完成,425.71,微信,数码,267.06,0,0.0,
U03_00149,ORD00001679,2025-04-13,已支付,123.26,搜索引擎,服饰,54.36,10,81.63,2025-06-11
U03_00150,ORD00001680,2025-04-05,已支付,271.72,微信,家居,136.23,10,0.0,
U03_00151,ORD00001681,2025-04-10,已完成,130.0,抖音,服饰,57.03,10,0.0,
U03_00151,ORD00001682,2025-05-30,已完成,432.96,微信,食品,287.81,0,0.0,
U03_00151,ORD00001683,2025-08-08,已完成,109.01,微信,美妆,72.3,0,0.0,
U03_00152,ORD00001684,2025-04-17,已支付,141.84,小红书,美妆,83.67,10,0.0,
U03_00152,ORD00001685,2025-05-17,已支付,286.16,搜索引擎,数码,147.35,10,0.0,
U03_00153,ORD00001686,2025-04-15,已完成,373.71,抖音,数码,182.3,15,0.0,
U03_00153,ORD00001687,2025-07-12,已支付,179.56,小红书,数码,122.98,0,0.0,
U03_00153,ORD00001688,2025-09-05,已支付,135.69,小红书,美妆,56.84,5,0.0,
U03_00154,ORD00001689,2025-04-02,已支付,219.72,小红书,服饰,88.42,0,0.0,
U03_00154,ORD00001690,2025-05-23,已完成,298.74,搜索引擎,服饰,150.42,10,0.0,
U03_00154,ORD00001691,2025-06-15,已完成,129.62,搜索引擎,食品,58.87,10,0.0,
U03_00154,ORD00001692,2025-10-05,已完成,438.23,其他,美妆,299.15,10,0.0,
U03_00155,ORD00001693,2025-04-25,已支付,434.7,其他,数码,270.63,15,0.0,
U03_00155,ORD00001694,2025-07-15,已完成,482.16,搜索引擎,数码,286.22,5,0.0,
U03_00156,ORD00001695,2025-04-21,已完成,312.15,小红书,数码,142.29,0,0.0,
U03_00156,ORD00001696,2025-07-14,已完成,446.7,其他,美妆,306.71,15,0.0,
U03_00157,ORD00001697,2025-04-06,已支付,196.3,其他,数码,99.94,5,0.0,
U03_00157,ORD00001698,2025-06-04,已完成,270.1,小红书,服饰,160.27,15,0.0,
U03_00158,ORD00001699,2025-04-26,已完成,478.88,搜索引擎,家居,263.11,0,0.0,
U03_00158,ORD00001700,2025-07-06,已完成,248.06,其他,服饰,111.29,10,0.0,
U03_00159,ORD00001701,2025-04-23,已支付,452.92,其他,数码,225.58,10,0.0,
U03_00159,ORD00001702,2025-05-22,已完成,388.74,抖音,家居,166.99,10,0.0,
U03_00159,ORD00001703,2025-06-02,已支付,169.39,搜索引擎,家居,95.92,10,0.0,
U03_00160,ORD00001704,2025-04-24,已完成,367.23,小红书,数码,187.9,10,0.0,
U03_00160,ORD00001705,2025-06-27,已完成,465.15,抖音,食品,296.35,0,0.0,
U03_00160,ORD00001706,2025-07-13,已完成,340.43,抖音,服饰,219.37,10,312.38,2025-08-02
U03_00161,ORD00001707,2025-04-30,已支付,440.42,其他,数码,179.19,5,0.0,
U03_00161,ORD00001708,2025-08-10,已完成,139.48,抖音,家居,67.39,10,0.0,
U03_00162,ORD00001709,2025-04-16,已完成,87.19,其他,美妆,52.84,15,0.0,
U03_00162,ORD00001710,2025-05-05,已完成,379.29,搜索引擎,服饰,164.87,5,0.0,
U03_00162,ORD00001711,2025-07-20,已完成,397.12,搜索引擎,服饰,239.08,0,0.0,
U03_00162,ORD00001712,2025-09-20,已支付,374.75,其他,服饰,200.1,10,0.0,
U03_00163,ORD00001713,2025-04-20,已支付,386.05,小红书,服饰,179.21,10,0.0,
U03_00163,ORD00001714,2025-05-01,已支付,347.15,抖音,数码,186.28,10,0.0,
U03_00163,ORD00001715,2025-06-04,已支付,90.55,搜索引擎,家居,36.84,10,0.0,
U03_00163,ORD00001716,2025-08-22,已完成,196.99,搜索引擎,数码,86.75,10,179.58,2025-09-13
U03_00164,ORD00001717,2025-04-12,已支付,374.71,抖音,数码,244.27,0,0.0,
U03_00165,ORD00001718,2025-04-08,已完成,486.0,搜索引擎,食品,211.7,10,0.0,
U03_00165,ORD00001719,2025-08-28,已完成,62.17,小红书,服饰,42.43,5,0.0,
U03_00166,ORD00001720,2025-04-06,已完成,265.69,小红书,家居,150.71,10,0.0,
U03_00166,ORD00001721,2025-07-14,已完成,437.88,小红书,食品,178.09,5,0.0,
U03_00166,ORD00001722,2025-09-11,已完成,167.48,微信,美妆,110.41,0,0.0,
U03_00166,ORD00001723,2025-10-20,已支付,213.43,搜索引擎,食品,143.32,15,0.0,
U03_00167,ORD00001724,2025-04-26,已支付,188.72,微信,食品,79.16,15,0.0,
U03_00167,ORD00001725,2025-09-26,已完成,162.99,其他,美妆,86.43,0,0.0,
U03_00168,ORD00001726,2025-04-17,已支付,105.19,小红书,美妆,48.62,15,0.0,
U03_00168,ORD00001727,2025-05-31,已完成,90.49,其他,美妆,40.59,10,0.0,
U03_00168,ORD00001728,2025-09-01,已支付,440.79,抖音,服饰,190.62,10,332.44,2025-10-07
U03_00169,ORD00001729,2025-04-08,已完成,74.25,抖音,食品,45.57,10,0.0,
U03_00169,ORD00001730,2025-06-10,已支付,139.77,小红书,美妆,72.71,0,100.29,2025-07-12
U03_00170,ORD00001731,2025-04-14,已完成,318.27,其他,美妆,174.68,5,0.0,
U03_00170,ORD00001732,2025-09-26,已完成,463.76,搜索引擎,服饰,246.65,10,0.0,
U03_00170,ORD00001733,2025-10-19,已支付,78.83,搜索引擎,美妆,37.22,5,78.03,2025-11-23
U03_00171,ORD00001734,2025-04-14,已支付,241.5,其他,美妆,119.1,10,0.0,
U03_00171,ORD00001735,2025-06-19,已完成,268.54,抖音,食品,145.07,10,0.0,
U03_00171,ORD00001736,2025-09-23,已支付,303.31,抖音,食品,185.01,10,0.0,
U03_00172,ORD00001737,2025-04-03,已支付,192.5,其他,家居,86.94,10,153.0,2025-05-24
U03_00173,ORD00001738,2025-04-21,已支付,150.66,搜索引擎,美妆,63.21,15,0.0,
U03_00173,ORD00001739,2025-10-07,已完成,268.23,其他,食品,183.94,15,0.0,
U03_00174,ORD00001740,2025-04-27,已完成,128.39,其他,家居,63.77,5,0.0,
U03_00174,ORD00001741,2025-09-23,已支付,420.15,小红书,美妆,201.35,15,0.0,
U03_00174,ORD00001742,2025-10-15,已完成,418.92,抖音,服饰,235.5,5,242.63,2025-12-06
U03_00175,ORD00001743,2025-04-22,已完成,62.34,其他,美妆,39.96,10,0.0,
U03_00176,ORD00001744,2025-04-15,已完成,455.37,抖音,家居,304.75,0,0.0,
U03_00176,ORD00001745,2025-06-22,已支付,278.7,搜索引擎,食品,179.65,0,0.0,
U03_00176,ORD00001746,2025-07-25,已支付,104.11,其他,数码,71.22,10,0.0,
U03_00177,ORD00001747,2025-04-01,已完成,292.59,其他,美妆,122.45,0,0.0,
U03_00177,ORD00001748,2025-05-22,已完成,92.16,其他,美妆,60.16,5,0.0,
U03_00178,ORD00001749,2025-04-16,已支付,353.45,搜索引擎,家居,203.99,5,0.0,
U03_00178,ORD00001750,2025-05-24,已支付,388.47,抖音,食品,222.82,15,263.12,2025-07-18
U03_00178,ORD00001751,2025-06-29,已完成,405.71,微信,服饰,258.45,15,385.34,2025-08-19
U03_00179,ORD00001752,2025-04-18,已完成,301.18,抖音,服饰,150.59,15,0.0,
U03_00179,ORD00001753,2025-08-21,已支付,70.33,微信,家居,40.89,15,0.0,
U03_00180,ORD00001754,2025-04-30,已支付,325.31,微信,数码,132.62,15,164.54,2025-06-14
U03_00180,ORD00001755,2025-05-13,已支付,114.05,小红书,服饰,79.19,10,0.0,
U03_00180,ORD00001756,2025-07-31,已完成,308.24,其他,服饰,196.29,5,0.0,
U03_00181,ORD00001757,2025-04-05,已支付,493.26,搜索引擎,家居,255.78,5,0.0,
U03_00181,ORD00001758,2025-07-10,已支付,83.23,小红书,食品,58.23,0,0.0,
U03_00182,ORD00001759,2025-04-27,已完成,442.91,小红书,服饰,272.13,0,0.0,
U03_00182,ORD00001760,2025-08-09,已完成,194.55,抖音,数码,107.65,15,0.0,
U03_00183,ORD00001761,2025-04-16,已完成,115.09,微信,美妆,50.34,0,0.0,
U03_00183,ORD00001762,2025-06-26,已完成,305.25,搜索引擎,美妆,158.92,0,0.0,
U03_00183,ORD00001763,2025-07-09,已支付,317.55,抖音,家居,181.63,10,0.0,
U03_00183,ORD00001764,2025-09-13,已完成,257.78,抖音,服饰,145.73,0,0.0,
U03_00184,ORD00001765,2025-04-04,已完成,404.27,搜索引擎,服饰,263.55,10,0.0,
U03_00185,ORD00001766,2025-04-13,已支付,363.42,搜索引擎,家居,205.28,10,0.0,
U03_00185,ORD00001767,2025-06-11,已完成,314.76,抖音,家居,218.34,0,0.0,
U03_00185,ORD00001768,2025-08-28,已完成,359.35,搜索引擎,美妆,195.24,10,0.0,
U03_00185,ORD00001769,2025-09-03,已支付,240.12,其他,家居,148.5,5,0.0,
U03_00186,ORD00001770,2025-04-11,已完成,161.85,其他,家居,112.12,5,0.0,
U03_00186,ORD00001771,2025-05-02,已支付,220.54,其他,食品,88.72,0,0.0,
U03_00186,ORD00001772,2025-06-19,已完成,162.6,微信,家居,67.33,15,0.0,
U03_00187,ORD00001773,2025-04-06,已完成,56.46,搜索引擎,食品,35.97,10,0.0,
U03_00187,ORD00001774,2025-07-15,已完成,402.13,小红书,家居,198.07,10,0.0,
U03_00187,ORD00001775,2025-08-05,已完成,159.13,搜索引擎,数码,100.99,10,0.0,
U03_00188,ORD00001776,2025-04-23,已支付,180.14,其他,食品,77.91,10,0.0,
U03_00188,ORD00001777,2025-05-23,已完成,469.36,小红书,数码,247.66,5,0.0,
U03_00189,ORD00001778,2025-04-16,已支付,189.78,抖音,服饰,83.56,10,102.39,2025-05-13
U03_00189,ORD00001779,2025-06-12,已支付,459.82,其他,服饰,301.43,10,0.0,
U03_00189,ORD00001780,2025-07-29,已支付,490.74,其他,服饰,198.51,15,0.0,
U03_00190,ORD00001781,2025-04-03,已完成,127.8,抖音,食品,73.95,10,0.0,
U03_00190,ORD00001782,2025-08-26,已完成,241.24,抖音,数码,107.15,0,0.0,
U03_00191,ORD00001783,2025-04-16,已支付,203.97,搜索引擎,家居,107.91,10,158.5,2025-06-05
U03_00191,ORD00001784,2025-05-09,已完成,476.59,其他,数码,215.63,5,0.0,
U03_00191,ORD00001785,2025-10-22,已完成,475.06,搜索引擎,食品,226.29,10,0.0,
U03_00192,ORD00001786,2025-04-28,已完成,138.56,小红书,数码,92.01,0,0.0,
U03_00192,ORD00001787,2025-06-18,已支付,326.65,其他,美妆,202.83,15,0.0,
U03_00193,ORD00001788,2025-04-21,已完成,338.68,抖音,数码,210.89,15,0.0,
U03_00193,ORD00001789,2025-07-03,已支付,453.98,其他,美妆,229.75,0,0.0,
U03_00193,ORD00001790,2025-08-26,已完成,224.16,微信,数码,106.27,0,180.32,2025-10-25
U03_00194,ORD00001791,2025-04-18,已完成,276.37,微信,数码,122.56,10,0.0,
U03_00194,ORD00001792,2025-05-28,已支付,464.37,抖音,服饰,283.27,0,0.0,
U03_00194,ORD00001793,2025-08-14,已完成,205.4,微信,食品,92.77,10,0.0,
U03_00194,ORD00001794,2025-09-18,已支付,144.62,抖音,服饰,81.06,10,0.0,
U03_00195,ORD00001795,2025-04-23,已完成,402.93,其他,美妆,174.12,10,0.0,
U03_00196,ORD00001796,2025-04-19,已支付,310.68,小红书,家居,216.37,10,309.62,2025-05-19
U03_00196,ORD00001797,2025-08-27,已完成,252.24,抖音,美妆,111.3,15,0.0,
U03_00197,ORD00001798,2025-04-13,已完成,369.71,其他,数码,167.3,5,0.0,
U03_00197,ORD00001799,2025-05-08,已完成,157.22,其他,服饰,100.26,5,150.93,2025-05-28
U03_00198,ORD00001800,2025-04-02,已完成,370.26,小红书,美妆,209.98,5,206.79,2025-04-23
U03_00198,ORD00001801,2025-05-29,已完成,50.95,搜索引擎,服饰,21.34,10,0.0,
U03_00198,ORD00001802,2025-06-01,已支付,278.57,搜索引擎,服饰,164.19,10,0.0,
U03_00199,ORD00001803,2025-04-03,已支付,179.94,微信,食品,121.49,5,0.0,
U03_00199,ORD00001804,2025-06-17,已完成,389.8,其他,数码,247.85,10,0.0,
U03_00200,ORD00001805,2025-04-26,已完成,93.95,搜索引擎,数码,37.68,0,85.37,2025-05-23
U03_00200,ORD00001806,2025-09-01,已支付,456.32,搜索引擎,服饰,188.84,15,0.0,
U03_00200,ORD00001807,2025-10-29,已完成,341.29,抖音,数码,230.32,10,0.0,
U03_00201,ORD00001808,2025-04-01,已完成,413.49,其他,家居,232.59,0,0.0,
U03_00201,ORD00001809,2025-06-20,已完成,56.77,搜索引擎,家居,35.87,5,0.0,
U03_00202,ORD00001810,2025-04-13,已支付,121.69,小红书,家居,70.83,0,0.0,
U03_00203,ORD00001811,2025-04-16,已完成,401.72,其他,服饰,169.44,0,0.0,
U03_00203,ORD00001812,2025-06-15,已完成,453.56,小红书,美妆,184.6,10,0.0,
U03_00203,ORD00001813,2025-07-29,已支付,365.69,其他,家居,254.69,15,0.0,
U03_00204,ORD00001814,2025-04-03,已完成,298.98,小红书,美妆,120.12,10,0.0,
U03_00204,ORD00001815,2025-05-17,已完成,191.46,搜索引擎,食品,131.57,15,0.0,
U03_00204,ORD00001816,2025-07-10,已完成,223.29,其他,家居,101.7,0,0.0,
U03_00204,ORD00001817,2025-08-23,已完成,316.5,小红书,数码,215.85,15,0.0,
U03_00205,ORD00001818,2025-04-19,已支付,83.5,微信,食品,34.74,10,0.0,
U03_00205,ORD00001819,2025-05-18,已完成,205.98,微信,服饰,100.54,15,0.0,
U03_00205,ORD00001820,2025-06-28,已完成,310.09,抖音,家居,135.79,10,268.9,2025-07-12
U03_00206,ORD00001821,2025-04-09,已完成,477.79,微信,服饰,256.96,5,0.0,
U03_00207,ORD00001822,2025-04-02,已完成,90.03,小红书,食品,50.06,10,0.0,
U03_00207,ORD00001823,2025-05-05,已完成,497.16,抖音,服饰,209.68,10,444.04,2025-06-19
U03_00207,ORD00001824,2025-08-04,已完成,308.46,搜索引擎,美妆,213.58,10,0.0,
U03_00208,ORD00001825,2025-04-14,已完成,86.39,搜索引擎,美妆,57.37,10,0.0,
U03_00208,ORD00001826,2025-05-02,已支付,64.77,微信,美妆,27.29,15,48.06,2025-06-25
U03_00209,ORD00001827,2025-04-23,已支付,197.25,其他,服饰,96.24,5,0.0,
U03_00209,ORD00001828,2025-06-28,已完成,235.46,搜索引擎,美妆,103.47,10,0.0,
U03_00210,ORD00001829,2025-04-05,已支付,489.83,抖音,数码,225.64,10,0.0,
U03_00210,ORD00001830,2025-06-09,已支付,199.53,其他,服饰,89.01,10,0.0,
U03_00210,ORD00001831,2025-07-15,已完成,451.58,微信,家居,209.53,10,0.0,
U03_00211,ORD00001832,2025-04-14,已支付,288.47,搜索引擎,美妆,150.49,10,0.0,
U03_00211,ORD00001833,2025-07-23,已支付,498.41,小红书,家居,332.59,10,0.0,
U03_00211,ORD00001834,2025-08-26,已完成,152.53,小红书,家居,103.16,10,101.74,2025-10-03
U03_00212,ORD00001835,2025-04-23,已完成,72.55,微信,美妆,36.86,10,0.0,
U03_00212,ORD00001836,2025-06-06,已支付,378.13,微信,食品,152.36,0,0.0,
U03_00213,ORD00001837,2025-04-20,已完成,95.77,搜索引擎,家居,45.02,0,0.0,
U03_00213,ORD00001838,2025-05-22,已支付,58.59,搜索引擎,服饰,29.21,10,49.88,2025-06-11
U03_00214,ORD00001839,2025-04-30,已支付,469.48,小红书,美妆,286.19,0,0.0,
U03_00214,ORD00001840,2025-06-29,已完成,191.19,抖音,美妆,122.01,10,0.0,
U03_00214,ORD00001841,2025-10-04,已完成,201.77,其他,食品,132.94,5,0.0,
U03_00215,ORD00001842,2025-04-29,已完成,327.94,搜索引擎,美妆,134.32,10,0.0,
U03_00216,ORD00001843,2025-04-19,已支付,353.33,抖音,美妆,209.59,5,246.04,2025-06-11
U03_00216,ORD00001844,2025-08-23,已完成,453.77,小红书,美妆,197.64,10,0.0,
U03_00217,ORD00001845,2025-04-23,已支付,487.54,微信,家居,236.59,0,0.0,
U03_00218,ORD00001846,2025-04-12,已支付,205.75,其他,食品,128.6,10,0.0,
U03_00218,ORD00001847,2025-05-03,已支付,64.97,其他,美妆,33.93,15,0.0,
U03_00218,ORD00001848,2025-10-18,已完成,224.09,小红书,服饰,119.16,10,0.0,
U03_00219,ORD00001849,2025-04-23,已支付,356.1,小红书,家居,219.0,5,0.0,
U03_00219,ORD00001850,2025-05-23,已完成,483.43,抖音,服饰,247.75,5,0.0,
U03_00219,ORD00001851,2025-08-11,已完成,53.62,抖音,服饰,24.03,10,0.0,
U03_00220,ORD00001852,2025-04-29,已支付,226.02,微信,数码,109.79,15,0.0,
U03_00221,ORD00001853,2025-04-11,已支付,435.21,抖音,服饰,183.19,0,0.0,
U03_00221,ORD00001854,2025-05-08,已支付,52.53,搜索引擎,家居,33.06,10,0.0,
U03_00221,ORD00001855,2025-06-29,已完成,456.28,小红书,数码,194.61,15,0.0,
U03_00221,ORD00001856,2025-07-29,已完成,355.25,其他,家居,244.17,15,0.0,
U03_00222,ORD00001857,2025-04-06,已完成,89.48,微信,数码,51.72,10,0.0,
U03_00222,ORD00001858,2025-05-27,已完成,158.12,小红书,服饰,95.08,5,0.0,
U03_00222,ORD00001859,2025-07-15,已完成,492.49,抖音,服饰,328.48,10,0.0,
U03_00223,ORD00001860,2025-04-25,已支付,297.83,小红书,美妆,135.3,15,0.0,
U03_00223,ORD00001861,2025-07-30,已支付,459.67,搜索引擎,美妆,292.21,10,0.0,
U03_00224,ORD00001862,2025-04-17,已支付,246.44,其他,美妆,138.17,10,0.0,
U03_00224,ORD00001863,2025-09-23,已支付,92.39,抖音,食品,52.37,0,0.0,
U03_00225,ORD00001864,2025-04-25,已完成,413.73,其他,服饰,240.44,5,0.0,
U03_00225,ORD00001865,2025-05-30,已完成,311.85,微信,食品,208.87,10,0.0,
U03_00225,ORD00001866,2025-08-24,已完成,389.3,其他,数码,174.7,0,0.0,
U03_00226,ORD00001867,2025-04-27,已完成,490.72,微信,美妆,216.2,5,0.0,
U03_00226,ORD00001868,2025-06-07,已支付,379.01,抖音,美妆,256.73,10,0.0,
U03_00227,ORD00001869,2025-04-01,已完成,352.91,抖音,数码,219.06,0,0.0,
U03_00227,ORD00001870,2025-05-23,已完成,363.15,搜索引擎,服饰,169.12,5,0.0,
U03_00227,ORD00001871,2025-08-12,已支付,373.03,抖音,服饰,153.85,5,0.0,
U03_00227,ORD00001872,2025-09-09,已完成,228.14,其他,数码,91.45,0,0.0,
U03_00228,ORD00001873,2025-04-15,已支付,210.14,其他,数码,140.99,0,0.0,
U03_00228,ORD00001874,2025-05-01,已完成,343.29,抖音,服饰,239.34,0,0.0,
U03_00228,ORD00001875,2025-07-31,已完成,121.6,抖音,美妆,75.97,10,0.0,
U03_00229,ORD00001876,2025-04-03,已支付,329.04,抖音,数码,170.3,5,0.0,
U03_00229,ORD00001877,2025-06-02,已完成,215.1,搜索引擎,服饰,121.99,10,0.0,
U03_00229,ORD00001878,2025-08-08,已支付,365.19,其他,服饰,247.95,0,0.0,
U03_00229,ORD00001879,2025-09-19,已完成,179.12,抖音,服饰,112.65,10,0.0,
U03_00230,ORD00001880,2025-04-07,已支付,358.19,小红书,家居,208.25,5,0.0,
U03_00230,ORD00001881,2025-05-21,已完成,322.03,小红书,服饰,144.97,5,0.0,
U03_00230,ORD00001882,2025-07-10,已支付,485.9,小红书,食品,231.64,15,0.0,
U03_00231,ORD00001883,2025-04-04,已支付,355.63,搜索引擎,家居,232.95,0,0.0,
U03_00231,ORD00001884,2025-08-08,已支付,375.96,其他,家居,252.73,0,0.0,
U03_00232,ORD00001885,2025-04-11,已完成,412.25,小红书,食品,274.64,10,0.0,
U03_00232,ORD00001886,2025-05-08,已完成,151.21,小红书,美妆,72.31,5,138.69,2025-06-29
U03_00233,ORD00001887,2025-04-15,已支付,400.26,微信,服饰,206.98,10,0.0,
U03_00234,ORD00001888,2025-04-29,已完成,462.28,小红书,服饰,231.44,5,0.0,
U03_00235,ORD00001889,2025-04-26,已完成,78.61,抖音,数码,36.36,10,0.0,
U03_00235,ORD00001890,2025-05-18,已支付,363.98,微信,家居,146.46,10,244.17,2025-07-15
U03_00235,ORD00001891,2025-07-26,已完成,472.98,搜索引擎,数码,270.88,15,0.0,
U03_00235,ORD00001892,2025-09-28,已支付,491.38,其他,美妆,216.7,10,0.0,
U03_00236,ORD00001893,2025-04-30,已支付,416.14,其他,家居,173.03,10,0.0,
U03_00236,ORD00001894,2025-06-14,已完成,417.46,小红书,美妆,204.68,10,0.0,
U03_00236,ORD00001895,2025-10-30,已支付,356.3,抖音,服饰,144.45,10,0.0,
U03_00237,ORD00001896,2025-04-27,已完成,210.32,微信,家居,94.67,0,0.0,
U03_00238,ORD00001897,2025-04-24,已完成,453.32,微信,食品,240.21,10,0.0,
U03_00238,ORD00001898,2025-07-16,已支付,137.3,其他,服饰,94.66,0,0.0,
U03_00239,ORD00001899,2025-04-15,已完成,258.26,微信,服饰,113.54,15,0.0,
U03_00239,ORD00001900,2025-06-30,已完成,77.88,搜索引擎,家居,50.48,10,75.06,2025-08-02
U03_00239,ORD00001901,2025-10-30,已支付,118.39,小红书,美妆,77.77,5,0.0,
U03_00240,ORD00001902,2025-04-11,已完成,258.4,搜索引擎,美妆,168.99,5,0.0,
U03_00240,ORD00001903,2025-05-19,已完成,361.53,其他,美妆,158.0,5,0.0,
U03_00240,ORD00001904,2025-06-02,已完成,139.31,微信,数码,64.0,10,0.0,
U03_00240,ORD00001905,2025-09-21,已完成,133.92,微信,数码,82.75,15,0.0,
U04_00001,ORD00001906,2025-05-12,已完成,422.26,小红书,数码,277.82,5,0.0,
U04_00001,ORD00001907,2025-08-20,已完成,135.55,抖音,食品,75.46,10,0.0,
U04_00002,ORD00001908,2025-05-27,已完成,149.93,搜索引擎,服饰,75.9,5,101.2,2025-06-08
U04_00002,ORD00001909,2025-07-02,已完成,298.05,搜索引擎,家居,160.27,10,0.0,
U04_00003,ORD00001910,2025-05-07,已完成,221.51,小红书,服饰,95.16,15,182.17,2025-06-21
U04_00003,ORD00001911,2025-06-18,已支付,355.0,抖音,服饰,209.32,5,0.0,
U04_00004,ORD00001912,2025-05-25,已完成,231.14,小红书,数码,106.35,15,0.0,
U04_00004,ORD00001913,2025-07-23,已支付,492.11,其他,美妆,217.75,5,0.0,
U04_00005,ORD00001914,2025-05-22,已完成,436.13,微信,服饰,248.52,5,257.98,2025-07-10
U04_00005,ORD00001915,2025-09-13,已完成,159.01,抖音,美妆,106.4,15,0.0,
U04_00006,ORD00001916,2025-05-16,已完成,174.1,微信,数码,112.87,0,0.0,
U04_00006,ORD00001917,2025-10-22,已完成,82.28,抖音,家居,52.04,5,0.0,
U04_00007,ORD00001918,2025-05-08,已完成,306.91,抖音,食品,189.07,10,0.0,
U04_00007,ORD00001919,2025-07-11,已支付,163.14,抖音,食品,68.82,5,161.29,2025-08-07
U04_00007,ORD00001920,2025-08-19,已完成,394.89,微信,美妆,237.71,10,0.0,
U04_00008,ORD00001921,2025-05-07,已完成,315.92,小红书,美妆,169.1,15,0.0,
U04_00008,ORD00001922,2025-06-05,已支付,58.17,抖音,美妆,26.21,5,0.0,
U04_00008,ORD00001923,2025-08-24,已完成,347.73,其他,数码,154.71,0,0.0,
U04_00009,ORD00001924,2025-05-18,已支付,304.94,其他,服饰,163.5,0,0.0,
U04_00009,ORD00001925,2025-06-16,已完成,451.94,小红书,服饰,212.14,10,0.0,
U04_00009,ORD00001926,2025-08-31,已支付,202.6,其他,服饰,116.1,10,0.0,
U04_00010,ORD00001927,2025-05-07,已完成,473.32,抖音,家居,286.59,10,418.88,2025-06-07
U04_00010,ORD00001928,2025-06-01,已支付,479.22,微信,数码,288.32,10,0.0,
U04_00010,ORD00001929,2025-07-06,已完成,104.47,搜索引擎,服饰,43.96,0,0.0,
U04_00011,ORD00001930,2025-05-01,已支付,369.93,搜索引擎,服饰,148.1,15,0.0,
U04_00012,ORD00001931,2025-05-10,已完成,448.17,微信,服饰,191.24,5,0.0,
U04_00012,ORD00001932,2025-06-28,已完成,198.78,微信,数码,80.89,5,0.0,
U04_00012,ORD00001933,2025-07-24,已支付,223.75,小红书,服饰,107.78,15,0.0,
U04_00012,ORD00001934,2025-08-21,已支付,304.44,搜索引擎,数码,154.48,10,0.0,
U04_00012,ORD00001935,2025-09-12,已完成,317.1,微信,美妆,195.24,5,0.0,
U04_00012,ORD00001936,2025-10-14,已完成,353.49,微信,家居,186.63,5,0.0,
U04_00013,ORD00001937,2025-05-28,已支付,301.82,搜索引擎,食品,172.33,10,0.0,
U04_00014,ORD00001938,2025-05-30,已完成,181.47,微信,家居,84.64,10,0.0,
U04_00014,ORD00001939,2025-08-20,已完成,159.11,其他,服饰,97.33,10,0.0,
U04_00015,ORD00001940,2025-05-01,已完成,286.62,小红书,数码,172.78,10,190.34,2025-06-06
U04_00015,ORD00001941,2025-06-24,已支付,264.66,其他,家居,180.12,10,0.0,
U04_00015,ORD00001942,2025-08-06,已完成,96.63,小红书,美妆,38.88,10,0.0,
U04_00015,ORD00001943,2025-09-16,已支付,392.76,微信,数码,213.54,10,0.0,
U04_00016,ORD00001944,2025-05-11,已完成,262.68,小红书,美妆,151.22,5,167.87,2025-06-17
U04_00016,ORD00001945,2025-08-24,已完成,324.92,微信,美妆,185.2,0,0.0,
U04_00016,ORD00001946,2025-09-24,已完成,438.7,其他,家居,219.35,15,0.0,
U04_00017,ORD00001947,2025-05-22,已完成,427.81,抖音,家居,294.83,10,0.0,
U04_00017,ORD00001948,2025-07-12,已完成,298.65,搜索引擎,数码,136.41,10,182.6,2025-08-25
U04_00017,ORD00001949,2025-09-07,已完成,183.48,小红书,美妆,83.5,15,0.0,
U04_00018,ORD00001950,2025-05-06,已完成,169.31,微信,数码,78.28,0,0.0,
U04_00019,ORD00001951,2025-05-18,已支付,424.04,小红书,家居,173.77,10,0.0,
U04_00019,ORD00001952,2025-06-19,已支付,481.67,搜索引擎,服饰,214.78,0,0.0,
U04_00019,ORD00001953,2025-07-09,已完成,134.75,抖音,数码,55.42,5,0.0,
U04_00020,ORD00001954,2025-05-27,已完成,301.59,微信,数码,206.08,15,0.0,
U04_00020,ORD00001955,2025-06-28,已完成,389.25,小红书,家居,244.31,5,0.0,
U04_00020,ORD00001956,2025-08-05,已完成,57.31,小红书,数码,28.6,10,0.0,
U04_00021,ORD00001957,2025-05-15,已支付,248.44,搜索引擎,服饰,154.09,0,0.0,
U04_00022,ORD00001958,2025-05-27,已完成,191.83,微信,食品,128.45,0,0.0,
U04_00022,ORD00001959,2025-06-29,已支付,127.87,微信,服饰,60.0,10,0.0,
U04_00022,ORD00001960,2025-07-09,已完成,372.53,小红书,家居,255.27,5,0.0,
U04_00022,ORD00001961,2025-08-26,已完成,311.69,搜索引擎,数码,194.0,0,0.0,
U04_00022,ORD00001962,2025-10-02,已完成,446.49,其他,服饰,186.43,15,0.0,
U04_00023,ORD00001963,2025-05-27,已完成,462.8,微信,服饰,274.28,15,0.0,
U04_00023,ORD00001964,2025-10-12,已完成,337.92,搜索引擎,数码,158.22,15,0.0,
U04_00024,ORD00001965,2025-05-03,已支付,130.95,微信,服饰,64.82,0,0.0,
U04_00024,ORD00001966,2025-10-08,已支付,268.46,抖音,数码,157.9,15,145.58,2025-10-21
U04_00024,ORD00001967,2025-11-15,已支付,484.7,其他,服饰,199.98,10,0.0,
U04_00025,ORD00001968,2025-05-24,已完成,326.39,抖音,服饰,196.12,0,0.0,
U04_00025,ORD00001969,2025-06-21,已完成,469.64,其他,家居,272.15,10,0.0,
U04_00025,ORD00001970,2025-08-11,已完成,380.85,抖音,数码,254.87,0,0.0,
U04_00026,ORD00001971,2025-05-08,已完成,149.14,微信,食品,79.99,5,0.0,
U04_00026,ORD00001972,2025-06-06,已支付,219.6,搜索引擎,数码,108.95,10,0.0,
U04_00026,ORD00001973,2025-08-18,已完成,417.4,微信,服饰,192.3,10,0.0,
U04_00027,ORD00001974,2025-05-16,已完成,278.86,微信,服饰,160.07,10,162.6,2025-06-18
U04_00028,ORD00001975,2025-05-07,已支付,404.61,小红书,服饰,216.25,10,0.0,
U04_00028,ORD00001976,2025-07-29,已完成,318.98,小红书,服饰,157.88,5,0.0,
U04_00028,ORD00001977,2025-10-12,已完成,305.26,微信,家居,123.71,0,276.19,2025-10-30
U04_00028,ORD00001978,2025-11-12,已支付,307.72,微信,美妆,208.71,5,296.04,2026-01-10
U04_00029,ORD00001979,2025-05-14,已完成,148.26,其他,服饰,66.05,10,0.0,
U04_00029,ORD00001980,2025-06-22,已完成,374.09,其他,食品,166.94,15,0.0,
U04_00029,ORD00001981,2025-08-13,已支付,84.2,抖音,家居,50.43,10,0.0,
U04_00029,ORD00001982,2025-09-24,已完成,98.14,微信,家居,58.53,0,0.0,
U04_00030,ORD00001983,2025-05-06,已完成,78.9,抖音,数码,46.76,5,0.0,
U04_00030,ORD00001984,2025-06-10,已支付,280.11,微信,家居,188.66,0,0.0,
U04_00031,ORD00001985,2025-05-04,已完成,393.61,其他,家居,170.4,10,257.68,2025-06-02
U04_00031,ORD00001986,2025-09-13,已完成,129.95,其他,服饰,88.16,15,0.0,
U04_00032,ORD00001987,2025-05-24,已完成,481.89,微信,美妆,284.96,10,0.0,
U04_00032,ORD00001988,2025-07-22,已完成,131.13,小红书,美妆,76.47,15,0.0,
U04_00032,ORD00001989,2025-08-23,已完成,78.78,其他,数码,38.23,10,0.0,
U04_00032,ORD00001990,2025-09-24,已支付,268.52,抖音,美妆,148.58,10,0.0,
U04_00033,ORD00001991,2025-05-25,已完成,232.81,其他,家居,135.69,10,135.13,2025-07-18
U04_00033,ORD00001992,2025-06-24,已完成,297.3,搜索引擎,美妆,124.0,15,0.0,
U04_00033,ORD00001993,2025-09-12,已完成,471.31,小红书,家居,294.29,10,0.0,
U04_00033,ORD00001994,2025-11-21,已完成,70.89,其他,数码,45.57,10,0.0,
U04_00034,ORD00001995,2025-05-01,已完成,470.89,其他,数码,266.5,5,0.0,
U04_00034,ORD00001996,2025-08-13,已完成,290.29,小红书,数码,153.75,15,0.0,
U04_00035,ORD00001997,2025-05-17,已完成,324.24,搜索引擎,服饰,167.18,5,0.0,
U04_00035,ORD00001998,2025-06-11,已完成,335.75,小红书,服饰,223.27,10,0.0,
U04_00035,ORD00001999,2025-07-18,已完成,187.12,小红书,数码,118.46,0,0.0,
U04_00035,ORD00002000,2025-09-08,已支付,372.6,小红书,食品,166.07,10,0.0,
U04_00036,ORD00002001,2025-05-28,已完成,78.49,搜索引擎,服饰,42.62,0,0.0,
U04_00036,ORD00002002,2025-11-29,已完成,470.45,抖音,家居,261.94,10,0.0,
U04_00037,ORD00002003,2025-05-20,已支付,250.07,抖音,食品,130.77,15,0.0,
U04_00038,ORD00002004,2025-05-06,已支付,380.49,搜索引擎,服饰,154.09,5,0.0,
U04_00038,ORD00002005,2025-09-28,已完成,209.26,搜索引擎,数码,135.77,5,0.0,
U04_00039,ORD00002006,2025-05-31,已完成,123.13,搜索引擎,美妆,61.3,10,0.0,
U04_00040,ORD00002007,2025-05-05,已完成,394.17,抖音,服饰,206.39,10,0.0,
U04_00040,ORD00002008,2025-07-01,已支付,298.96,搜索引擎,食品,172.97,10,0.0,
U04_00041,ORD00002009,2025-05-31,已完成,279.08,抖音,服饰,178.84,10,0.0,
U04_00041,ORD00002010,2025-06-15,已完成,283.54,其他,家居,167.0,5,0.0,
U04_00041,ORD00002011,2025-07-13,已完成,181.84,微信,食品,104.61,0,145.92,2025-09-03
U04_00042,ORD00002012,2025-05-06,已完成,103.22,搜索引擎,数码,68.77,0,0.0,
U04_00042,ORD00002013,2025-06-13,已完成,180.45,其他,数码,104.76,0,0.0,
U04_00042,ORD00002014,2025-09-08,已支付,50.25,小红书,美妆,33.32,10,0.0,
U04_00043,ORD00002015,2025-05-18,已完成,156.63,抖音,家居,90.61,15,0.0,
U04_00043,ORD00002016,2025-07-05,已完成,466.45,抖音,美妆,249.14,10,0.0,
U04_00044,ORD00002017,2025-05-19,已支付,449.87,小红书,美妆,285.02,10,0.0,
U04_00044,ORD00002018,2025-08-09,已支付,395.26,微信,服饰,180.82,15,0.0,
U04_00044,ORD00002019,2025-09-25,已支付,265.93,抖音,家居,163.89,0,0.0,
U04_00045,ORD00002020,2025-05-02,已完成,64.05,微信,美妆,37.75,5,40.72,2025-05-30
U04_00045,ORD00002021,2025-06-09,已完成,109.19,搜索引擎,食品,63.18,0,0.0,
U04_00046,ORD00002022,2025-05-10,已完成,473.0,微信,食品,242.81,5,0.0,
U04_00046,ORD00002023,2025-10-31,已完成,434.8,小红书,数码,190.21,0,0.0,
U04_00047,ORD00002024,2025-05-10,已完成,247.81,搜索引擎,服饰,101.31,15,0.0,
U04_00047,ORD00002025,2025-06-26,已完成,196.56,微信,数码,113.84,10,179.27,2025-07-20
U04_00047,ORD00002026,2025-10-05,已完成,179.36,小红书,家居,110.95,5,156.13,2025-11-09
U04_00047,ORD00002027,2025-11-06,已支付,475.93,搜索引擎,数码,323.23,0,0.0,
U04_00048,ORD00002028,2025-05-21,已完成,114.43,搜索引擎,食品,79.07,15,0.0,
U04_00048,ORD00002029,2025-07-12,已支付,300.06,微信,数码,184.15,10,0.0,
U04_00048,ORD00002030,2025-09-27,已完成,205.82,搜索引擎,美妆,126.34,10,0.0,
U04_00049,ORD00002031,2025-05-03,已支付,251.88,抖音,食品,104.89,0,0.0,
U04_00049,ORD00002032,2025-06-15,已完成,254.35,小红书,食品,122.28,5,0.0,
U04_00049,ORD00002033,2025-07-28,已完成,288.02,搜索引擎,美妆,179.44,10,0.0,
U04_00050,ORD00002034,2025-05-10,已完成,431.33,小红书,服饰,250.56,0,0.0,
U04_00050,ORD00002035,2025-06-07,已完成,106.17,小红书,数码,49.4,0,0.0,
U04_00050,ORD00002036,2025-09-30,已完成,66.85,其他,美妆,36.25,10,0.0,
U04_00050,ORD00002037,2025-10-18,已完成,263.85,小红书,食品,106.3,10,0.0,
U04_00051,ORD00002038,2025-05-04,已支付,250.33,小红书,食品,123.09,10,0.0,
U04_00051,ORD00002039,2025-09-19,已完成,438.56,微信,食品,222.29,15,0.0,
U04_00052,ORD00002040,2025-05-15,已完成,384.04,其他,美妆,261.17,10,0.0,
U04_00052,ORD00002041,2025-06-27,已完成,228.22,搜索引擎,服饰,131.52,10,0.0,
U04_00052,ORD00002042,2025-08-19,已完成,308.8,抖音,家居,196.73,0,0.0,
U04_00052,ORD00002043,2025-11-29,已完成,155.28,抖音,美妆,105.49,10,0.0,
U04_00053,ORD00002044,2025-05-14,已完成,348.61,微信,服饰,169.83,10,0.0,
U04_00054,ORD00002045,2025-05-24,已支付,256.02,微信,服饰,130.88,5,0.0,
U04_00055,ORD00002046,2025-05-02,已完成,130.62,其他,家居,55.05,10,0.0,
U04_00055,ORD00002047,2025-08-05,已完成,184.66,抖音,服饰,103.8,10,122.63,2025-09-21
U04_00056,ORD00002048,2025-05-11,已完成,414.9,搜索引擎,数码,264.28,5,0.0,
U04_00056,ORD00002049,2025-08-24,已支付,147.94,微信,服饰,60.49,10,0.0,
U04_00056,ORD00002050,2025-09-03,已支付,310.16,抖音,食品,180.8,15,0.0,
U04_00056,ORD00002051,2025-11-27,已支付,60.2,小红书,美妆,38.44,10,0.0,
U04_00057,ORD00002052,2025-05-19,已完成,71.15,搜索引擎,家居,35.2,10,0.0,
U04_00058,ORD00002053,2025-05-01,已支付,389.54,微信,数码,210.12,0,0.0,
U04_00058,ORD00002054,2025-08-19,已完成,158.51,其他,数码,91.2,0,0.0,
U04_00059,ORD00002055,2025-05-11,已完成,207.3,其他,美妆,98.05,15,0.0,
U04_00059,ORD00002056,2025-06-18,已完成,408.92,微信,食品,268.53,0,232.19,2025-07-11
U04_00059,ORD00002057,2025-08-03,已完成,457.6,小红书,服饰,311.08,10,0.0,
U04_00059,ORD00002058,2025-09-15,已支付,85.49,其他,服饰,51.9,10,0.0,
U04_00060,ORD00002059,2025-05-20,已支付,77.16,微信,服饰,31.03,10,63.0,2025-06-17
U04_00060,ORD00002060,2025-07-21,已完成,200.44,其他,服饰,103.38,15,0.0,
U04_00060,ORD00002061,2025-10-13,已完成,180.58,小红书,家居,93.52,10,0.0,
U04_00061,ORD00002062,2025-05-06,已支付,255.62,搜索引擎,服饰,167.83,10,0.0,
U04_00061,ORD00002063,2025-06-08,已完成,182.74,微信,美妆,101.67,15,0.0,
U04_00061,ORD00002064,2025-08-29,已完成,97.18,小红书,食品,68.0,15,0.0,
U04_00062,ORD00002065,2025-05-09,已完成,69.28,小红书,家居,35.47,0,0.0,
U04_00062,ORD00002066,2025-06-07,已完成,53.72,搜索引擎,数码,23.79,15,0.0,
U04_00062,ORD00002067,2025-08-21,已支付,166.62,其他,数码,80.17,0,0.0,
U04_00063,ORD00002068,2025-05-19,已完成,408.78,其他,美妆,214.82,15,0.0,
U04_00063,ORD00002069,2025-06-18,已支付,393.59,搜索引擎,食品,190.29,10,0.0,
U04_00064,ORD00002070,2025-05-11,已完成,291.94,抖音,服饰,194.97,5,0.0,
U04_00064,ORD00002071,2025-06-21,已完成,485.53,抖音,服饰,311.62,10,0.0,
U04_00064,ORD00002072,2025-10-10,已完成,476.2,其他,服饰,274.86,10,0.0,
U04_00065,ORD00002073,2025-05-21,已支付,386.34,小红书,数码,266.01,5,0.0,
U04_00065,ORD00002074,2025-09-23,已完成,53.79,小红书,家居,21.72,0,0.0,
U04_00066,ORD00002075,2025-05-06,已完成,295.23,小红书,美妆,153.16,10,0.0,
U04_00066,ORD00002076,2025-06-28,已支付,126.67,抖音,食品,83.72,0,0.0,
U04_00066,ORD00002077,2025-07-09,已支付,391.08,搜索引擎,家居,164.21,0,0.0,
U04_00066,ORD00002078,2025-10-12,已支付,499.02,抖音,美妆,235.57,10,0.0,
U04_00067,ORD00002079,2025-05-10,已完成,94.46,微信,家居,55.76,5,0.0,
U04_00067,ORD00002080,2025-06-24,已完成,380.92,其他,服饰,206.61,15,0.0,
U04_00067,ORD00002081,2025-07-03,已完成,496.34,微信,美妆,323.91,5,0.0,
U04_00068,ORD00002082,2025-05-04,已完成,290.11,微信,服饰,170.17,0,0.0,
U04_00068,ORD00002083,2025-06-13,已支付,146.8,搜索引擎,服饰,79.63,5,0.0,
U04_00068,ORD00002084,2025-07-30,已支付,468.49,微信,数码,296.89,0,0.0,
U04_00068,ORD00002085,2025-10-12,已完成,138.47,抖音,食品,95.2,10,0.0,
U04_00069,ORD00002086,2025-05-01,已完成,76.97,其他,美妆,42.22,5,56.24,2025-06-19
U04_00069,ORD00002087,2025-07-25,已完成,65.57,抖音,数码,35.11,5,0.0,
U04_00069,ORD00002088,2025-09-17,已完成,262.68,小红书,数码,111.03,15,0.0,
U04_00070,ORD00002089,2025-05-28,已完成,464.92,搜索引擎,美妆,293.85,15,0.0,
U04_00070,ORD00002090,2025-08-27,已完成,52.83,抖音,数码,25.2,5,0.0,
U04_00071,ORD00002091,2025-05-29,已支付,109.29,搜索引擎,美妆,55.54,0,0.0,
U04_00071,ORD00002092,2025-06-30,已支付,314.47,抖音,家居,197.05,5,0.0,
U04_00072,ORD00002093,2025-05-01,已完成,143.71,抖音,数码,65.36,10,0.0,
U04_00072,ORD00002094,2025-07-15,已完成,321.21,小红书,食品,157.4,10,0.0,
U04_00072,ORD00002095,2025-11-02,已完成,109.14,其他,家居,47.14,0,0.0,
U04_00073,ORD00002096,2025-05-03,已支付,126.83,微信,家居,67.09,15,0.0,
U04_00073,ORD00002097,2025-07-18,已支付,242.58,搜索引擎,数码,160.99,10,0.0,
U04_00073,ORD00002098,2025-09-01,已完成,275.09,抖音,家居,132.26,15,0.0,
U04_00074,ORD00002099,2025-05-03,已完成,489.52,微信,家居,211.89,0,0.0,
U04_00074,ORD00002100,2025-06-14,已支付,185.35,其他,数码,76.94,10,0.0,
U04_00075,ORD00002101,2025-05-09,已完成,293.15,抖音,家居,162.1,10,0.0,
U04_00075,ORD00002102,2025-06-17,已完成,234.6,抖音,数码,113.15,5,136.83,2025-08-13
U04_00076,ORD00002103,2025-05-11,已完成,50.67,抖音,美妆,23.43,5,38.48,2025-06-05
U04_00077,ORD00002104,2025-05-01,已完成,282.27,抖音,食品,161.32,10,0.0,
U04_00077,ORD00002105,2025-07-31,已支付,435.14,小红书,数码,186.11,10,0.0,
U04_00078,ORD00002106,2025-05-18,已支付,475.28,其他,美妆,272.41,15,0.0,
U04_00079,ORD00002107,2025-05-28,已完成,459.38,小红书,美妆,242.36,10,441.32,2025-07-14
U04_00079,ORD00002108,2025-08-04,已完成,450.64,抖音,美妆,278.0,5,0.0,
U04_00079,ORD00002109,2025-09-03,已支付,347.97,微信,食品,197.16,10,0.0,
U04_00080,ORD00002110,2025-05-10,已支付,117.54,抖音,美妆,47.66,10,0.0,
U04_00080,ORD00002111,2025-06-08,已完成,174.98,搜索引擎,家居,91.57,15,0.0,
U04_00080,ORD00002112,2025-07-19,已完成,450.76,搜索引擎,数码,217.27,15,0.0,
U04_00080,ORD00002113,2025-08-18,已完成,112.08,其他,美妆,74.46,0,0.0,
U04_00080,ORD00002114,2025-09-05,已完成,343.68,抖音,数码,190.4,10,0.0,
U04_00080,ORD00002115,2025-11-12,已支付,275.36,微信,数码,115.93,10,0.0,
U04_00081,ORD00002116,2025-05-26,已完成,460.73,微信,数码,272.36,5,0.0,
U04_00081,ORD00002117,2025-06-15,已支付,57.83,抖音,家居,28.24,5,0.0,
U04_00082,ORD00002118,2025-05-21,已完成,129.51,其他,美妆,76.34,10,0.0,
U04_00082,ORD00002119,2025-09-20,已完成,127.8,抖音,美妆,53.24,15,99.78,2025-11-02
U04_00082,ORD00002120,2025-10-03,已完成,63.33,小红书,家居,39.08,5,0.0,
U04_00083,ORD00002121,2025-05-14,已支付,80.89,微信,家居,34.53,0,0.0,
U04_00083,ORD00002122,2025-06-24,已支付,243.22,微信,食品,152.12,5,0.0,
U04_00083,ORD00002123,2025-07-29,已完成,187.46,搜索引擎,数码,84.98,5,0.0,
U04_00083,ORD00002124,2025-10-20,已完成,89.65,小红书,食品,42.22,10,0.0,
U04_00083,ORD00002125,2025-11-08,已完成,207.38,搜索引擎,家居,142.75,0,0.0,
U04_00084,ORD00002126,2025-05-31,已完成,193.03,小红书,服饰,83.09,5,0.0,
U04_00084,ORD00002127,2025-06-13,已完成,431.29,搜索引擎,数码,263.55,15,0.0,
U04_00084,ORD00002128,2025-07-03,已完成,480.38,其他,服饰,281.7,15,0.0,
U04_00085,ORD00002129,2025-05-03,已完成,348.08,抖音,美妆,199.61,5,0.0,
U04_00086,ORD00002130,2025-05-05,已完成,155.88,抖音,食品,102.76,5,0.0,
U04_00086,ORD00002131,2025-10-11,已支付,405.78,微信,数码,215.0,10,0.0,
U04_00087,ORD00002132,2025-05-06,已完成,57.74,抖音,美妆,30.02,10,0.0,
U04_00087,ORD00002133,2025-08-18,已完成,86.14,搜索引擎,数码,38.25,5,0.0,
U04_00088,ORD00002134,2025-05-28,已支付,438.8,其他,食品,281.66,0,0.0,
U04_00088,ORD00002135,2025-07-13,已完成,232.32,抖音,美妆,153.3,0,0.0,
U04_00088,ORD00002136,2025-08-06,已支付,416.83,微信,美妆,213.13,5,0.0,
U04_00088,ORD00002137,2025-09-28,已完成,63.19,其他,家居,38.7,0,0.0,
U04_00089,ORD00002138,2025-05-05,已完成,95.22,抖音,美妆,58.94,10,0.0,
U04_00089,ORD00002139,2025-06-23,已支付,140.74,其他,家居,81.4,10,0.0,
U04_00089,ORD00002140,2025-07-03,已完成,413.41,微信,服饰,169.39,0,0.0,
U04_00089,ORD00002141,2025-08-25,已完成,360.44,其他,服饰,225.01,10,315.24,2025-10-14
U04_00090,ORD00002142,2025-05-31,已支付,209.65,其他,食品,128.85,0,172.75,2025-07-20
U04_00090,ORD00002143,2025-11-15,已支付,203.33,抖音,美妆,101.93,5,0.0,
U04_00091,ORD00002144,2025-05-06,已支付,301.15,抖音,服饰,181.53,15,0.0,
U04_00091,ORD00002145,2025-11-01,已完成,298.64,小红书,数码,165.33,10,0.0,
U04_00092,ORD00002146,2025-05-22,已完成,318.07,搜索引擎,服饰,199.57,15,0.0,
U04_00092,ORD00002147,2025-09-29,已完成,238.65,微信,家居,157.27,0,205.57,2025-11-13
U04_00093,ORD00002148,2025-05-28,已支付,486.63,微信,食品,199.25,5,0.0,
U04_00093,ORD00002149,2025-07-13,已完成,483.8,其他,美妆,217.07,0,0.0,
U04_00094,ORD00002150,2025-05-15,已完成,166.81,搜索引擎,食品,100.07,0,135.09,2025-06-01
U04_00094,ORD00002151,2025-06-28,已完成,492.14,微信,美妆,334.39,5,0.0,
U04_00094,ORD00002152,2025-11-30,已支付,54.34,其他,食品,24.96,0,0.0,
U04_00095,ORD00002153,2025-05-06,已支付,176.93,其他,数码,82.02,0,0.0,
U04_00095,ORD00002154,2025-06-28,已完成,181.78,微信,美妆,76.31,0,0.0,
U04_00096,ORD00002155,2025-05-05,已完成,95.42,微信,家居,64.26,15,0.0,
U04_00097,ORD00002156,2025-05-11,已完成,154.7,微信,美妆,87.4,0,0.0,
U04_00097,ORD00002157,2025-07-16,已完成,239.28,其他,家居,150.89,5,0.0,
U04_00097,ORD00002158,2025-09-16,已完成,161.05,其他,美妆,80.7,0,0.0,
U04_00098,ORD00002159,2025-05-04,已完成,110.29,其他,美妆,63.71,10,0.0,
U04_00098,ORD00002160,2025-06-13,已完成,434.34,小红书,数码,257.06,10,0.0,
U04_00098,ORD00002161,2025-07-10,已完成,404.05,搜索引擎,服饰,214.36,10,0.0,
U04_00098,ORD00002162,2025-08-03,已完成,248.69,其他,服饰,101.51,5,0.0,
U04_00099,ORD00002163,2025-05-18,已支付,497.71,抖音,数码,311.46,15,328.0,2025-06-11
U04_00099,ORD00002164,2025-10-10,已支付,276.46,小红书,服饰,137.48,15,216.0,2025-11-10
U04_00100,ORD00002165,2025-05-25,已完成,227.49,小红书,家居,127.04,5,0.0,
U04_00100,ORD00002166,2025-06-02,已完成,251.91,搜索引擎,服饰,133.16,5,0.0,
U04_00100,ORD00002167,2025-07-31,已完成,80.42,小红书,家居,52.31,5,0.0,
U04_00100,ORD00002168,2025-10-20,已支付,106.42,其他,服饰,71.08,15,0.0,
U04_00101,ORD00002169,2025-05-22,已支付,362.34,搜索引擎,家居,231.61,10,0.0,
U04_00101,ORD00002170,2025-06-23,已完成,200.57,抖音,食品,102.52,5,0.0,
U04_00101,ORD00002171,2025-10-07,已支付,309.97,搜索引擎,服饰,193.01,10,0.0,
U04_00102,ORD00002172,2025-05-11,已完成,136.33,搜索引擎,美妆,81.37,10,0.0,
U04_00103,ORD00002173,2025-05-03,已支付,314.01,微信,数码,206.87,5,0.0,
U04_00103,ORD00002174,2025-09-24,已完成,142.81,小红书,服饰,59.68,5,0.0,
U04_00104,ORD00002175,2025-05-27,已支付,216.95,抖音,服饰,144.51,15,0.0,
U04_00104,ORD00002176,2025-06-25,已完成,182.54,抖音,食品,106.79,10,0.0,
U04_00105,ORD00002177,2025-05-27,已支付,241.17,小红书,数码,138.33,5,142.31,2025-07-02
U04_00105,ORD00002178,2025-09-29,已完成,169.76,抖音,美妆,102.46,10,0.0,
U04_00105,ORD00002179,2025-10-03,已完成,252.76,抖音,服饰,168.1,0,0.0,
U04_00106,ORD00002180,2025-05-25,已完成,67.7,微信,家居,34.03,0,0.0,
U04_00106,ORD00002181,2025-06-27,已完成,256.48,其他,数码,122.12,10,0.0,
U04_00107,ORD00002182,2025-05-08,已支付,462.15,抖音,服饰,185.6,5,0.0,
U04_00107,ORD00002183,2025-06-02,已支付,120.32,微信,美妆,60.75,10,0.0,
U04_00107,ORD00002184,2025-07-20,已完成,151.19,小红书,家居,81.43,5,0.0,
U04_00107,ORD00002185,2025-08-19,已支付,103.04,抖音,食品,53.2,10,0.0,
U04_00107,ORD00002186,2025-11-14,已完成,373.34,搜索引擎,数码,200.02,10,0.0,
U04_00108,ORD00002187,2025-05-10,已完成,210.15,其他,家居,97.01,15,0.0,
U04_00108,ORD00002188,2025-07-28,已完成,295.76,搜索引擎,食品,145.04,0,0.0,
U04_00108,ORD00002189,2025-09-02,已支付,295.54,小红书,家居,177.19,0,175.28,2025-09-16
U04_00109,ORD00002190,2025-05-31,已完成,184.68,微信,食品,118.96,10,0.0,
U04_00109,ORD00002191,2025-08-06,已完成,206.82,抖音,数码,94.67,5,0.0,
U04_00109,ORD00002192,2025-09-05,已完成,414.31,抖音,美妆,278.32,10,0.0,
U04_00110,ORD00002193,2025-05-10,已完成,197.85,搜索引擎,家居,121.75,0,0.0,
U04_00110,ORD00002194,2025-09-07,已完成,389.77,小红书,服饰,184.63,5,0.0,
U04_00110,ORD00002195,2025-11-26,已支付,291.83,小红书,美妆,147.1,10,0.0,
U04_00111,ORD00002196,2025-05-31,已完成,404.9,其他,美妆,253.39,0,0.0,
U04_00111,ORD00002197,2025-06-20,已支付,226.77,其他,数码,152.46,10,0.0,
U04_00111,ORD00002198,2025-07-08,已完成,485.14,搜索引擎,食品,252.49,0,0.0,
U04_00111,ORD00002199,2025-09-01,已支付,222.77,抖音,家居,128.89,10,0.0,
U04_00112,ORD00002200,2025-05-26,已完成,94.01,抖音,数码,41.34,15,64.51,2025-07-21
U04_00113,ORD00002201,2025-05-17,已完成,333.3,小红书,美妆,173.18,15,0.0,
U04_00113,ORD00002202,2025-09-19,已完成,316.89,微信,数码,189.49,10,0.0,
U04_00114,ORD00002203,2025-05-03,已完成,209.22,抖音,食品,98.14,10,126.57,2025-07-01
U04_00114,ORD00002204,2025-06-19,已支付,337.93,搜索引擎,服饰,165.54,0,0.0,
U04_00114,ORD00002205,2025-08-15,已完成,322.46,小红书,美妆,141.26,10,0.0,
U04_00115,ORD00002206,2025-05-22,已支付,194.6,小红书,美妆,132.24,0,0.0,
U04_00116,ORD00002207,2025-05-07,已支付,446.28,其他,服饰,279.94,10,0.0,
U04_00116,ORD00002208,2025-06-20,已支付,474.24,其他,食品,213.3,15,0.0,
U04_00116,ORD00002209,2025-07-29,已支付,283.89,其他,家居,167.77,10,0.0,
U04_00116,ORD00002210,2025-09-25,已完成,194.29,搜索引擎,数码,103.2,15,146.49,2025-10-30
U04_00117,ORD00002211,2025-05-25,已支付,125.73,微信,食品,61.8,5,99.68,2025-06-14
U04_00117,ORD00002212,2025-07-28,已完成,207.66,微信,服饰,130.1,10,0.0,
U04_00117,ORD00002213,2025-10-14,已支付,134.92,抖音,美妆,84.75,5,0.0,
U04_00118,ORD00002214,2025-05-06,已支付,160.56,其他,数码,77.4,10,0.0,
U04_00119,ORD00002215,2025-05-05,已完成,234.46,其他,食品,93.8,10,0.0,
U04_00119,ORD00002216,2025-06-16,已支付,426.18,小红书,家居,253.2,0,370.21,2025-07-01
U04_00119,ORD00002217,2025-08-25,已完成,140.36,微信,服饰,82.22,5,136.83,2025-09-18
U04_00119,ORD00002218,2025-10-02,已完成,238.94,搜索引擎,服饰,97.1,10,0.0,
U04_00120,ORD00002219,2025-05-09,已完成,230.1,搜索引擎,服饰,155.79,15,0.0,
U04_00120,ORD00002220,2025-07-17,已支付,370.95,微信,数码,187.77,0,0.0,
U04_00120,ORD00002221,2025-08-14,已完成,90.56,抖音,数码,58.67,5,0.0,
U04_00120,ORD00002222,2025-11-21,已支付,471.59,抖音,服饰,275.96,10,0.0,
U04_00121,ORD00002223,2025-05-31,已完成,140.02,微信,美妆,60.17,10,0.0,
U04_00121,ORD00002224,2025-06-06,已支付,258.76,微信,服饰,154.62,15,0.0,
U04_00122,ORD00002225,2025-05-20,已完成,181.54,搜索引擎,美妆,106.58,0,0.0,
U04_00122,ORD00002226,2025-07-18,已支付,248.62,其他,家居,173.89,15,0.0,
U04_00122,ORD00002227,2025-09-29,已完成,125.92,微信,食品,71.54,15,94.2,2025-10-23
U04_00123,ORD00002228,2025-05-11,已支付,408.26,微信,服饰,224.66,15,0.0,
U04_00123,ORD00002229,2025-07-28,已完成,182.04,小红书,服饰,102.09,5,0.0,
U04_00123,ORD00002230,2025-08-23,已支付,260.42,微信,美妆,119.63,15,0.0,
U04_00123,ORD00002231,2025-10-11,已完成,152.21,微信,数码,100.81,10,131.37,2025-11-05
U04_00124,ORD00002232,2025-05-19,已支付,321.53,小红书,服饰,209.18,0,0.0,
U04_00124,ORD00002233,2025-06-14,已支付,72.46,抖音,食品,39.61,15,0.0,
U04_00124,ORD00002234,2025-11-24,已支付,218.83,微信,服饰,123.13,15,0.0,
U04_00125,ORD00002235,2025-05-14,已完成,432.09,搜索引擎,家居,189.87,15,0.0,
U04_00126,ORD00002236,2025-05-27,已完成,282.89,小红书,服饰,164.83,0,0.0,
U04_00126,ORD00002237,2025-08-25,已支付,282.66,其他,服饰,141.43,15,279.31,2025-09-27
U04_00126,ORD00002238,2025-11-29,已完成,66.43,搜索引擎,家居,40.64,15,0.0,
U04_00127,ORD00002239,2025-05-07,已支付,62.17,小红书,美妆,33.88,15,0.0,
U04_00127,ORD00002240,2025-10-24,已支付,132.53,微信,美妆,69.33,15,0.0,
U04_00128,ORD00002241,2025-05-15,已完成,278.64,其他,食品,153.84,10,0.0,
U04_00128,ORD00002242,2025-07-16,已完成,388.14,小红书,家居,221.94,5,0.0,
U04_00129,ORD00002243,2025-05-24,已完成,429.73,微信,家居,274.88,10,0.0,
U04_00129,ORD00002244,2025-08-21,已支付,435.4,搜索引擎,服饰,229.36,0,302.77,2025-09-11
U04_00130,ORD00002245,2025-05-06,已完成,310.05,小红书,家居,213.52,0,0.0,
U04_00131,ORD00002246,2025-05-06,已支付,270.74,微信,数码,153.93,15,0.0,
U04_00131,ORD00002247,2025-06-03,已支付,255.89,搜索引擎,食品,172.55,0,0.0,
U04_00131,ORD00002248,2025-07-19,已支付,181.37,小红书,美妆,74.19,10,0.0,
U04_00131,ORD00002249,2025-08-11,已支付,186.12,抖音,美妆,129.7,10,0.0,
U04_00132,ORD00002250,2025-05-01,已支付,497.25,微信,家居,288.23,0,0.0,
U04_00132,ORD00002251,2025-06-09,已完成,498.31,其他,家居,278.63,10,0.0,
U04_00132,ORD00002252,2025-07-26,已支付,160.41,抖音,服饰,66.78,5,0.0,
U04_00132,ORD00002253,2025-08-16,已支付,275.9,搜索引擎,食品,187.12,15,0.0,
U04_00133,ORD00002254,2025-05-19,已完成,438.66,搜索引擎,食品,275.3,0,0.0,
U04_00133,ORD00002255,2025-08-28,已完成,344.32,搜索引擎,美妆,147.35,0,0.0,
U04_00133,ORD00002256,2025-09-20,已完成,489.8,搜索引擎,美妆,256.5,10,0.0,
U04_00134,ORD00002257,2025-05-17,已完成,338.28,小红书,服饰,223.21,0,0.0,
U04_00134,ORD00002258,2025-06-14,已完成,297.62,其他,食品,177.2,10,0.0,
U04_00134,ORD00002259,2025-07-28,已支付,58.66,其他,食品,26.06,10,0.0,
U04_00134,ORD00002260,2025-08-21,已完成,260.12,其他,美妆,125.56,0,0.0,
U04_00134,ORD00002261,2025-10-20,已完成,448.05,搜索引擎,服饰,230.95,0,0.0,
U04_00134,ORD00002262,2025-11-02,已支付,288.67,抖音,服饰,188.27,5,253.66,2025-11-23
U04_00135,ORD00002263,2025-05-30,已完成,239.58,微信,数码,144.17,10,0.0,
U04_00135,ORD00002264,2025-08-09,已完成,200.3,抖音,数码,111.48,15,174.9,2025-09-30
U04_00135,ORD00002265,2025-10-06,已支付,345.93,抖音,家居,177.18,15,333.14,2025-10-30
U04_00136,ORD00002266,2025-05-08,已支付,54.03,搜索引擎,服饰,30.55,10,0.0,
U04_00136,ORD00002267,2025-07-20,已完成,219.53,微信,数码,137.93,0,0.0,
U04_00136,ORD00002268,2025-08-25,已完成,451.13,小红书,服饰,222.18,10,0.0,
U04_00137,ORD00002269,2025-05-26,已完成,215.25,搜索引擎,食品,146.91,0,0.0,
U04_00137,ORD00002270,2025-08-28,已完成,372.58,其他,食品,199.53,15,0.0,
U04_00138,ORD00002271,2025-05-31,已完成,107.23,搜索引擎,家居,56.66,15,0.0,
U04_00138,ORD00002272,2025-09-19,已完成,189.69,抖音,食品,122.35,5,0.0,
U04_00139,ORD00002273,2025-05-31,已完成,234.83,搜索引擎,服饰,137.6,0,170.69,2025-07-16
U04_00139,ORD00002274,2025-07-29,已支付,205.14,小红书,家居,119.61,10,0.0,
U04_00140,ORD00002275,2025-05-25,已支付,298.78,其他,服饰,162.31,15,0.0,
U04_00140,ORD00002276,2025-07-30,已完成,401.45,微信,家居,162.07,0,0.0,
U04_00141,ORD00002277,2025-05-08,已支付,93.04,小红书,家居,42.8,10,92.62,2025-06-12
U04_00141,ORD00002278,2025-06-01,已支付,453.56,搜索引擎,服饰,220.83,0,0.0,
U04_00141,ORD00002279,2025-09-26,已完成,187.23,微信,家居,111.52,5,121.75,2025-10-07
U04_00142,ORD00002280,2025-05-16,已完成,194.63,小红书,美妆,130.47,10,0.0,
U04_00142,ORD00002281,2025-10-26,已完成,350.21,微信,家居,213.34,10,0.0,
U04_00143,ORD00002282,2025-05-02,已完成,283.37,其他,服饰,133.2,5,0.0,
U04_00143,ORD00002283,2025-08-31,已完成,167.46,其他,家居,112.49,15,0.0,
U04_00143,ORD00002284,2025-10-28,已完成,216.51,搜索引擎,食品,121.29,0,0.0,
U04_00144,ORD00002285,2025-05-15,已完成,327.06,其他,食品,170.96,10,0.0,
U04_00144,ORD00002286,2025-06-25,已完成,343.24,微信,数码,212.73,10,0.0,
U04_00144,ORD00002287,2025-07-09,已完成,104.23,小红书,服饰,46.8,5,0.0,
U04_00144,ORD00002288,2025-10-16,已完成,270.59,搜索引擎,食品,124.18,5,191.99,2025-12-13
U04_00145,ORD00002289,2025-05-22,已支付,130.7,其他,家居,54.04,10,0.0,
U04_00145,ORD00002290,2025-08-15,已完成,68.14,微信,食品,33.35,5,0.0,
U04_00146,ORD00002291,2025-05-16,已完成,244.06,小红书,数码,130.13,10,0.0,
U04_00146,ORD00002292,2025-06-29,已完成,52.31,抖音,家居,34.06,15,38.48,2025-07-11
U04_00146,ORD00002293,2025-11-23,已支付,157.5,微信,美妆,94.06,10,0.0,
U04_00147,ORD00002294,2025-05-13,已完成,136.66,其他,食品,65.15,10,0.0,
U04_00147,ORD00002295,2025-06-18,已完成,383.89,搜索引擎,食品,237.5,0,0.0,
U04_00147,ORD00002296,2025-11-13,已完成,71.1,抖音,食品,38.93,15,44.29,2025-11-23
U04_00148,ORD00002297,2025-05-23,已支付,190.17,微信,美妆,127.0,0,0.0,
U04_00148,ORD00002298,2025-06-30,已完成,404.81,其他,美妆,228.22,5,0.0,
U04_00148,ORD00002299,2025-09-24,已支付,379.12,其他,服饰,178.78,10,0.0,
U04_00149,ORD00002300,2025-05-24,已完成,59.47,小红书,服饰,31.72,10,0.0,
U04_00150,ORD00002301,2025-05-07,已支付,440.13,搜索引擎,数码,271.43,10,0.0,
U04_00150,ORD00002302,2025-10-30,已完成,278.25,抖音,家居,115.76,15,0.0,
U04_00151,ORD00002303,2025-05-16,已完成,496.58,抖音,家居,204.97,5,0.0,
U04_00151,ORD00002304,2025-06-27,已完成,375.3,抖音,美妆,228.12,10,0.0,
U04_00151,ORD00002305,2025-08-13,已完成,220.36,其他,食品,94.51,10,0.0,
U04_00152,ORD00002306,2025-05-22,已完成,103.69,微信,服饰,59.95,15,0.0,
U04_00152,ORD00002307,2025-07-01,已支付,191.09,抖音,服饰,110.87,15,0.0,
U04_00153,ORD00002308,2025-05-31,已支付,405.48,小红书,美妆,267.24,5,0.0,
U04_00153,ORD00002309,2025-06-13,已完成,385.65,小红书,家居,249.46,10,0.0,
U04_00154,ORD00002310,2025-05-06,已完成,161.69,抖音,食品,98.78,10,0.0,
U04_00154,ORD00002311,2025-06-24,已完成,222.97,小红书,食品,138.68,10,0.0,
U04_00155,ORD00002312,2025-05-11,已完成,467.66,搜索引擎,服饰,194.34,5,0.0,
U04_00155,ORD00002313,2025-08-17,已完成,449.19,抖音,家居,191.5,15,0.0,
U04_00155,ORD00002314,2025-09-28,已完成,147.36,抖音,数码,60.88,0,0.0,
U04_00155,ORD00002315,2025-10-05,已支付,60.49,小红书,服饰,28.96,5,0.0,
U04_00156,ORD00002316,2025-05-23,已支付,318.86,小红书,服饰,149.67,0,258.8,2025-07-06
U04_00156,ORD00002317,2025-07-31,已完成,258.56,微信,食品,174.57,15,0.0,
U04_00156,ORD00002318,2025-10-11,已完成,178.62,微信,食品,101.29,10,0.0,
U04_00156,ORD00002319,2025-11-18,已支付,57.33,搜索引擎,食品,32.58,10,0.0,
U04_00157,ORD00002320,2025-05-17,已完成,145.11,搜索引擎,服饰,96.63,10,0.0,
U04_00157,ORD00002321,2025-06-26,已支付,358.62,搜索引擎,美妆,159.52,15,0.0,
U04_00157,ORD00002322,2025-08-26,已完成,233.77,其他,服饰,150.37,5,118.11,2025-10-03
U04_00157,ORD00002323,2025-10-14,已完成,455.81,微信,美妆,237.86,5,0.0,
U04_00158,ORD00002324,2025-05-03,已完成,218.51,搜索引擎,数码,100.45,0,0.0,
U04_00158,ORD00002325,2025-07-16,已完成,414.03,其他,服饰,204.87,0,0.0,
U04_00158,ORD00002326,2025-09-10,已完成,83.77,搜索引擎,家居,39.67,10,0.0,
U04_00159,ORD00002327,2025-05-24,已支付,385.4,搜索引擎,家居,178.88,10,331.96,2025-06-10
U04_00160,ORD00002328,2025-05-14,已支付,483.99,小红书,服饰,329.61,15,0.0,
U04_00160,ORD00002329,2025-08-11,已完成,371.07,搜索引擎,家居,203.52,10,0.0,
U04_00161,ORD00002330,2025-05-08,已支付,497.22,抖音,家居,302.42,15,0.0,
U04_00161,ORD00002331,2025-08-06,已完成,123.77,小红书,数码,71.92,15,0.0,
U04_00162,ORD00002332,2025-05-16,已支付,145.72,搜索引擎,食品,88.13,5,0.0,
U04_00162,ORD00002333,2025-06-18,已完成,464.7,搜索引擎,服饰,230.79,5,0.0,
U04_00162,ORD00002334,2025-08-06,已支付,247.68,小红书,数码,167.32,10,0.0,
U04_00162,ORD00002335,2025-11-08,已完成,358.7,抖音,美妆,145.81,0,0.0,
U04_00163,ORD00002336,2025-05-07,已完成,152.58,微信,数码,97.58,10,0.0,
U04_00163,ORD00002337,2025-06-22,已支付,81.77,抖音,服饰,47.21,5,0.0,
U04_00163,ORD00002338,2025-08-27,已完成,170.93,搜索引擎,食品,85.91,15,0.0,
U04_00164,ORD00002339,2025-05-31,已完成,149.51,小红书,数码,61.13,15,0.0,
U04_00164,ORD00002340,2025-06-25,已完成,244.62,搜索引擎,服饰,143.74,5,0.0,
U04_00164,ORD00002341,2025-07-31,已支付,83.94,抖音,服饰,55.9,10,0.0,
U04_00165,ORD00002342,2025-05-07,已完成,301.33,微信,家居,125.27,15,0.0,
U04_00165,ORD00002343,2025-08-10,已支付,88.17,微信,美妆,57.07,15,0.0,
U04_00165,ORD00002344,2025-10-21,已支付,440.84,小红书,服饰,238.92,10,0.0,
U04_00165,ORD00002345,2025-11-19,已完成,466.7,抖音,美妆,304.55,15,0.0,
U04_00166,ORD00002346,2025-05-13,已支付,135.91,搜索引擎,食品,75.09,10,0.0,
U04_00166,ORD00002347,2025-07-15,已完成,170.27,抖音,家居,98.5,10,0.0,
U04_00167,ORD00002348,2025-05-19,已完成,427.39,微信,家居,261.74,10,0.0,
U04_00167,ORD00002349,2025-07-24,已完成,329.1,微信,家居,162.74,10,0.0,
U04_00167,ORD00002350,2025-09-14,已完成,398.78,小红书,数码,211.73,5,0.0,
U04_00168,ORD00002351,2025-05-05,已支付,95.38,其他,美妆,58.71,10,0.0,
U04_00168,ORD00002352,2025-11-23,已支付,82.96,小红书,数码,50.23,15,0.0,
U04_00169,ORD00002353,2025-05-27,已完成,316.21,微信,数码,176.86,10,0.0,
U04_00169,ORD00002354,2025-07-13,已完成,371.81,其他,家居,231.99,15,0.0,
U04_00169,ORD00002355,2025-09-15,已完成,286.64,微信,家居,161.61,15,0.0,
U04_00170,ORD00002356,2025-05-02,已支付,222.99,微信,家居,94.35,5,0.0,
U04_00171,ORD00002357,2025-05-13,已完成,61.03,搜索引擎,家居,36.85,10,0.0,
U04_00172,ORD00002358,2025-05-28,已完成,463.25,抖音,家居,206.73,15,435.47,2025-07-03
U04_00172,ORD00002359,2025-06-13,已完成,109.58,微信,服饰,47.09,10,0.0,
U04_00173,ORD00002360,2025-05-11,已完成,197.5,抖音,数码,123.95,15,0.0,
U04_00173,ORD00002361,2025-07-02,已完成,223.89,其他,数码,119.54,10,0.0,
U04_00173,ORD00002362,2025-08-03,已完成,236.63,小红书,数码,119.7,10,0.0,
U04_00174,ORD00002363,2025-05-19,已完成,325.23,小红书,数码,221.12,0,0.0,
U04_00174,ORD00002364,2025-08-25,已完成,155.02,抖音,服饰,76.81,15,96.51,2025-09-16
U04_00174,ORD00002365,2025-09-20,已完成,184.23,其他,服饰,125.46,5,96.28,2025-11-13
U04_00174,ORD00002366,2025-11-20,已完成,381.15,抖音,数码,178.0,10,0.0,
U04_00175,ORD00002367,2025-05-19,已支付,55.45,搜索引擎,家居,34.99,0,0.0,
U04_00176,ORD00002368,2025-05-05,已完成,299.86,其他,食品,129.8,10,0.0,
U04_00176,ORD00002369,2025-06-30,已支付,69.01,搜索引擎,食品,31.84,15,0.0,
U04_00176,ORD00002370,2025-08-11,已支付,274.22,微信,美妆,162.27,5,0.0,
U04_00177,ORD00002371,2025-05-05,已支付,346.04,其他,食品,183.28,5,0.0,
U04_00177,ORD00002372,2025-08-08,已支付,486.25,小红书,食品,246.11,10,0.0,
U04_00178,ORD00002373,2025-05-28,已支付,190.48,搜索引擎,服饰,78.53,0,0.0,
U04_00178,ORD00002374,2025-10-10,已支付,80.01,其他,数码,53.59,10,0.0,
U04_00179,ORD00002375,2025-05-25,已支付,375.76,其他,服饰,244.89,10,0.0,
U04_00179,ORD00002376,2025-07-19,已完成,239.13,搜索引擎,美妆,113.21,5,0.0,
U04_00180,ORD00002377,2025-05-06,已支付,256.66,小红书,美妆,167.24,10,0.0,
U04_00180,ORD00002378,2025-09-19,已完成,146.14,抖音,家居,100.83,0,0.0,
U04_00180,ORD00002379,2025-11-18,已完成,275.29,微信,食品,134.47,5,0.0,
U04_00181,ORD00002380,2025-05-14,已完成,330.29,小红书,数码,190.95,0,0.0,
U04_00181,ORD00002381,2025-07-16,已完成,103.57,小红书,数码,60.84,10,0.0,
U04_00181,ORD00002382,2025-10-27,已完成,408.46,其他,服饰,283.29,10,385.7,2025-11-23
U04_00182,ORD00002383,2025-05-15,已支付,311.42,搜索引擎,服饰,190.27,0,0.0,
U04_00182,ORD00002384,2025-06-19,已支付,286.17,其他,美妆,199.36,10,0.0,
U04_00182,ORD00002385,2025-09-19,已支付,79.16,其他,食品,43.4,0,0.0,
U04_00183,ORD00002386,2025-05-21,已完成,225.77,其他,食品,117.74,10,0.0,
U04_00183,ORD00002387,2025-07-01,已完成,437.56,抖音,数码,300.97,15,0.0,
U04_00183,ORD00002388,2025-09-04,已完成,471.04,微信,美妆,299.54,10,0.0,
U04_00183,ORD00002389,2025-11-30,已支付,305.18,搜索引擎,美妆,194.32,10,0.0,
U04_00184,ORD00002390,2025-05-05,已完成,416.97,搜索引擎,服饰,170.11,15,0.0,
U04_00184,ORD00002391,2025-09-19,已支付,109.38,其他,数码,59.54,5,0.0,
U04_00185,ORD00002392,2025-05-09,已支付,457.38,微信,家居,253.12,15,0.0,
U04_00185,ORD00002393,2025-07-11,已支付,69.91,其他,服饰,38.26,15,0.0,
U04_00186,ORD00002394,2025-05-12,已完成,360.73,小红书,美妆,145.73,15,0.0,
U04_00186,ORD00002395,2025-09-11,已完成,203.12,抖音,食品,83.85,10,0.0,
U04_00186,ORD00002396,2025-10-16,已支付,328.04,微信,食品,197.69,5,0.0,
U04_00187,ORD00002397,2025-05-17,已完成,291.83,抖音,食品,125.9,0,0.0,
U04_00188,ORD00002398,2025-05-26,已支付,195.22,搜索引擎,美妆,80.97,15,0.0,
U04_00189,ORD00002399,2025-05-15,已支付,445.25,抖音,数码,238.25,15,0.0,
U04_00190,ORD00002400,2025-05-16,已完成,308.53,搜索引擎,食品,150.57,5,0.0,
U04_00190,ORD00002401,2025-06-07,已完成,471.93,搜索引擎,家居,275.58,15,0.0,
U04_00191,ORD00002402,2025-05-06,已支付,320.64,搜索引擎,数码,195.91,5,0.0,
U04_00191,ORD00002403,2025-10-27,已支付,89.93,小红书,数码,51.06,10,0.0,
U04_00192,ORD00002404,2025-05-13,已支付,434.54,微信,食品,269.81,0,0.0,
U04_00192,ORD00002405,2025-08-15,已完成,459.67,微信,服饰,225.22,15,0.0,
U04_00192,ORD00002406,2025-09-24,已支付,334.49,抖音,服饰,169.59,10,0.0,
U04_00193,ORD00002407,2025-05-04,已完成,241.11,小红书,数码,128.41,10,200.65,2025-06-08
U04_00193,ORD00002408,2025-07-27,已完成,474.26,微信,食品,316.51,0,0.0,
U04_00194,ORD00002409,2025-05-18,已完成,141.53,抖音,数码,77.28,15,0.0,
U04_00194,ORD00002410,2025-07-13,已完成,179.88,抖音,数码,106.32,5,0.0,
U04_00194,ORD00002411,2025-11-24,已完成,340.61,其他,数码,175.53,5,0.0,
U04_00195,ORD00002412,2025-05-15,已完成,256.86,搜索引擎,服饰,148.96,15,0.0,
U04_00195,ORD00002413,2025-06-11,已完成,385.97,抖音,数码,260.37,10,0.0,
U04_00195,ORD00002414,2025-08-23,已支付,490.48,抖音,美妆,235.72,10,0.0,
U04_00195,ORD00002415,2025-09-15,已完成,487.38,微信,家居,275.91,15,0.0,
U04_00195,ORD00002416,2025-10-28,已支付,253.55,微信,食品,106.91,5,0.0,
U04_00195,ORD00002417,2025-11-10,已完成,62.11,抖音,服饰,27.9,5,0.0,
U04_00196,ORD00002418,2025-05-13,已完成,458.58,搜索引擎,美妆,243.18,10,0.0,
U04_00196,ORD00002419,2025-08-07,已支付,79.92,搜索引擎,家居,45.98,10,0.0,
U04_00197,ORD00002420,2025-05-16,已完成,358.39,微信,家居,183.74,10,217.96,2025-07-15
U04_00197,ORD00002421,2025-08-06,已支付,384.33,小红书,食品,192.3,0,0.0,
U04_00198,ORD00002422,2025-05-16,已完成,113.31,其他,美妆,63.46,10,0.0,
U04_00198,ORD00002423,2025-08-30,已完成,212.54,搜索引擎,食品,109.12,0,0.0,
U04_00198,ORD00002424,2025-09-12,已完成,91.76,其他,家居,43.88,10,0.0,
U04_00199,ORD00002425,2025-05-05,已支付,443.68,微信,食品,178.55,0,0.0,
U04_00199,ORD00002426,2025-08-07,已支付,73.3,抖音,美妆,40.94,10,62.18,2025-09-16
U04_00199,ORD00002427,2025-10-07,已完成,312.03,小红书,服饰,155.19,0,0.0,
U04_00200,ORD00002428,2025-05-21,已支付,96.75,抖音,家居,61.93,15,0.0,
U04_00200,ORD00002429,2025-06-22,已完成,232.43,小红书,食品,129.55,15,0.0,
U04_00200,ORD00002430,2025-11-14,已支付,419.89,抖音,食品,250.66,5,0.0,
U04_00201,ORD00002431,2025-05-06,已完成,368.03,抖音,数码,168.87,15,0.0,
U04_00201,ORD00002432,2025-06-17,已支付,244.28,抖音,食品,122.28,10,0.0,
U04_00201,ORD00002433,2025-07-10,已完成,383.41,搜索引擎,服饰,164.39,5,0.0,
U04_00201,ORD00002434,2025-08-03,已完成,165.24,抖音,美妆,102.71,10,0.0,
U04_00202,ORD00002435,2025-05-24,已完成,283.69,抖音,美妆,124.43,5,0.0,
U04_00202,ORD00002436,2025-06-19,已完成,108.72,搜索引擎,数码,65.17,0,0.0,
U04_00202,ORD00002437,2025-07-22,已完成,382.62,小红书,食品,240.0,0,0.0,
U04_00202,ORD00002438,2025-08-19,已完成,95.46,小红书,家居,44.71,5,0.0,
U04_00203,ORD00002439,2025-05-24,已支付,318.97,微信,食品,159.7,15,0.0,
U04_00203,ORD00002440,2025-06-17,已支付,229.88,搜索引擎,服饰,145.23,10,0.0,
U04_00203,ORD00002441,2025-07-19,已完成,280.4,抖音,家居,148.28,10,0.0,
U04_00203,ORD00002442,2025-08-25,已完成,254.22,其他,家居,152.79,5,0.0,
U04_00204,ORD00002443,2025-05-12,已支付,232.14,小红书,服饰,146.79,10,0.0,
U04_00204,ORD00002444,2025-09-16,已完成,393.81,小红书,家居,203.61,5,377.29,2025-10-22
U04_00205,ORD00002445,2025-05-26,已支付,496.68,微信,数码,231.33,15,0.0,
U04_00206,ORD00002446,2025-05-08,已完成,202.13,其他,家居,114.88,15,0.0,
U04_00206,ORD00002447,2025-07-07,已完成,444.84,其他,数码,272.3,15,0.0,
U04_00206,ORD00002448,2025-09-21,已完成,255.95,其他,数码,151.9,15,0.0,
U04_00207,ORD00002449,2025-05-14,已完成,296.84,其他,美妆,163.28,15,0.0,
U04_00207,ORD00002450,2025-06-24,已支付,292.28,小红书,家居,142.87,15,0.0,
U04_00208,ORD00002451,2025-05-08,已完成,353.21,其他,数码,194.28,0,0.0,
U04_00208,ORD00002452,2025-06-08,已完成,60.4,搜索引擎,美妆,38.77,15,0.0,
U04_00208,ORD00002453,2025-07-27,已支付,397.97,其他,服饰,271.77,10,0.0,
U04_00208,ORD00002454,2025-10-29,已完成,112.97,抖音,数码,69.99,10,0.0,
U04_00209,ORD00002455,2025-05-13,已完成,402.69,搜索引擎,数码,232.61,10,0.0,
U04_00209,ORD00002456,2025-06-05,已完成,386.9,微信,食品,269.84,5,0.0,
U04_00209,ORD00002457,2025-07-27,已支付,136.06,其他,家居,58.87,5,0.0,
U04_00210,ORD00002458,2025-05-28,已完成,349.22,搜索引擎,服饰,243.77,0,0.0,
U04_00210,ORD00002459,2025-07-14,已支付,253.17,其他,数码,152.32,15,0.0,
U04_00210,ORD00002460,2025-08-04,已完成,64.79,微信,家居,44.5,0,45.4,2025-09-28
U04_00211,ORD00002461,2025-05-02,已完成,392.64,微信,食品,166.63,5,0.0,
U04_00212,ORD00002462,2025-05-26,已支付,95.18,微信,美妆,39.37,10,0.0,
U04_00212,ORD00002463,2025-10-09,已完成,458.92,微信,家居,196.12,15,0.0,
U04_00213,ORD00002464,2025-05-22,已支付,87.37,小红书,美妆,35.6,10,0.0,
U04_00214,ORD00002465,2025-05-02,已支付,386.6,抖音,数码,163.03,10,0.0,
U04_00214,ORD00002466,2025-06-28,已完成,396.37,其他,食品,189.21,10,0.0,
U04_00214,ORD00002467,2025-08-07,已支付,83.61,抖音,服饰,34.98,15,0.0,
U04_00214,ORD00002468,2025-10-30,已完成,294.6,抖音,美妆,123.03,10,0.0,
U04_00214,ORD00002469,2025-11-29,已支付,110.85,微信,美妆,67.8,10,0.0,
U04_00215,ORD00002470,2025-05-10,已完成,457.8,其他,家居,275.0,0,0.0,
U04_00215,ORD00002471,2025-06-03,已支付,103.65,微信,食品,67.59,15,0.0,
U04_00216,ORD00002472,2025-05-16,已完成,432.11,搜索引擎,数码,220.61,15,0.0,
U04_00216,ORD00002473,2025-06-26,已完成,483.79,其他,美妆,198.96,15,0.0,
U04_00216,ORD00002474,2025-10-21,已完成,118.29,小红书,美妆,59.68,0,0.0,
U04_00217,ORD00002475,2025-05-02,已完成,234.93,抖音,服饰,140.73,5,0.0,
U04_00217,ORD00002476,2025-09-21,已完成,273.58,小红书,食品,135.03,0,0.0,
U04_00217,ORD00002477,2025-11-23,已完成,259.95,其他,家居,146.31,10,0.0,
U04_00218,ORD00002478,2025-05-12,已支付,241.66,其他,数码,140.49,10,0.0,
U04_00218,ORD00002479,2025-06-04,已完成,315.88,搜索引擎,食品,185.93,10,0.0,
U04_00218,ORD00002480,2025-08-12,已完成,400.23,搜索引擎,美妆,195.66,5,0.0,
U04_00218,ORD00002481,2025-10-21,已完成,212.73,抖音,服饰,108.51,10,110.92,2025-11-18
U04_00219,ORD00002482,2025-05-21,已完成,464.44,搜索引擎,家居,201.27,5,0.0,
U04_00220,ORD00002483,2025-05-04,已完成,444.63,其他,家居,178.31,15,282.77,2025-07-01
U04_00220,ORD00002484,2025-06-05,已完成,291.33,小红书,家居,117.21,15,0.0,
U04_00220,ORD00002485,2025-07-28,已完成,406.73,其他,数码,182.38,5,0.0,
U04_00221,ORD00002486,2025-05-28,已支付,120.0,其他,食品,54.93,10,76.38,2025-06-09
U04_00222,ORD00002487,2025-05-04,已支付,367.04,抖音,食品,249.88,10,0.0,
U04_00222,ORD00002488,2025-09-21,已完成,288.78,微信,美妆,126.88,0,0.0,
U04_00223,ORD00002489,2025-05-16,已支付,300.44,小红书,美妆,123.87,15,0.0,
U04_00223,ORD00002490,2025-08-10,已完成,96.05,微信,美妆,46.71,10,0.0,
U04_00223,ORD00002491,2025-10-25,已完成,279.74,搜索引擎,家居,187.96,10,0.0,
U04_00224,ORD00002492,2025-05-24,已完成,447.7,抖音,家居,196.39,0,0.0,
U04_00224,ORD00002493,2025-07-13,已支付,149.91,抖音,数码,75.45,10,0.0,
U04_00224,ORD00002494,2025-09-05,已支付,93.81,搜索引擎,食品,60.71,10,0.0,
U04_00225,ORD00002495,2025-05-13,已支付,318.32,微信,食品,128.64,10,0.0,
U04_00226,ORD00002496,2025-05-19,已支付,452.66,搜索引擎,家居,181.15,15,0.0,
U04_00226,ORD00002497,2025-08-20,已完成,410.45,抖音,服饰,217.02,15,0.0,
U04_00227,ORD00002498,2025-05-12,已完成,249.82,小红书,服饰,103.17,15,0.0,
U04_00227,ORD00002499,2025-11-12,已完成,148.98,搜索引擎,服饰,60.51,10,0.0,
U04_00228,ORD00002500,2025-05-06,已完成,338.07,微信,服饰,221.32,10,0.0,
U04_00228,ORD00002501,2025-10-10,已完成,353.89,小红书,数码,167.08,5,0.0,
U04_00228,ORD00002502,2025-11-02,已完成,173.26,抖音,食品,92.92,5,0.0,
U04_00229,ORD00002503,2025-05-31,已支付,442.9,微信,食品,256.93,10,0.0,
U04_00229,ORD00002504,2025-08-06,已完成,425.34,小红书,食品,241.99,15,0.0,
U04_00230,ORD00002505,2025-05-08,已支付,345.72,其他,食品,202.65,10,0.0,
U04_00231,ORD00002506,2025-05-08,已支付,70.74,搜索引擎,服饰,28.73,5,0.0,
U04_00231,ORD00002507,2025-08-06,已支付,94.64,小红书,数码,46.25,5,51.44,2025-09-14
U04_00232,ORD00002508,2025-05-12,已完成,358.02,其他,数码,206.61,15,0.0,
U04_00232,ORD00002509,2025-07-08,已完成,493.79,抖音,数码,318.9,0,0.0,
U04_00233,ORD00002510,2025-05-01,已支付,133.23,其他,美妆,55.09,0,0.0,
U04_00233,ORD00002511,2025-06-08,已支付,145.24,搜索引擎,美妆,85.07,15,0.0,
U04_00233,ORD00002512,2025-07-21,已完成,59.76,抖音,服饰,36.61,10,0.0,
U04_00234,ORD00002513,2025-05-16,已支付,78.8,微信,美妆,49.01,10,0.0,
U04_00235,ORD00002514,2025-05-24,已完成,411.71,搜索引擎,服饰,191.51,5,0.0,
U04_00236,ORD00002515,2025-05-08,已支付,249.77,微信,食品,158.53,0,0.0,
U04_00237,ORD00002516,2025-05-14,已完成,370.17,搜索引擎,服饰,185.82,10,189.99,2025-06-29
U04_00237,ORD00002517,2025-06-03,已支付,419.62,抖音,服饰,249.42,15,0.0,
U04_00237,ORD00002518,2025-09-08,已支付,81.16,其他,服饰,35.24,15,66.11,2025-10-18
U04_00238,ORD00002519,2025-05-08,已完成,110.97,其他,食品,50.99,15,0.0,
U04_00238,ORD00002520,2025-06-05,已支付,220.35,其他,食品,130.17,10,0.0,
U04_00238,ORD00002521,2025-08-10,已完成,430.61,抖音,美妆,250.56,5,0.0,
U04_00239,ORD00002522,2025-05-08,已完成,306.41,抖音,数码,172.01,5,0.0,
U04_00240,ORD00002523,2025-05-16,已完成,389.73,搜索引擎,家居,218.49,10,0.0,
U04_00241,ORD00002524,2025-05-17,已支付,112.76,抖音,服饰,48.29,10,0.0,
U04_00241,ORD00002525,2025-06-14,已完成,226.81,微信,美妆,103.24,15,0.0,
U04_00242,ORD00002526,2025-05-30,已支付,162.01,搜索引擎,食品,110.99,10,0.0,
U04_00243,ORD00002527,2025-05-06,已完成,124.11,微信,美妆,79.96,10,87.3,2025-05-24
U04_00243,ORD00002528,2025-06-14,已完成,310.37,搜索引擎,家居,214.53,15,0.0,
U04_00243,ORD00002529,2025-08-22,已完成,74.41,搜索引擎,服饰,39.18,5,0.0,
U04_00244,ORD00002530,2025-05-20,已支付,248.38,微信,数码,157.3,10,195.66,2025-06-18
U04_00244,ORD00002531,2025-09-05,已完成,404.34,其他,美妆,197.24,15,0.0,
U04_00245,ORD00002532,2025-05-19,已完成,258.64,其他,食品,171.52,10,0.0,
U04_00245,ORD00002533,2025-06-01,已完成,141.63,抖音,食品,84.26,10,0.0,
U04_00245,ORD00002534,2025-10-08,已支付,136.88,抖音,家居,81.24,5,0.0,
U04_00246,ORD00002535,2025-05-03,已支付,373.0,搜索引擎,美妆,193.37,15,0.0,
U04_00246,ORD00002536,2025-07-05,已完成,431.92,小红书,美妆,274.33,10,0.0,
U04_00246,ORD00002537,2025-11-27,已完成,72.05,其他,食品,48.02,10,0.0,
U04_00247,ORD00002538,2025-05-27,已完成,163.91,小红书,数码,113.0,10,0.0,
U04_00247,ORD00002539,2025-08-26,已支付,279.28,搜索引擎,服饰,190.34,10,0.0,
U04_00248,ORD00002540,2025-05-28,已完成,201.01,搜索引擎,家居,121.24,10,0.0,
U04_00248,ORD00002541,2025-11-07,已支付,115.51,小红书,食品,67.75,0,95.47,2025-11-17
U04_00249,ORD00002542,2025-05-03,已完成,98.73,搜索引擎,食品,49.32,15,0.0,
U04_00249,ORD00002543,2025-09-29,已支付,71.95,抖音,食品,49.32,10,0.0,
U04_00249,ORD00002544,2025-10-10,已完成,77.65,搜索引擎,家居,36.7,10,0.0,
U04_00250,ORD00002545,2025-05-27,已完成,198.58,其他,数码,110.56,0,0.0,
U04_00250,ORD00002546,2025-08-02,已支付,331.01,微信,服饰,133.6,15,0.0,
U04_00250,ORD00002547,2025-09-27,已完成,417.04,其他,美妆,235.49,0,0.0,
U04_00251,ORD00002548,2025-05-04,已支付,232.16,小红书,服饰,135.09,10,0.0,
U04_00251,ORD00002549,2025-07-17,已完成,467.53,抖音,美妆,246.52,10,0.0,
U04_00252,ORD00002550,2025-05-23,已完成,284.59,抖音,服饰,170.53,5,0.0,
U04_00253,ORD00002551,2025-05-12,已完成,339.63,微信,服饰,142.68,10,0.0,
U04_00253,ORD00002552,2025-07-31,已支付,157.74,小红书,食品,74.81,10,0.0,
U04_00253,ORD00002553,2025-09-15,已支付,457.44,抖音,美妆,279.09,10,0.0,
U04_00254,ORD00002554,2025-05-14,已完成,242.49,小红书,美妆,132.27,5,0.0,
U04_00254,ORD00002555,2025-07-29,已完成,421.58,其他,家居,191.24,15,0.0,
U04_00254,ORD00002556,2025-08-11,已完成,81.33,微信,数码,41.58,0,0.0,
U04_00254,ORD00002557,2025-11-08,已完成,51.99,其他,家居,29.29,5,0.0,
U04_00255,ORD00002558,2025-05-05,已完成,448.7,其他,数码,292.87,15,0.0,
U04_00255,ORD00002559,2025-10-29,已完成,391.98,搜索引擎,家居,191.19,10,0.0,
U04_00256,ORD00002560,2025-05-25,已完成,321.14,抖音,美妆,129.29,0,0.0,
U04_00256,ORD00002561,2025-07-07,已支付,182.84,抖音,食品,89.06,5,0.0,
U04_00257,ORD00002562,2025-05-04,已完成,390.83,其他,家居,254.14,15,0.0,
U04_00257,ORD00002563,2025-06-12,已完成,369.4,搜索引擎,服饰,195.91,15,0.0,
U04_00258,ORD00002564,2025-05-25,已完成,169.71,小红书,食品,68.77,10,0.0,
U04_00258,ORD00002565,2025-09-15,已完成,330.86,抖音,家居,227.35,5,208.17,2025-11-03
U04_00259,ORD00002566,2025-05-12,已完成,361.98,抖音,美妆,196.73,5,0.0,
U04_00259,ORD00002567,2025-08-31,已完成,197.94,抖音,服饰,123.43,0,0.0,
U04_00259,ORD00002568,2025-11-02,已支付,110.55,小红书,食品,55.78,10,0.0,
U04_00260,ORD00002569,2025-05-30,已完成,201.32,小红书,食品,108.05,10,0.0,
U04_00260,ORD00002570,2025-07-16,已完成,452.49,其他,服饰,262.46,0,0.0,
U04_00260,ORD00002571,2025-08-09,已完成,222.98,搜索引擎,食品,154.1,10,0.0,
U04_00260,ORD00002572,2025-10-29,已支付,143.45,小红书,服饰,97.94,15,0.0,
U04_00260,ORD00002573,2025-11-17,已完成,113.89,其他,数码,58.98,10,0.0,
U04_00261,ORD00002574,2025-05-16,已完成,351.41,小红书,美妆,171.15,0,0.0,
U04_00261,ORD00002575,2025-07-22,已完成,385.83,其他,美妆,245.76,10,0.0,
U04_00261,ORD00002576,2025-09-05,已支付,272.98,抖音,数码,118.57,5,0.0,
U04_00262,ORD00002577,2025-05-21,已完成,459.31,抖音,美妆,236.28,5,238.32,2025-06-03
U04_00262,ORD00002578,2025-08-18,已完成,249.52,其他,美妆,108.34,0,0.0,
U04_00263,ORD00002579,2025-05-31,已完成,175.41,其他,美妆,87.8,10,0.0,
U04_00263,ORD00002580,2025-06-30,已完成,168.13,搜索引擎,美妆,78.38,15,0.0,
U04_00263,ORD00002581,2025-08-30,已完成,339.21,小红书,服饰,187.77,0,0.0,
U04_00264,ORD00002582,2025-05-10,已完成,400.91,抖音,食品,267.9,10,0.0,
U04_00264,ORD00002583,2025-06-27,已支付,438.42,其他,数码,186.98,10,0.0,
U04_00264,ORD00002584,2025-08-20,已完成,244.69,其他,家居,166.13,10,0.0,
U04_00264,ORD00002585,2025-09-18,已完成,313.04,搜索引擎,家居,136.94,10,0.0,
U04_00265,ORD00002586,2025-05-12,已完成,341.44,搜索引擎,服饰,214.16,0,0.0,
U04_00265,ORD00002587,2025-10-17,已完成,294.21,搜索引擎,家居,202.26,15,0.0,
U04_00266,ORD00002588,2025-05-12,已支付,61.06,小红书,服饰,37.77,15,0.0,
U04_00266,ORD00002589,2025-06-06,已支付,132.83,其他,美妆,70.36,15,0.0,
U04_00267,ORD00002590,2025-05-11,已支付,126.05,其他,家居,71.23,10,81.39,2025-06-27
U04_00267,ORD00002591,2025-06-11,已完成,304.52,其他,服饰,131.51,10,0.0,
U04_00267,ORD00002592,2025-07-11,已完成,488.54,抖音,家居,317.93,15,0.0,
U04_00267,ORD00002593,2025-11-01,已完成,465.92,搜索引擎,美妆,314.75,10,0.0,
U04_00268,ORD00002594,2025-05-25,已完成,224.39,其他,美妆,122.26,10,0.0,
U04_00268,ORD00002595,2025-06-28,已支付,208.62,其他,服饰,108.26,0,116.22,2025-07-27
U04_00268,ORD00002596,2025-08-28,已支付,343.17,其他,数码,216.94,0,0.0,
U04_00269,ORD00002597,2025-05-15,已支付,302.53,搜索引擎,美妆,201.7,10,0.0,
U04_00269,ORD00002598,2025-09-04,已完成,378.99,其他,服饰,168.64,0,0.0,
U04_00269,ORD00002599,2025-10-09,已完成,126.91,其他,食品,79.48,0,0.0,
U04_00270,ORD00002600,2025-05-08,已完成,432.94,其他,美妆,226.18,5,0.0,
U04_00270,ORD00002601,2025-07-31,已完成,274.31,小红书,服饰,125.82,5,0.0,
U05_00001,ORD00002602,2025-06-08,已完成,261.31,微信,服饰,166.66,10,0.0,
U05_00002,ORD00002603,2025-06-12,已完成,455.58,抖音,服饰,274.94,15,0.0,
U05_00003,ORD00002604,2025-06-24,已支付,79.51,其他,服饰,40.89,15,0.0,
U05_00004,ORD00002605,2025-06-24,已支付,435.27,其他,服饰,260.47,10,0.0,
U05_00005,ORD00002606,2025-06-08,已完成,119.42,微信,家居,78.6,15,0.0,
U05_00006,ORD00002607,2025-06-26,已完成,324.54,小红书,服饰,151.08,10,0.0,
U05_00006,ORD00002608,2025-09-01,已完成,393.42,微信,美妆,250.66,10,0.0,
U05_00007,ORD00002609,2025-06-27,已完成,53.69,其他,数码,28.85,10,0.0,
U05_00008,ORD00002610,2025-06-11,已支付,171.34,抖音,数码,109.06,10,0.0,
U05_00008,ORD00002611,2025-07-14,已完成,111.97,微信,美妆,63.57,10,0.0,
U05_00009,ORD00002612,2025-06-18,已完成,92.4,小红书,服饰,42.77,5,0.0,
U05_00010,ORD00002613,2025-06-27,已完成,391.29,小红书,数码,178.6,0,0.0,
U05_00011,ORD00002614,2025-06-09,已完成,117.04,微信,美妆,62.06,15,0.0,
U05_00012,ORD00002615,2025-06-11,已完成,479.55,其他,美妆,229.16,15,0.0,
U05_00012,ORD00002616,2025-08-22,已完成,455.84,小红书,服饰,223.97,10,0.0,
U05_00013,ORD00002617,2025-06-04,已完成,237.08,搜索引擎,美妆,109.04,15,0.0,
U05_00013,ORD00002618,2025-07-03,已完成,350.51,小红书,服饰,227.53,10,0.0,
U05_00013,ORD00002619,2025-08-25,已完成,240.94,其他,服饰,133.51,10,0.0,
U05_00013,ORD00002620,2025-09-20,已完成,469.81,其他,服饰,247.67,5,0.0,
U05_00014,ORD00002621,2025-06-11,已完成,477.42,微信,食品,253.39,15,317.47,2025-07-30
U05_00015,ORD00002622,2025-06-15,已完成,152.4,微信,数码,97.71,5,0.0,
U05_00016,ORD00002623,2025-06-22,已完成,181.29,其他,数码,80.8,5,0.0,
U05_00017,ORD00002624,2025-06-09,已完成,109.63,搜索引擎,服饰,55.75,10,0.0,
U05_00017,ORD00002625,2025-08-11,已支付,181.76,微信,数码,74.03,10,0.0,
U05_00018,ORD00002626,2025-06-29,已完成,326.77,小红书,家居,152.77,0,0.0,
U05_00018,ORD00002627,2025-07-21,已支付,98.24,其他,美妆,39.76,5,0.0,
U05_00019,ORD00002628,2025-06-03,已支付,459.37,抖音,服饰,213.19,5,0.0,
U05_00020,ORD00002629,2025-06-04,已完成,317.17,微信,服饰,150.29,10,0.0,
U05_00020,ORD00002630,2025-09-01,已完成,211.54,抖音,服饰,120.46,15,0.0,
U05_00021,ORD00002631,2025-06-24,已完成,86.44,微信,食品,56.97,0,78.18,2025-07-15
U05_00021,ORD00002632,2025-07-25,已完成,340.79,其他,服饰,212.22,10,0.0,
U05_00021,ORD00002633,2025-08-07,已完成,385.15,小红书,家居,189.84,10,0.0,
U05_00021,ORD00002634,2025-11-21,已支付,400.6,小红书,食品,192.95,10,0.0,
U05_00022,ORD00002635,2025-06-22,已支付,206.59,小红书,数码,121.4,10,0.0,
U05_00022,ORD00002636,2025-08-03,已完成,449.9,小红书,美妆,292.0,5,393.74,2025-08-19
U05_00022,ORD00002637,2025-11-18,已完成,189.73,其他,家居,84.37,0,0.0,
U05_00023,ORD00002638,2025-06-06,已支付,64.19,抖音,服饰,36.27,5,0.0,
U05_00024,ORD00002639,2025-06-22,已完成,356.1,搜索引擎,家居,211.72,15,311.42,2025-08-08
U05_00024,ORD00002640,2025-11-12,已完成,108.23,搜索引擎,美妆,51.64,0,0.0,
U05_00025,ORD00002641,2025-06-09,已支付,302.28,其他,家居,199.93,0,0.0,
U05_00025,ORD00002642,2025-07-15,已支付,52.89,抖音,家居,27.05,0,0.0,
U05_00026,ORD00002643,2025-06-20,已支付,227.94,小红书,服饰,114.32,0,0.0,
U05_00026,ORD00002644,2025-07-15,已支付,250.77,其他,家居,151.79,0,0.0,
U05_00026,ORD00002645,2025-08-14,已完成,158.23,搜索引擎,服饰,80.11,0,0.0,
U05_00026,ORD00002646,2025-11-12,已支付,272.49,其他,服饰,146.5,5,0.0,
U05_00027,ORD00002647,2025-06-02,已支付,124.64,搜索引擎,美妆,55.08,10,0.0,
U05_00027,ORD00002648,2025-12-31,已完成,355.99,抖音,食品,150.04,15,0.0,
U05_00028,ORD00002649,2025-06-22,已完成,96.02,抖音,家居,43.75,10,0.0,
U05_00029,ORD00002650,2025-06-13,已完成,190.94,其他,家居,107.23,10,0.0,
U05_00029,ORD00002651,2025-12-18,已完成,148.95,小红书,美妆,90.1,5,0.0,
U05_00030,ORD00002652,2025-06-19,已支付,488.99,其他,美妆,305.15,5,0.0,
U05_00030,ORD00002653,2025-07-30,已完成,75.94,抖音,美妆,37.89,5,0.0,
U05_00030,ORD00002654,2025-08-24,已完成,471.49,其他,服饰,209.13,0,0.0,
U05_00031,ORD00002655,2025-06-03,已完成,291.41,抖音,服饰,155.59,10,0.0,
U05_00032,ORD00002656,2025-06-16,已支付,452.48,其他,美妆,259.95,15,0.0,
U05_00032,ORD00002657,2025-08-16,已完成,105.91,搜索引擎,食品,51.23,15,0.0,
U05_00032,ORD00002658,2025-09-20,已完成,290.54,抖音,服饰,125.11,0,0.0,
U05_00033,ORD00002659,2025-06-11,已完成,232.87,抖音,数码,110.14,15,0.0,
U05_00034,ORD00002660,2025-06-04,已完成,238.35,搜索引擎,家居,117.16,15,0.0,
U05_00034,ORD00002661,2025-07-27,已支付,451.24,其他,家居,251.64,10,345.29,2025-08-16
U05_00034,ORD00002662,2025-09-07,已完成,339.35,搜索引擎,食品,137.06,0,0.0,
U05_00035,ORD00002663,2025-06-26,已完成,492.65,抖音,服饰,225.8,0,0.0,
U05_00035,ORD00002664,2025-09-28,已完成,70.43,搜索引擎,数码,42.74,0,0.0,
U05_00036,ORD00002665,2025-06-17,已支付,151.21,其他,家居,92.0,5,0.0,
U05_00036,ORD00002666,2025-08-28,已支付,175.3,小红书,数码,108.64,10,0.0,
U05_00037,ORD00002667,2025-06-03,已完成,425.13,其他,美妆,259.4,5,0.0,
U05_00038,ORD00002668,2025-06-29,已支付,470.78,小红书,服饰,303.97,5,0.0,
U05_00038,ORD00002669,2025-07-18,已完成,227.82,微信,美妆,130.18,10,0.0,
U05_00038,ORD00002670,2025-11-13,已完成,147.93,搜索引擎,家居,61.51,5,0.0,
U05_00039,ORD00002671,2025-06-11,已完成,398.83,微信,食品,233.93,10,0.0,
U05_00039,ORD00002672,2025-11-24,已完成,325.08,搜索引擎,数码,214.51,0,0.0,
U05_00040,ORD00002673,2025-06-30,已完成,91.83,小红书,数码,47.76,0,0.0,
U05_00041,ORD00002674,2025-06-08,已完成,367.98,小红书,数码,254.78,5,0.0,
U05_00041,ORD00002675,2025-09-20,已完成,286.34,搜索引擎,数码,182.56,5,0.0,
U05_00042,ORD00002676,2025-06-04,已完成,451.2,微信,数码,194.0,10,0.0,
U05_00043,ORD00002677,2025-06-09,已完成,160.09,其他,食品,104.22,10,0.0,
U05_00043,ORD00002678,2025-09-22,已完成,381.13,搜索引擎,食品,201.14,0,343.53,2025-10-20
U05_00043,ORD00002679,2025-10-16,已支付,208.2,抖音,数码,122.07,10,0.0,
U05_00044,ORD00002680,2025-06-05,已支付,185.04,其他,美妆,92.05,0,0.0,
U05_00044,ORD00002681,2025-09-29,已完成,419.81,搜索引擎,食品,176.82,5,0.0,
U05_00045,ORD00002682,2025-06-02,已完成,335.38,搜索引擎,服饰,151.71,15,0.0,
U05_00046,ORD00002683,2025-06-13,已支付,91.97,其他,数码,43.69,0,0.0,
U05_00046,ORD00002684,2025-07-20,已完成,406.87,微信,数码,258.38,10,0.0,
U05_00047,ORD00002685,2025-06-07,已支付,412.68,小红书,数码,248.58,10,0.0,
U05_00047,ORD00002686,2025-08-31,已完成,381.91,抖音,家居,196.44,10,0.0,
U05_00048,ORD00002687,2025-06-18,已支付,129.47,微信,食品,88.45,5,82.15,2025-07-19
U05_00048,ORD00002688,2025-08-28,已支付,206.33,其他,家居,142.83,10,0.0,
U05_00049,ORD00002689,2025-06-28,已完成,53.72,微信,食品,30.66,10,0.0,
U05_00050,ORD00002690,2025-06-18,已支付,285.37,微信,食品,114.54,10,0.0,
U05_00051,ORD00002691,2025-06-13,已完成,350.13,搜索引擎,家居,194.29,15,0.0,
U05_00051,ORD00002692,2025-10-23,已支付,434.01,抖音,美妆,257.26,15,0.0,
U05_00052,ORD00002693,2025-06-03,已完成,61.84,搜索引擎,美妆,38.81,10,0.0,
U05_00052,ORD00002694,2025-12-24,已完成,277.33,搜索引擎,食品,189.45,0,0.0,
U05_00053,ORD00002695,2025-06-29,已支付,375.44,小红书,食品,170.53,10,0.0,
U05_00053,ORD00002696,2025-10-30,已支付,175.21,微信,服饰,110.0,0,0.0,
U05_00054,ORD00002697,2025-06-08,已支付,268.01,微信,数码,132.2,5,0.0,
U05_00055,ORD00002698,2025-06-04,已完成,185.3,抖音,数码,75.97,5,0.0,
U05_00056,ORD00002699,2025-06-17,已完成,496.72,其他,食品,209.32,15,0.0,
U05_00056,ORD00002700,2025-10-13,已完成,138.14,抖音,美妆,76.48,5,0.0,
U05_00057,ORD00002701,2025-06-18,已支付,310.15,小红书,美妆,179.99,0,0.0,
U05_00058,ORD00002702,2025-06-12,已完成,285.88,搜索引擎,食品,179.45,0,0.0,
U05_00058,ORD00002703,2025-07-07,已支付,386.31,微信,数码,179.51,10,0.0,
U05_00059,ORD00002704,2025-06-08,已完成,97.23,小红书,食品,40.99,5,0.0,
U05_00060,ORD00002705,2025-06-04,已完成,448.66,搜索引擎,服饰,220.04,10,0.0,
U05_00060,ORD00002706,2025-08-08,已支付,474.44,抖音,家居,253.04,10,0.0,
U05_00061,ORD00002707,2025-06-09,已支付,402.6,微信,食品,277.74,10,0.0,
U05_00062,ORD00002708,2025-06-24,已完成,256.86,搜索引擎,服饰,122.3,0,0.0,
U05_00063,ORD00002709,2025-06-15,已完成,209.61,小红书,食品,103.22,15,138.04,2025-07-25
U05_00063,ORD00002710,2025-11-02,已支付,339.51,抖音,服饰,140.54,10,0.0,
U05_00064,ORD00002711,2025-06-17,已完成,117.51,小红书,家居,73.26,10,0.0,
U05_00065,ORD00002712,2025-06-28,已完成,354.58,抖音,美妆,241.98,15,0.0,
U05_00065,ORD00002713,2025-07-19,已完成,381.59,其他,食品,160.67,5,0.0,
U05_00065,ORD00002714,2025-08-20,已支付,360.25,搜索引擎,食品,208.71,10,0.0,
U05_00065,ORD00002715,2025-09-04,已支付,357.28,搜索引擎,食品,177.03,5,0.0,
U05_00065,ORD00002716,2025-10-24,已支付,187.89,搜索引擎,家居,100.45,0,0.0,
U05_00065,ORD00002717,2025-11-24,已支付,257.7,搜索引擎,家居,148.19,15,0.0,
U05_00066,ORD00002718,2025-06-01,已完成,383.17,微信,家居,235.11,10,0.0,
U05_00066,ORD00002719,2025-07-21,已支付,328.47,小红书,数码,158.61,5,193.88,2025-09-14
U05_00066,ORD00002720,2025-11-09,已支付,427.18,搜索引擎,数码,258.07,10,0.0,
U05_00066,ORD00002721,2025-12-02,已支付,209.55,搜索引擎,服饰,97.42,0,155.54,2026-01-09
U05_00067,ORD00002722,2025-06-28,已完成,159.64,搜索引擎,家居,90.28,0,0.0,
U05_00068,ORD00002723,2025-06-10,已支付,96.4,小红书,家居,65.46,5,0.0,
U05_00068,ORD00002724,2025-09-30,已完成,386.47,微信,服饰,235.71,15,0.0,
U05_00068,ORD00002725,2025-10-03,已支付,486.22,小红书,美妆,328.49,0,0.0,
U05_00069,ORD00002726,2025-06-29,已支付,475.1,抖音,食品,249.68,10,0.0,
U05_00070,ORD00002727,2025-06-20,已完成,197.54,其他,家居,130.98,10,0.0,
U05_00070,ORD00002728,2025-09-06,已完成,487.01,微信,家居,275.75,15,0.0,
U05_00071,ORD00002729,2025-06-25,已完成,329.38,其他,数码,153.01,5,0.0,
U05_00071,ORD00002730,2025-11-02,已完成,496.74,搜索引擎,数码,341.83,0,0.0,
U05_00072,ORD00002731,2025-06-27,已支付,127.87,其他,食品,86.24,0,0.0,
U05_00072,ORD00002732,2025-10-19,已支付,380.98,微信,数码,164.0,0,0.0,
U05_00073,ORD00002733,2025-06-03,已完成,183.08,抖音,食品,95.29,5,0.0,
U05_00073,ORD00002734,2025-09-03,已完成,194.33,微信,美妆,80.01,0,0.0,
U05_00074,ORD00002735,2025-06-02,已完成,327.49,其他,家居,218.24,15,0.0,
U05_00075,ORD00002736,2025-06-10,已支付,196.49,小红书,家居,130.84,0,0.0,
U05_00075,ORD00002737,2025-07-31,已完成,326.24,小红书,美妆,219.05,10,0.0,
U05_00075,ORD00002738,2025-12-04,已支付,462.97,其他,美妆,289.11,15,438.7,2026-01-27
U05_00076,ORD00002739,2025-06-24,已完成,286.9,抖音,服饰,126.16,10,0.0,
U05_00076,ORD00002740,2025-09-22,已支付,87.67,搜索引擎,数码,56.39,10,0.0,
U05_00077,ORD00002741,2025-06-05,已完成,63.71,其他,美妆,29.18,10,0.0,
U05_00077,ORD00002742,2025-07-19,已完成,153.68,小红书,数码,92.0,10,0.0,
U05_00077,ORD00002743,2025-11-21,已支付,347.45,微信,家居,234.13,10,0.0,
U05_00078,ORD00002744,2025-06-26,已完成,136.12,其他,食品,73.36,0,90.84,2025-08-20
U05_00078,ORD00002745,2025-12-30,已完成,116.34,抖音,服饰,68.59,10,90.3,2026-01-20
U05_00079,ORD00002746,2025-06-26,已完成,470.89,微信,食品,214.06,0,0.0,
U05_00079,ORD00002747,2025-12-19,已支付,60.48,其他,家居,39.99,10,0.0,
U05_00080,ORD00002748,2025-06-13,已完成,483.32,搜索引擎,食品,230.97,0,0.0,
U05_00081,ORD00002749,2025-06-15,已支付,377.6,其他,家居,194.19,15,0.0,
U05_00081,ORD00002750,2025-07-13,已完成,346.55,其他,美妆,144.07,5,0.0,
U05_00081,ORD00002751,2025-12-09,已完成,266.9,其他,家居,153.93,15,201.37,2026-01-01
U05_00082,ORD00002752,2025-06-11,已支付,104.56,其他,食品,64.44,10,0.0,
U05_00083,ORD00002753,2025-06-09,已完成,256.82,小红书,食品,146.13,0,0.0,
U05_00084,ORD00002754,2025-06-02,已完成,419.03,搜索引擎,服饰,209.27,5,326.13,2025-07-14
U05_00085,ORD00002755,2025-06-13,已完成,359.94,其他,数码,160.09,5,0.0,
U05_00085,ORD00002756,2025-07-29,已完成,124.14,其他,数码,69.64,0,0.0,
U05_00085,ORD00002757,2025-09-29,已支付,279.48,微信,服饰,140.54,10,0.0,
U05_00085,ORD00002758,2025-12-31,已完成,229.65,搜索引擎,食品,114.18,10,0.0,
U05_00086,ORD00002759,2025-06-19,已完成,196.45,抖音,数码,112.46,10,0.0,
U05_00086,ORD00002760,2025-07-31,已支付,264.91,小红书,家居,177.27,10,0.0,
U05_00087,ORD00002761,2025-06-03,已完成,367.59,小红书,服饰,179.14,10,0.0,
U05_00088,ORD00002762,2025-06-11,已完成,150.81,抖音,食品,88.06,10,0.0,
U05_00089,ORD00002763,2025-06-24,已完成,53.57,微信,家居,34.43,10,0.0,
U05_00089,ORD00002764,2025-07-04,已完成,228.2,微信,家居,104.4,0,0.0,
U05_00090,ORD00002765,2025-06-18,已完成,406.35,搜索引擎,服饰,188.75,10,0.0,
U05_00090,ORD00002766,2025-07-21,已完成,283.96,其他,美妆,135.23,0,0.0,
U05_00090,ORD00002767,2025-11-27,已支付,434.45,小红书,食品,287.23,15,0.0,
U05_00091,ORD00002768,2025-06-13,已完成,494.04,微信,食品,269.64,10,0.0,
U05_00091,ORD00002769,2025-07-08,已支付,313.6,搜索引擎,服饰,209.41,0,0.0,
U05_00092,ORD00002770,2025-06-02,已支付,333.11,微信,家居,208.13,15,0.0,
U05_00092,ORD00002771,2025-07-23,已完成,118.92,搜索引擎,数码,66.5,10,0.0,
U05_00092,ORD00002772,2025-09-03,已支付,445.77,小红书,家居,305.25,10,0.0,
U05_00092,ORD00002773,2025-10-16,已完成,254.29,抖音,数码,168.45,10,0.0,
U05_00093,ORD00002774,2025-06-20,已完成,216.85,微信,服饰,117.82,10,169.27,2025-08-18
U05_00093,ORD00002775,2025-10-26,已支付,452.17,其他,美妆,275.41,0,0.0,
U05_00093,ORD00002776,2025-12-19,已完成,354.91,其他,数码,171.49,0,0.0,
U05_00094,ORD00002777,2025-06-22,已支付,95.14,小红书,家居,64.25,10,0.0,
U05_00095,ORD00002778,2025-06-14,已完成,207.73,搜索引擎,美妆,131.71,10,0.0,
U05_00096,ORD00002779,2025-06-25,已完成,244.36,微信,服饰,132.25,15,0.0,
U05_00096,ORD00002780,2025-07-05,已支付,376.67,抖音,服饰,244.47,10,0.0,
U05_00097,ORD00002781,2025-06-15,已完成,259.98,抖音,食品,181.53,0,0.0,
U05_00098,ORD00002782,2025-06-27,已完成,452.49,小红书,数码,216.62,10,0.0,
U05_00099,ORD00002783,2025-06-24,已支付,335.25,微信,食品,165.18,15,0.0,
U05_00100,ORD00002784,2025-06-18,已完成,57.94,搜索引擎,家居,36.65,10,0.0,
U05_00100,ORD00002785,2025-09-14,已完成,231.1,抖音,数码,103.21,10,0.0,
U05_00101,ORD00002786,2025-06-21,已完成,185.88,抖音,食品,74.46,0,0.0,
U05_00101,ORD00002787,2025-10-24,已支付,490.58,小红书,食品,294.76,15,0.0,
U05_00102,ORD00002788,2025-06-11,已完成,497.61,微信,食品,276.4,5,0.0,
U05_00102,ORD00002789,2025-08-01,已完成,135.93,抖音,服饰,88.0,0,0.0,
U05_00102,ORD00002790,2025-11-04,已完成,247.25,其他,食品,101.52,15,0.0,
U05_00103,ORD00002791,2025-06-14,已完成,365.33,微信,美妆,165.65,10,0.0,
U05_00103,ORD00002792,2025-08-26,已支付,214.32,其他,家居,137.83,5,0.0,
U05_00104,ORD00002793,2025-06-16,已支付,499.94,其他,家居,255.17,10,0.0,
U05_00104,ORD00002794,2025-09-18,已完成,146.48,微信,美妆,92.83,5,0.0,
U05_00104,ORD00002795,2025-11-07,已完成,71.21,搜索引擎,食品,38.48,10,0.0,
U05_00105,ORD00002796,2025-06-13,已完成,432.98,其他,服饰,293.07,10,0.0,
U05_00105,ORD00002797,2025-08-23,已支付,170.61,抖音,美妆,117.55,5,0.0,
U05_00106,ORD00002798,2025-06-27,已完成,214.14,其他,数码,137.93,15,0.0,
U05_00107,ORD00002799,2025-06-09,已支付,368.39,其他,服饰,235.76,5,0.0,
U05_00107,ORD00002800,2025-08-05,已完成,352.5,微信,数码,242.19,5,0.0,
U05_00108,ORD00002801,2025-06-26,已完成,338.86,其他,食品,193.25,5,0.0,
U05_00109,ORD00002802,2025-06-23,已完成,146.65,微信,美妆,75.15,10,0.0,
U05_00109,ORD00002803,2025-07-25,已完成,359.39,小红书,服饰,215.53,10,0.0,
U05_00110,ORD00002804,2025-06-27,已完成,341.63,搜索引擎,服饰,191.98,10,0.0,
U05_00111,ORD00002805,2025-06-22,已完成,110.56,其他,数码,45.15,0,0.0,
U05_00111,ORD00002806,2025-10-15,已完成,126.04,小红书,美妆,58.25,15,0.0,
U05_00112,ORD00002807,2025-06-10,已完成,260.92,搜索引擎,服饰,142.17,10,0.0,
U05_00112,ORD00002808,2025-12-14,已支付,344.39,搜索引擎,数码,208.95,0,0.0,
U05_00113,ORD00002809,2025-06-16,已支付,116.28,搜索引擎,家居,56.35,10,75.57,2025-07-28
U05_00113,ORD00002810,2025-09-29,已支付,422.2,微信,服饰,189.38,10,0.0,
U05_00114,ORD00002811,2025-06-03,已支付,230.58,抖音,服饰,114.57,5,0.0,
U05_00114,ORD00002812,2025-09-19,已完成,373.69,微信,数码,233.63,0,0.0,
U05_00115,ORD00002813,2025-06-15,已支付,357.2,微信,家居,156.1,0,0.0,
U05_00115,ORD00002814,2025-07-18,已完成,113.99,微信,数码,58.98,0,0.0,
U05_00116,ORD00002815,2025-06-05,已完成,401.43,抖音,数码,201.63,5,0.0,
U05_00117,ORD00002816,2025-06-09,已完成,281.48,小红书,食品,124.55,10,0.0,
U05_00117,ORD00002817,2025-12-12,已完成,251.89,搜索引擎,食品,167.66,10,0.0,
U05_00118,ORD00002818,2025-06-09,已完成,219.82,抖音,数码,102.28,10,0.0,
U05_00119,ORD00002819,2025-06-19,已支付,198.69,搜索引擎,家居,110.07,10,0.0,
U05_00119,ORD00002820,2025-11-30,已完成,271.82,抖音,食品,178.61,0,0.0,
U05_00120,ORD00002821,2025-06-02,已完成,451.96,搜索引擎,美妆,221.93,5,0.0,
U05_00121,ORD00002822,2025-06-07,已完成,157.58,其他,服饰,81.24,10,0.0,
U05_00121,ORD00002823,2025-11-09,已支付,151.0,搜索引擎,数码,75.1,10,0.0,
U05_00122,ORD00002824,2025-06-16,已完成,392.14,微信,家居,162.1,5,0.0,
U05_00123,ORD00002825,2025-06-09,已完成,497.55,其他,食品,249.81,0,0.0,
U05_00124,ORD00002826,2025-06-04,已完成,293.63,微信,食品,204.73,15,0.0,
U05_00124,ORD00002827,2025-07-20,已支付,400.75,微信,服饰,230.47,10,0.0,
U05_00124,ORD00002828,2025-08-04,已完成,73.05,搜索引擎,食品,50.11,10,0.0,
U05_00125,ORD00002829,2025-06-05,已完成,280.28,搜索引擎,家居,178.56,5,0.0,
U05_00125,ORD00002830,2025-10-07,已支付,310.99,搜索引擎,家居,181.2,10,0.0,
U05_00125,ORD00002831,2025-12-14,已完成,220.53,搜索引擎,美妆,127.25,10,0.0,
U05_00126,ORD00002832,2025-06-05,已完成,469.17,其他,服饰,297.71,15,0.0,
U05_00126,ORD00002833,2025-10-21,已完成,142.3,搜索引擎,数码,81.04,15,0.0,
U05_00127,ORD00002834,2025-06-26,已完成,391.46,搜索引擎,数码,208.73,0,0.0,
U05_00127,ORD00002835,2025-07-18,已完成,318.68,其他,数码,143.95,0,0.0,
U05_00127,ORD00002836,2025-08-07,已完成,357.98,小红书,家居,226.56,0,0.0,
U05_00127,ORD00002837,2025-11-13,已支付,416.48,微信,数码,277.74,15,0.0,
U05_00127,ORD00002838,2025-12-20,已完成,204.71,其他,服饰,89.9,10,0.0,
U05_00128,ORD00002839,2025-06-05,已完成,319.45,小红书,服饰,136.44,10,0.0,
U05_00128,ORD00002840,2025-07-26,已支付,222.14,其他,食品,151.51,10,0.0,
U05_00129,ORD00002841,2025-06-25,已完成,394.1,小红书,食品,219.15,0,0.0,
U05_00129,ORD00002842,2025-08-26,已完成,52.91,微信,数码,25.09,15,0.0,
U05_00130,ORD00002843,2025-06-18,已完成,288.52,抖音,数码,198.55,10,248.43,2025-07-06
U05_00130,ORD00002844,2025-07-08,已完成,449.47,其他,食品,303.44,0,0.0,
U05_00131,ORD00002845,2025-06-18,已完成,415.0,其他,服饰,236.45,15,0.0,
U05_00131,ORD00002846,2025-08-26,已完成,120.88,小红书,家居,59.58,10,0.0,
U05_00132,ORD00002847,2025-06-14,已支付,53.75,其他,家居,24.64,5,27.0,2025-07-14
U05_00132,ORD00002848,2025-07-02,已支付,130.46,抖音,数码,71.27,10,0.0,
U05_00132,ORD00002849,2025-08-06,已完成,378.78,搜索引擎,食品,226.07,0,0.0,
U05_00132,ORD00002850,2025-10-09,已完成,288.42,微信,服饰,168.97,0,0.0,
U05_00133,ORD00002851,2025-06-24,已完成,58.06,其他,服饰,24.93,5,0.0,
U05_00133,ORD00002852,2025-07-02,已完成,153.42,其他,食品,94.57,0,0.0,
U05_00133,ORD00002853,2025-11-12,已支付,278.46,其他,数码,152.6,5,0.0,
U05_00134,ORD00002854,2025-06-01,已完成,241.81,搜索引擎,家居,154.44,10,0.0,
U05_00134,ORD00002855,2025-07-16,已完成,83.96,其他,美妆,52.26,10,0.0,
U05_00134,ORD00002856,2025-09-02,已支付,375.07,搜索引擎,数码,213.66,15,211.75,2025-09-16
U05_00134,ORD00002857,2025-11-28,已完成,303.06,小红书,数码,171.2,10,0.0,
U05_00135,ORD00002858,2025-06-15,已支付,428.8,小红书,服饰,278.46,10,0.0,
U05_00135,ORD00002859,2025-09-18,已完成,484.1,抖音,美妆,285.37,10,0.0,
U05_00136,ORD00002860,2025-06-10,已完成,320.69,搜索引擎,食品,221.94,15,0.0,
U05_00136,ORD00002861,2025-07-26,已支付,483.43,搜索引擎,数码,326.04,10,0.0,
U05_00136,ORD00002862,2025-08-05,已完成,205.62,抖音,数码,87.17,10,0.0,
U05_00137,ORD00002863,2025-06-15,已支付,156.04,搜索引擎,服饰,105.67,15,0.0,
U05_00138,ORD00002864,2025-06-20,已支付,453.53,搜索引擎,食品,252.01,5,0.0,
U05_00139,ORD00002865,2025-06-21,已完成,69.35,小红书,食品,31.0,10,0.0,
U05_00139,ORD00002866,2025-09-16,已支付,311.53,抖音,美妆,163.75,0,0.0,
U05_00139,ORD00002867,2025-10-03,已完成,238.53,搜索引擎,数码,120.77,5,0.0,
U05_00140,ORD00002868,2025-06-25,已完成,486.05,微信,家居,315.93,5,0.0,
U05_00140,ORD00002869,2025-07-14,已完成,401.85,微信,美妆,188.58,10,0.0,
U05_00141,ORD00002870,2025-06-15,已完成,132.96,微信,服饰,60.45,10,0.0,
U05_00142,ORD00002871,2025-06-05,已完成,463.28,其他,家居,296.11,5,0.0,
U05_00143,ORD00002872,2025-06-25,已支付,341.32,搜索引擎,服饰,169.61,15,0.0,
U05_00143,ORD00002873,2025-08-12,已完成,162.14,搜索引擎,数码,93.8,5,0.0,
U05_00143,ORD00002874,2025-12-24,已支付,141.26,抖音,美妆,82.15,0,0.0,
U05_00144,ORD00002875,2025-06-27,已完成,253.98,小红书,服饰,106.74,10,0.0,
U05_00145,ORD00002876,2025-06-10,已支付,129.22,搜索引擎,家居,61.32,15,0.0,
U05_00145,ORD00002877,2025-08-14,已支付,249.29,小红书,家居,126.91,10,0.0,
U05_00145,ORD00002878,2025-12-11,已完成,434.15,微信,数码,269.96,10,0.0,
U05_00146,ORD00002879,2025-06-18,已完成,362.26,其他,美妆,181.24,5,0.0,
U05_00147,ORD00002880,2025-06-07,已完成,72.71,抖音,数码,50.59,15,0.0,
U05_00147,ORD00002881,2025-09-19,已完成,292.43,抖音,数码,133.72,15,0.0,
U05_00147,ORD00002882,2025-10-30,已完成,82.68,微信,美妆,34.27,5,0.0,
U05_00148,ORD00002883,2025-06-12,已支付,195.92,微信,美妆,128.87,0,0.0,
U05_00148,ORD00002884,2025-07-21,已完成,418.02,微信,美妆,251.87,10,338.73,2025-08-23
U05_00149,ORD00002885,2025-06-02,已支付,473.62,抖音,数码,298.95,0,0.0,
U05_00150,ORD00002886,2025-06-10,已支付,325.06,搜索引擎,美妆,154.79,0,0.0,
U05_00151,ORD00002887,2025-06-26,已完成,153.78,搜索引擎,数码,105.74,5,137.16,2025-07-13
U05_00151,ORD00002888,2025-08-28,已支付,83.5,微信,服饰,50.17,10,0.0,
U05_00151,ORD00002889,2025-09-28,已完成,400.6,抖音,食品,215.31,0,0.0,
U05_00152,ORD00002890,2025-06-26,已完成,211.32,搜索引擎,美妆,125.87,10,0.0,
U05_00153,ORD00002891,2025-06-19,已完成,67.07,抖音,美妆,27.72,10,0.0,
U05_00153,ORD00002892,2025-11-20,已支付,143.21,抖音,服饰,69.36,15,0.0,
U05_00154,ORD00002893,2025-06-04,已支付,233.43,微信,美妆,128.96,10,0.0,
U05_00154,ORD00002894,2025-10-12,已完成,332.47,搜索引擎,家居,198.9,15,0.0,
U05_00155,ORD00002895,2025-06-17,已支付,65.42,搜索引擎,数码,35.57,5,0.0,
U05_00155,ORD00002896,2025-09-22,已支付,474.64,小红书,服饰,231.2,5,0.0,
U05_00155,ORD00002897,2025-11-17,已支付,150.47,小红书,美妆,92.89,0,0.0,
U05_00156,ORD00002898,2025-06-29,已完成,284.19,抖音,食品,164.7,10,0.0,
U05_00157,ORD00002899,2025-06-19,已支付,65.89,搜索引擎,服饰,34.95,10,0.0,
U05_00157,ORD00002900,2025-10-14,已支付,186.94,其他,食品,98.95,10,0.0,
U05_00158,ORD00002901,2025-06-30,已完成,387.72,其他,数码,213.69,15,200.14,2025-08-01
U05_00159,ORD00002902,2025-06-23,已支付,264.57,小红书,美妆,168.9,0,0.0,
U05_00160,ORD00002903,2025-06-18,已完成,266.22,微信,美妆,118.76,0,0.0,
U05_00160,ORD00002904,2025-10-02,已支付,498.55,抖音,家居,243.66,0,0.0,
U05_00161,ORD00002905,2025-06-28,已支付,273.19,其他,服饰,161.0,5,0.0,
U05_00161,ORD00002906,2025-09-26,已完成,407.1,抖音,美妆,197.29,10,219.73,2025-10-20
U05_00162,ORD00002907,2025-06-08,已完成,493.66,搜索引擎,家居,270.29,10,0.0,
U05_00163,ORD00002908,2025-06-23,已完成,137.59,小红书,数码,59.15,10,0.0,
U05_00163,ORD00002909,2025-10-05,已完成,162.42,微信,服饰,71.28,10,0.0,
U05_00164,ORD00002910,2025-06-04,已支付,133.0,其他,美妆,56.34,10,0.0,
U05_00164,ORD00002911,2025-07-17,已完成,432.88,微信,美妆,194.71,10,0.0,
U05_00165,ORD00002912,2025-06-05,已完成,269.51,其他,美妆,152.54,10,0.0,
U05_00165,ORD00002913,2025-09-05,已完成,263.14,微信,食品,153.53,10,0.0,
U05_00166,ORD00002914,2025-06-18,已完成,117.13,抖音,数码,65.71,15,0.0,
U05_00166,ORD00002915,2025-08-12,已支付,68.7,抖音,数码,46.92,0,0.0,
U05_00167,ORD00002916,2025-06-04,已完成,321.93,抖音,服饰,152.78,10,203.41,2025-08-03
U05_00168,ORD00002917,2025-06-26,已完成,409.82,其他,数码,179.32,10,0.0,
U05_00169,ORD00002918,2025-06-08,已完成,167.83,其他,美妆,81.28,5,0.0,
U05_00170,ORD00002919,2025-06-03,已支付,363.83,抖音,服饰,170.8,10,0.0,
U05_00171,ORD00002920,2025-06-09,已完成,406.57,抖音,食品,261.02,15,0.0,
U05_00171,ORD00002921,2025-09-07,已完成,97.05,微信,食品,62.38,10,0.0,
U05_00172,ORD00002922,2025-06-16,已支付,319.84,微信,美妆,203.79,15,0.0,
U05_00173,ORD00002923,2025-06-17,已完成,252.4,其他,美妆,146.72,5,0.0,
U05_00173,ORD00002924,2025-10-27,已完成,333.53,搜索引擎,美妆,229.82,0,0.0,
U05_00174,ORD00002925,2025-06-12,已完成,155.18,微信,服饰,65.12,10,0.0,
U05_00174,ORD00002926,2025-08-27,已支付,66.29,搜索引擎,食品,27.05,10,0.0,
U05_00174,ORD00002927,2025-12-30,已完成,179.88,其他,服饰,75.27,15,0.0,
U05_00175,ORD00002928,2025-06-10,已支付,444.57,其他,食品,228.32,10,0.0,
U05_00175,ORD00002929,2025-12-02,已完成,464.61,抖音,服饰,249.4,15,0.0,
U05_00176,ORD00002930,2025-06-25,已支付,437.73,微信,家居,260.95,10,0.0,
U05_00176,ORD00002931,2025-07-30,已完成,66.64,搜索引擎,美妆,37.21,0,0.0,
U05_00176,ORD00002932,2025-12-30,已完成,91.77,微信,家居,44.6,0,0.0,
U05_00177,ORD00002933,2025-06-09,已完成,152.35,其他,服饰,71.6,10,0.0,
U05_00178,ORD00002934,2025-06-01,已完成,418.34,抖音,美妆,258.56,10,0.0,
U05_00179,ORD00002935,2025-06-13,已完成,372.93,搜索引擎,数码,256.27,10,0.0,
U05_00180,ORD00002936,2025-06-17,已支付,272.89,其他,食品,168.33,5,0.0,
U05_00181,ORD00002937,2025-06-26,已完成,224.61,抖音,数码,120.38,0,0.0,
U05_00181,ORD00002938,2025-07-04,已完成,452.55,搜索引擎,美妆,246.41,10,0.0,
U05_00181,ORD00002939,2025-10-28,已完成,153.05,抖音,美妆,75.89,10,0.0,
U05_00182,ORD00002940,2025-06-26,已完成,314.35,搜索引擎,食品,183.49,10,0.0,
U05_00182,ORD00002941,2025-10-31,已完成,183.19,搜索引擎,美妆,126.98,10,0.0,
U05_00183,ORD00002942,2025-06-09,已支付,347.64,其他,服饰,188.64,0,0.0,
U05_00184,ORD00002943,2025-06-11,已完成,60.73,抖音,美妆,41.12,15,0.0,
U05_00184,ORD00002944,2025-09-25,已完成,387.43,抖音,服饰,164.64,10,307.12,2025-10-17
U05_00185,ORD00002945,2025-06-24,已完成,330.57,小红书,美妆,183.23,5,287.57,2025-08-05
U05_00185,ORD00002946,2025-07-25,已支付,136.95,其他,美妆,89.85,15,0.0,
U05_00186,ORD00002947,2025-06-05,已完成,138.49,微信,食品,94.12,0,0.0,
U05_00187,ORD00002948,2025-06-28,已支付,455.47,搜索引擎,美妆,231.76,10,0.0,
U05_00187,ORD00002949,2025-07-03,已完成,397.45,抖音,服饰,222.21,5,0.0,
U05_00187,ORD00002950,2025-08-24,已完成,492.82,搜索引擎,美妆,318.65,0,0.0,
U05_00188,ORD00002951,2025-06-14,已支付,167.81,小红书,服饰,72.98,15,0.0,
U05_00189,ORD00002952,2025-06-27,已支付,159.72,抖音,家居,74.68,10,0.0,
U05_00189,ORD00002953,2025-09-29,已完成,290.15,抖音,数码,193.14,15,0.0,
U05_00190,ORD00002954,2025-06-28,已完成,331.08,微信,数码,164.3,5,0.0,
U05_00191,ORD00002955,2025-06-30,已完成,386.15,其他,美妆,204.18,10,0.0,
U05_00191,ORD00002956,2025-08-26,已完成,486.99,抖音,家居,227.05,15,0.0,
U05_00191,ORD00002957,2025-09-18,已完成,274.86,微信,家居,116.97,10,0.0,
U05_00191,ORD00002958,2025-11-21,已完成,459.43,其他,服饰,280.06,5,0.0,
U05_00191,ORD00002959,2025-12-30,已完成,210.35,微信,服饰,90.32,5,0.0,
U05_00192,ORD00002960,2025-06-15,已完成,125.73,抖音,数码,65.85,15,0.0,
U05_00192,ORD00002961,2025-10-20,已支付,193.76,搜索引擎,服饰,115.75,10,0.0,
U05_00193,ORD00002962,2025-06-26,已完成,307.06,其他,食品,178.25,10,0.0,
U05_00193,ORD00002963,2025-07-31,已完成,339.57,抖音,美妆,150.71,15,284.46,2025-09-04
U05_00194,ORD00002964,2025-06-12,已完成,226.83,抖音,数码,135.16,15,0.0,
U05_00195,ORD00002965,2025-06-12,已支付,229.07,小红书,家居,108.76,10,0.0,
U05_00196,ORD00002966,2025-06-28,已支付,127.08,其他,家居,55.05,15,0.0,
U05_00196,ORD00002967,2025-07-15,已完成,153.29,其他,食品,80.94,10,0.0,
U05_00196,ORD00002968,2025-08-05,已支付,52.96,微信,数码,30.99,0,0.0,
U05_00197,ORD00002969,2025-06-16,已支付,325.88,搜索引擎,食品,172.38,5,264.73,2025-08-11
U05_00197,ORD00002970,2025-10-31,已完成,213.54,其他,食品,90.59,10,0.0,
U05_00198,ORD00002971,2025-06-05,已完成,243.17,小红书,服饰,109.88,0,176.52,2025-06-23
U05_00198,ORD00002972,2025-08-24,已支付,344.39,微信,数码,161.61,5,0.0,
U05_00199,ORD00002973,2025-06-19,已完成,101.63,其他,美妆,53.91,10,0.0,
U05_00199,ORD00002974,2025-07-14,已完成,369.26,其他,服饰,172.2,15,0.0,
U05_00199,ORD00002975,2025-10-07,已完成,436.16,抖音,美妆,207.73,10,0.0,
U05_00200,ORD00002976,2025-06-15,已完成,51.93,微信,家居,31.46,10,34.51,2025-08-05
U05_00200,ORD00002977,2025-07-14,已支付,184.7,小红书,家居,106.02,15,104.32,2025-07-30
U05_00200,ORD00002978,2025-08-01,已完成,193.03,其他,家居,78.26,10,0.0,
U05_00201,ORD00002979,2025-06-27,已支付,123.09,小红书,数码,61.47,5,0.0,
U05_00201,ORD00002980,2025-09-17,已支付,426.85,搜索引擎,食品,195.47,15,0.0,
U05_00202,ORD00002981,2025-06-28,已完成,370.9,微信,数码,203.65,15,0.0,
U05_00202,ORD00002982,2025-07-04,已完成,89.12,微信,家居,60.1,5,0.0,
U05_00203,ORD00002983,2025-06-02,已支付,149.47,其他,美妆,103.87,10,0.0,
U05_00203,ORD00002984,2025-07-30,已支付,483.73,抖音,家居,309.93,10,0.0,
U05_00204,ORD00002985,2025-06-29,已完成,109.06,微信,食品,63.55,5,0.0,
U05_00204,ORD00002986,2025-09-24,已完成,407.05,搜索引擎,服饰,231.64,15,0.0,
U05_00204,ORD00002987,2025-11-22,已支付,134.77,小红书,美妆,72.07,10,0.0,
U05_00205,ORD00002988,2025-06-15,已完成,235.25,抖音,美妆,104.18,10,0.0,
U05_00205,ORD00002989,2025-07-19,已支付,490.51,搜索引擎,美妆,321.12,10,0.0,
U05_00205,ORD00002990,2025-08-12,已完成,346.68,小红书,数码,238.96,5,0.0,
U05_00205,ORD00002991,2025-11-30,已支付,281.31,抖音,数码,135.5,15,0.0,
U05_00206,ORD00002992,2025-06-29,已完成,282.3,搜索引擎,食品,165.21,5,0.0,
U05_00206,ORD00002993,2025-07-04,已支付,386.47,搜索引擎,家居,239.29,10,0.0,
U05_00206,ORD00002994,2025-09-04,已完成,335.03,小红书,数码,227.39,15,0.0,
U05_00207,ORD00002995,2025-06-12,已支付,447.13,其他,家居,198.37,10,0.0,
U05_00207,ORD00002996,2025-08-25,已完成,395.15,搜索引擎,数码,250.04,10,377.24,2025-10-10
U05_00207,ORD00002997,2025-09-01,已支付,261.62,其他,家居,143.61,10,0.0,
U05_00208,ORD00002998,2025-06-09,已完成,190.68,微信,美妆,115.4,10,0.0,
U05_00208,ORD00002999,2025-07-13,已完成,311.69,搜索引擎,食品,202.13,15,0.0,
U05_00209,ORD00003000,2025-06-13,已完成,63.95,微信,家居,40.93,10,0.0,
U05_00210,ORD00003001,2025-06-24,已完成,74.39,微信,家居,47.89,10,0.0,
U05_00211,ORD00003002,2025-06-18,已完成,82.42,微信,美妆,44.76,10,0.0,
U05_00211,ORD00003003,2025-11-22,已完成,428.09,小红书,食品,231.04,15,0.0,
U05_00212,ORD00003004,2025-06-01,已支付,271.37,小红书,数码,152.07,15,0.0,
U05_00213,ORD00003005,2025-06-20,已支付,203.03,抖音,数码,139.32,10,0.0,
U05_00214,ORD00003006,2025-06-15,已完成,157.05,微信,家居,95.53,10,0.0,
U05_00215,ORD00003007,2025-06-03,已完成,181.41,其他,数码,115.68,10,0.0,
U05_00216,ORD00003008,2025-06-02,已完成,234.98,搜索引擎,食品,127.14,0,0.0,
U05_00217,ORD00003009,2025-06-04,已完成,297.96,小红书,服饰,141.47,10,0.0,
U05_00217,ORD00003010,2025-08-14,已完成,196.22,小红书,数码,104.25,15,0.0,
U05_00218,ORD00003011,2025-06-01,已支付,214.1,微信,数码,104.65,15,0.0,
U05_00218,ORD00003012,2025-12-14,已完成,145.51,搜索引擎,服饰,72.73,0,0.0,
U05_00219,ORD00003013,2025-06-20,已完成,410.9,小红书,服饰,202.77,5,0.0,
U05_00219,ORD00003014,2025-12-17,已完成,130.07,其他,服饰,80.97,5,0.0,
U05_00220,ORD00003015,2025-06-27,已支付,425.82,抖音,数码,291.44,15,0.0,
U05_00220,ORD00003016,2025-07-02,已支付,303.91,抖音,服饰,155.71,10,0.0,
U05_00220,ORD00003017,2025-09-21,已完成,472.35,抖音,数码,254.44,0,285.11,2025-10-14
U05_00221,ORD00003018,2025-06-20,已完成,264.03,小红书,美妆,118.57,0,0.0,
U05_00221,ORD00003019,2025-07-08,已支付,389.71,抖音,家居,251.51,10,0.0,
U05_00222,ORD00003020,2025-06-08,已完成,61.2,抖音,美妆,26.04,5,0.0,
U05_00222,ORD00003021,2025-07-05,已支付,279.91,微信,数码,166.75,15,0.0,
U05_00222,ORD00003022,2025-08-10,已支付,329.2,搜索引擎,数码,163.69,10,0.0,
U05_00222,ORD00003023,2025-10-07,已支付,117.83,抖音,美妆,71.63,10,0.0,
U05_00223,ORD00003024,2025-06-18,已支付,73.86,搜索引擎,食品,35.99,15,0.0,
U05_00224,ORD00003025,2025-06-23,已完成,419.86,小红书,食品,249.41,10,0.0,
U05_00225,ORD00003026,2025-06-16,已完成,296.35,抖音,家居,166.22,0,0.0,
U05_00225,ORD00003027,2025-10-14,已支付,88.88,其他,服饰,59.68,10,0.0,
U05_00226,ORD00003028,2025-06-13,已支付,285.1,小红书,服饰,182.08,5,0.0,
U05_00226,ORD00003029,2025-07-21,已完成,390.15,抖音,食品,186.16,15,0.0,
U05_00226,ORD00003030,2025-11-13,已完成,377.89,小红书,美妆,196.26,10,0.0,
U05_00227,ORD00003031,2025-06-13,已完成,220.1,抖音,数码,154.03,10,0.0,
U05_00228,ORD00003032,2025-06-22,已完成,212.43,搜索引擎,美妆,147.62,10,170.36,2025-08-10
U05_00228,ORD00003033,2025-09-15,已完成,51.24,其他,服饰,31.29,15,0.0,
U05_00228,ORD00003034,2025-12-15,已完成,341.99,微信,美妆,211.13,0,0.0,
U05_00229,ORD00003035,2025-06-08,已支付,241.09,搜索引擎,家居,136.07,10,0.0,
U05_00229,ORD00003036,2025-10-02,已支付,197.39,抖音,美妆,82.95,0,0.0,
U05_00229,ORD00003037,2025-11-04,已支付,273.36,小红书,美妆,169.78,0,0.0,
U05_00230,ORD00003038,2025-06-22,已支付,180.08,其他,数码,97.62,5,91.12,2025-08-14
U05_00230,ORD00003039,2025-07-29,已支付,448.56,搜索引擎,食品,228.47,10,0.0,
U05_00231,ORD00003040,2025-06-20,已支付,240.02,微信,食品,138.85,15,0.0,
U05_00231,ORD00003041,2025-07-05,已支付,222.61,微信,数码,134.34,10,120.59,2025-08-02
U05_00231,ORD00003042,2025-08-25,已支付,373.46,微信,美妆,198.77,0,0.0,
U05_00232,ORD00003043,2025-06-25,已完成,153.4,其他,家居,81.8,15,0.0,
U05_00232,ORD00003044,2025-11-17,已完成,194.1,微信,家居,106.55,0,0.0,
U05_00233,ORD00003045,2025-06-17,已支付,184.22,抖音,食品,113.68,10,0.0,
U05_00234,ORD00003046,2025-06-10,已完成,380.51,微信,食品,229.12,15,307.68,2025-07-25
U05_00235,ORD00003047,2025-06-19,已支付,99.18,抖音,家居,66.49,0,0.0,
U05_00235,ORD00003048,2025-08-18,已支付,162.63,其他,食品,98.1,10,0.0,
U05_00235,ORD00003049,2025-10-12,已支付,422.04,小红书,美妆,220.99,10,0.0,
U05_00236,ORD00003050,2025-06-21,已完成,173.75,抖音,数码,118.34,10,0.0,
U05_00237,ORD00003051,2025-06-01,已完成,200.73,其他,家居,100.28,10,0.0,
U05_00237,ORD00003052,2025-10-20,已完成,113.41,微信,家居,47.55,10,0.0,
U05_00238,ORD00003053,2025-06-01,已完成,182.61,搜索引擎,家居,105.03,15,0.0,
U05_00238,ORD00003054,2025-10-14,已支付,85.34,抖音,食品,38.83,10,0.0,
U05_00239,ORD00003055,2025-06-06,已支付,240.72,其他,家居,158.7,15,0.0,
U05_00240,ORD00003056,2025-06-17,已完成,166.09,小红书,食品,88.95,10,159.29,2025-07-05
U05_00241,ORD00003057,2025-06-23,已支付,197.73,搜索引擎,食品,114.81,5,0.0,
U05_00241,ORD00003058,2025-07-23,已支付,311.64,其他,美妆,148.14,5,0.0,
U05_00242,ORD00003059,2025-06-08,已完成,239.87,抖音,美妆,152.68,10,0.0,
U05_00242,ORD00003060,2025-09-05,已完成,365.55,抖音,服饰,172.54,0,0.0,
U05_00242,ORD00003061,2025-11-11,已完成,485.51,小红书,服饰,209.08,0,0.0,
U05_00243,ORD00003062,2025-06-08,已支付,73.79,搜索引擎,美妆,48.04,5,0.0,
U05_00243,ORD00003063,2025-08-10,已完成,255.46,抖音,美妆,169.19,15,0.0,
U05_00243,ORD00003064,2025-09-18,已支付,364.34,搜索引擎,家居,199.46,5,0.0,
U05_00243,ORD00003065,2025-10-13,已完成,237.29,其他,家居,117.62,10,0.0,
U05_00244,ORD00003066,2025-06-14,已支付,196.75,抖音,数码,127.89,0,0.0,
U05_00244,ORD00003067,2025-10-06,已完成,461.69,搜索引擎,家居,257.16,10,444.45,2025-11-24
U05_00245,ORD00003068,2025-06-23,已支付,322.57,其他,数码,202.69,5,0.0,
U05_00245,ORD00003069,2025-10-05,已支付,70.01,小红书,家居,29.67,5,0.0,
U05_00246,ORD00003070,2025-06-26,已支付,380.11,小红书,美妆,250.67,5,0.0,
U05_00247,ORD00003071,2025-06-24,已支付,266.24,微信,数码,137.58,15,0.0,
U05_00248,ORD00003072,2025-06-30,已完成,267.4,抖音,美妆,151.97,10,0.0,
U05_00249,ORD00003073,2025-06-25,已完成,490.38,小红书,食品,289.81,10,0.0,
U05_00249,ORD00003074,2025-07-31,已完成,342.67,抖音,美妆,225.35,15,0.0,
U05_00249,ORD00003075,2025-12-05,已完成,399.18,其他,食品,186.09,5,0.0,
U05_00250,ORD00003076,2025-06-26,已支付,251.67,小红书,食品,169.49,10,217.29,2025-07-15
U05_00251,ORD00003077,2025-06-08,已支付,491.5,抖音,食品,313.94,15,0.0,
U05_00252,ORD00003078,2025-06-21,已完成,402.95,其他,服饰,195.69,15,0.0,
U05_00253,ORD00003079,2025-06-30,已完成,454.0,小红书,数码,283.22,15,0.0,
U05_00253,ORD00003080,2025-07-28,已支付,81.75,其他,食品,49.62,10,0.0,
U05_00253,ORD00003081,2025-10-22,已支付,432.06,其他,食品,288.34,5,0.0,
U05_00254,ORD00003082,2025-06-27,已完成,175.57,搜索引擎,服饰,78.64,10,136.52,2025-07-27
U05_00254,ORD00003083,2025-07-03,已完成,107.95,其他,家居,66.45,5,60.31,2025-08-28
U05_00255,ORD00003084,2025-06-08,已完成,210.13,其他,美妆,118.71,0,175.84,2025-06-25
U05_00256,ORD00003085,2025-06-01,已完成,108.19,其他,服饰,64.57,15,71.34,2025-07-05
U05_00257,ORD00003086,2025-06-10,已完成,209.05,其他,家居,114.64,10,0.0,
U05_00258,ORD00003087,2025-06-19,已完成,369.53,其他,食品,157.01,0,0.0,
U05_00258,ORD00003088,2025-09-08,已完成,330.92,微信,数码,225.89,10,0.0,
U05_00258,ORD00003089,2025-10-15,已完成,452.4,抖音,服饰,285.96,10,0.0,
U05_00258,ORD00003090,2025-11-03,已完成,324.62,微信,服饰,198.97,0,0.0,
U05_00259,ORD00003091,2025-06-05,已完成,77.02,搜索引擎,家居,35.53,5,0.0,
U05_00259,ORD00003092,2025-08-24,已完成,398.57,微信,数码,176.35,0,0.0,
U05_00260,ORD00003093,2025-06-10,已完成,54.32,搜索引擎,数码,33.17,10,0.0,
U05_00260,ORD00003094,2025-10-26,已完成,372.45,小红书,食品,240.91,0,0.0,
U05_00261,ORD00003095,2025-06-23,已支付,62.11,微信,美妆,42.08,15,0.0,
U05_00261,ORD00003096,2025-11-18,已完成,455.02,微信,数码,193.88,0,0.0,
U05_00262,ORD00003097,2025-06-12,已支付,262.85,其他,服饰,121.08,10,0.0,
U05_00263,ORD00003098,2025-06-04,已支付,395.6,抖音,数码,176.13,5,0.0,
U05_00263,ORD00003099,2025-08-10,已完成,316.43,其他,家居,155.56,0,0.0,
U05_00263,ORD00003100,2025-09-18,已完成,340.13,搜索引擎,食品,208.64,10,0.0,
U05_00264,ORD00003101,2025-06-22,已完成,309.07,抖音,数码,178.34,10,0.0,
U05_00265,ORD00003102,2025-06-25,已完成,243.97,抖音,食品,160.72,15,0.0,
U05_00265,ORD00003103,2025-09-16,已支付,88.28,其他,家居,58.04,5,49.22,2025-10-28
U05_00265,ORD00003104,2025-12-27,已完成,440.06,抖音,数码,190.81,5,0.0,
U05_00266,ORD00003105,2025-06-26,已完成,168.57,抖音,食品,86.03,0,0.0,
U05_00266,ORD00003106,2025-09-23,已完成,273.17,搜索引擎,数码,137.68,5,0.0,
U05_00267,ORD00003107,2025-06-13,已支付,61.74,其他,美妆,28.32,15,60.89,2025-08-04
U05_00268,ORD00003108,2025-06-01,已支付,479.35,搜索引擎,数码,300.99,10,335.29,2025-07-10
U05_00268,ORD00003109,2025-07-12,已完成,317.21,搜索引擎,家居,153.62,10,0.0,
U05_00268,ORD00003110,2025-12-16,已完成,98.64,抖音,家居,59.61,10,0.0,
U05_00269,ORD00003111,2025-06-30,已完成,79.57,小红书,数码,47.49,10,0.0,
U05_00270,ORD00003112,2025-06-10,已支付,178.39,小红书,家居,108.6,10,0.0,
U05_00270,ORD00003113,2025-07-15,已完成,200.77,小红书,数码,124.41,10,0.0,
U05_00271,ORD00003114,2025-06-11,已完成,384.21,其他,美妆,194.73,0,0.0,
U05_00272,ORD00003115,2025-06-25,已完成,155.84,其他,服饰,85.51,10,0.0,
U05_00272,ORD00003116,2025-12-23,已支付,155.92,微信,服饰,74.31,10,0.0,
U05_00273,ORD00003117,2025-06-26,已支付,173.06,微信,美妆,91.59,15,0.0,
U05_00273,ORD00003118,2025-08-02,已完成,230.15,小红书,家居,99.35,10,0.0,
U05_00274,ORD00003119,2025-06-17,已完成,96.55,抖音,食品,60.32,10,0.0,
U05_00274,ORD00003120,2025-12-18,已完成,221.54,小红书,服饰,95.39,15,167.97,2026-01-07
U05_00275,ORD00003121,2025-06-13,已完成,386.83,微信,食品,157.3,10,0.0,
U05_00276,ORD00003122,2025-06-09,已完成,466.2,搜索引擎,美妆,318.38,5,0.0,
U05_00277,ORD00003123,2025-06-11,已完成,431.42,抖音,美妆,218.41,15,0.0,
U05_00277,ORD00003124,2025-07-03,已完成,91.72,搜索引擎,数码,62.97,5,0.0,
U05_00278,ORD00003125,2025-06-23,已支付,94.54,小红书,服饰,62.13,15,0.0,
U05_00278,ORD00003126,2025-10-19,已完成,196.18,其他,数码,118.44,15,0.0,
U05_00279,ORD00003127,2025-06-03,已完成,232.87,其他,美妆,157.33,10,164.39,2025-07-27
U05_00280,ORD00003128,2025-06-21,已完成,163.34,抖音,美妆,78.67,15,0.0,
U05_00280,ORD00003129,2025-07-16,已完成,467.58,抖音,食品,233.42,10,0.0,
U05_00281,ORD00003130,2025-06-11,已支付,182.16,微信,服饰,118.51,15,0.0,
U05_00281,ORD00003131,2025-10-31,已支付,468.6,搜索引擎,数码,312.41,0,0.0,
U05_00282,ORD00003132,2025-06-10,已完成,363.7,微信,美妆,180.28,5,0.0,
U05_00283,ORD00003133,2025-06-16,已完成,373.29,抖音,服饰,226.23,0,290.45,2025-07-02
U05_00283,ORD00003134,2025-07-23,已完成,330.33,搜索引擎,美妆,195.18,10,0.0,
U05_00284,ORD00003135,2025-06-10,已完成,301.75,小红书,食品,128.83,10,0.0,
U05_00285,ORD00003136,2025-06-06,已完成,353.53,搜索引擎,家居,227.29,10,0.0,
U05_00285,ORD00003137,2025-07-07,已完成,71.73,微信,服饰,31.67,10,0.0,
U05_00286,ORD00003138,2025-06-24,已完成,493.07,其他,家居,320.86,15,0.0,
U05_00287,ORD00003139,2025-06-03,已完成,185.31,抖音,美妆,96.44,10,0.0,
U05_00288,ORD00003140,2025-06-25,已支付,185.89,其他,家居,125.57,5,0.0,
U05_00289,ORD00003141,2025-06-10,已完成,301.81,抖音,美妆,196.67,15,0.0,
U05_00289,ORD00003142,2025-08-05,已完成,203.29,抖音,家居,91.84,0,0.0,
U05_00290,ORD00003143,2025-06-19,已完成,77.18,抖音,数码,40.34,15,0.0,
U05_00291,ORD00003144,2025-06-12,已支付,256.72,其他,数码,134.25,15,0.0,
U05_00291,ORD00003145,2025-08-01,已完成,135.01,其他,美妆,94.22,15,0.0,
U05_00292,ORD00003146,2025-06-17,已支付,388.32,小红书,数码,203.9,15,349.59,2025-08-16
U05_00292,ORD00003147,2025-08-31,已支付,450.19,微信,家居,249.61,10,0.0,
U05_00293,ORD00003148,2025-06-28,已完成,234.21,微信,美妆,141.75,10,0.0,
U05_00294,ORD00003149,2025-06-16,已支付,227.83,其他,数码,137.4,0,0.0,
U05_00294,ORD00003150,2025-11-30,已完成,412.91,小红书,美妆,189.17,10,0.0,
U05_00295,ORD00003151,2025-06-13,已完成,325.16,小红书,服饰,225.34,0,0.0,
U05_00296,ORD00003152,2025-06-20,已完成,459.73,抖音,服饰,288.56,15,0.0,
U05_00296,ORD00003153,2025-07-17,已完成,204.27,搜索引擎,服饰,121.37,10,0.0,
U05_00296,ORD00003154,2025-08-23,已支付,301.09,抖音,美妆,163.99,10,0.0,
U05_00297,ORD00003155,2025-06-25,已完成,233.69,搜索引擎,服饰,158.72,5,0.0,
U05_00297,ORD00003156,2025-08-18,已支付,474.65,小红书,服饰,289.13,5,0.0,
U05_00298,ORD00003157,2025-06-06,已完成,201.66,小红书,数码,115.74,0,0.0,
U05_00298,ORD00003158,2025-10-18,已完成,361.82,抖音,数码,178.62,5,0.0,
U05_00298,ORD00003159,2025-11-07,已支付,135.99,抖音,家居,90.58,5,0.0,
U05_00299,ORD00003160,2025-06-18,已完成,176.42,微信,服饰,91.67,0,0.0,
U05_00299,ORD00003161,2025-08-15,已支付,148.6,微信,美妆,63.94,10,0.0,
U05_00300,ORD00003162,2025-06-21,已完成,332.53,微信,数码,162.52,10,247.65,2025-08-14
U06_00001,ORD00003163,2025-07-23,已支付,115.46,其他,服饰,74.72,5,0.0,
U06_00001,ORD00003164,2025-08-07,已支付,168.38,小红书,家居,115.92,10,134.98,2025-09-25
U06_00002,ORD00003165,2025-07-22,已完成,145.05,小红书,美妆,88.19,0,0.0,
U06_00002,ORD00003166,2025-08-19,已完成,420.92,抖音,美妆,221.48,10,0.0,
U06_00002,ORD00003167,2025-09-14,已完成,245.48,抖音,服饰,165.32,10,0.0,
U06_00002,ORD00003168,2025-10-10,已支付,272.4,其他,家居,147.45,10,0.0,
U06_00002,ORD00003169,2025-11-19,已完成,211.27,其他,食品,123.53,0,0.0,
U06_00002,ORD00003170,2025-12-16,已完成,221.51,其他,服饰,98.75,10,0.0,
U06_00003,ORD00003171,2025-07-10,已完成,142.65,其他,家居,86.02,15,0.0,
U06_00003,ORD00003172,2025-08-20,已完成,180.06,微信,食品,82.89,10,0.0,
U06_00003,ORD00003173,2025-12-02,已完成,281.1,抖音,美妆,130.76,0,0.0,
U06_00004,ORD00003174,2025-07-31,已完成,260.48,小红书,食品,120.14,15,0.0,
U06_00004,ORD00003175,2025-12-24,已完成,142.03,其他,数码,95.93,15,0.0,
U06_00004,ORD00003176,2026-01-22,已完成,226.15,抖音,家居,144.53,10,175.12,2026-02-28
U06_00005,ORD00003177,2025-07-13,已完成,374.0,小红书,服饰,231.2,15,0.0,
U06_00006,ORD00003178,2025-07-16,已完成,281.34,搜索引擎,服饰,164.36,10,0.0,
U06_00006,ORD00003179,2025-10-07,已支付,273.04,微信,家居,184.45,10,0.0,
U06_00007,ORD00003180,2025-07-23,已完成,172.36,微信,服饰,91.45,10,0.0,
U06_00008,ORD00003181,2025-07-26,已支付,451.34,其他,美妆,276.88,5,0.0,
U06_00008,ORD00003182,2025-08-12,已完成,463.28,其他,食品,197.53,5,0.0,
U06_00009,ORD00003183,2025-07-15,已完成,173.05,其他,服饰,111.55,10,0.0,
U06_00009,ORD00003184,2025-12-08,已支付,70.29,搜索引擎,食品,46.26,10,0.0,
U06_00010,ORD00003185,2025-07-21,已完成,124.43,微信,食品,84.5,10,0.0,
U06_00010,ORD00003186,2025-09-04,已完成,134.0,抖音,数码,57.71,10,0.0,
U06_00010,ORD00003187,2025-10-17,已完成,295.66,其他,食品,136.85,10,0.0,
U06_00010,ORD00003188,2025-11-10,已完成,314.33,微信,服饰,131.26,15,0.0,
U06_00011,ORD00003189,2025-07-04,已完成,345.68,小红书,数码,229.67,15,0.0,
U06_00011,ORD00003190,2025-08-25,已支付,156.98,微信,食品,89.85,15,0.0,
U06_00011,ORD00003191,2025-12-19,已完成,456.32,微信,家居,188.61,10,0.0,
U06_00012,ORD00003192,2025-07-12,已完成,108.96,抖音,数码,61.36,15,0.0,
U06_00012,ORD00003193,2025-08-01,已完成,394.89,搜索引擎,数码,161.03,10,0.0,
U06_00012,ORD00003194,2025-09-29,已完成,447.92,搜索引擎,美妆,188.38,10,0.0,
U06_00012,ORD00003195,2025-10-12,已支付,301.52,微信,家居,155.41,0,0.0,
U06_00012,ORD00003196,2025-12-13,已完成,331.46,微信,美妆,204.58,0,0.0,
U06_00013,ORD00003197,2025-07-24,已完成,414.75,其他,服饰,193.6,10,297.19,2025-09-14
U06_00013,ORD00003198,2026-01-28,已支付,141.8,微信,美妆,63.65,10,0.0,
U06_00014,ORD00003199,2025-07-30,已完成,365.9,其他,数码,212.24,0,0.0,
U06_00014,ORD00003200,2025-08-25,已完成,137.62,抖音,家居,78.85,5,0.0,
U06_00014,ORD00003201,2025-11-02,已支付,474.65,抖音,服饰,307.6,15,0.0,
U06_00015,ORD00003202,2025-07-05,已完成,372.36,搜索引擎,美妆,177.42,0,357.12,2025-07-26
U06_00016,ORD00003203,2025-07-13,已完成,316.36,微信,服饰,205.33,0,0.0,
U06_00016,ORD00003204,2025-08-04,已支付,299.47,抖音,美妆,124.11,0,0.0,
U06_00016,ORD00003205,2025-09-22,已支付,369.71,小红书,数码,234.39,10,244.85,2025-11-08
U06_00017,ORD00003206,2025-07-05,已完成,76.81,微信,食品,48.88,5,0.0,
U06_00018,ORD00003207,2025-07-29,已支付,312.2,搜索引擎,家居,161.12,0,201.09,2025-08-09
U06_00018,ORD00003208,2025-08-03,已完成,79.3,抖音,家居,49.67,5,0.0,
U06_00019,ORD00003209,2025-07-09,已完成,164.8,其他,美妆,105.29,15,0.0,
U06_00019,ORD00003210,2025-09-02,已完成,412.0,搜索引擎,家居,233.0,5,0.0,
U06_00019,ORD00003211,2025-12-13,已支付,55.2,抖音,服饰,33.34,10,0.0,
U06_00020,ORD00003212,2025-07-15,已支付,168.02,小红书,家居,87.29,10,0.0,
U06_00020,ORD00003213,2025-12-09,已支付,85.18,抖音,食品,37.73,10,0.0,
U06_00021,ORD00003214,2025-07-28,已完成,498.57,微信,数码,265.7,15,0.0,
U06_00021,ORD00003215,2025-09-13,已完成,388.74,小红书,美妆,226.03,10,376.72,2025-10-11
U06_00021,ORD00003216,2026-01-10,已完成,352.53,其他,美妆,180.71,10,0.0,
U06_00022,ORD00003217,2025-07-26,已完成,482.87,搜索引擎,美妆,249.27,10,0.0,
U06_00022,ORD00003218,2025-08-05,已完成,395.93,小红书,食品,222.53,15,0.0,
U06_00022,ORD00003219,2025-09-26,已支付,473.55,搜索引擎,服饰,313.89,10,0.0,
U06_00022,ORD00003220,2025-10-12,已支付,220.32,微信,美妆,143.59,15,0.0,
U06_00023,ORD00003221,2025-07-05,已完成,142.83,小红书,食品,87.85,5,0.0,
U06_00023,ORD00003222,2025-08-05,已完成,203.71,其他,食品,126.88,0,0.0,
U06_00024,ORD00003223,2025-07-04,已完成,212.88,抖音,食品,139.39,10,0.0,
U06_00024,ORD00003224,2025-11-04,已完成,281.77,微信,家居,144.11,15,0.0,
U06_00025,ORD00003225,2025-07-05,已完成,158.99,其他,美妆,69.65,0,0.0,
U06_00025,ORD00003226,2026-01-27,已完成,174.72,抖音,家居,106.49,0,0.0,
U06_00026,ORD00003227,2025-07-16,已支付,280.4,搜索引擎,服饰,134.47,5,0.0,
U06_00026,ORD00003228,2025-12-04,已完成,242.19,小红书,服饰,135.45,5,0.0,
U06_00027,ORD00003229,2025-07-22,已完成,455.54,抖音,美妆,252.88,10,0.0,
U06_00027,ORD00003230,2025-09-10,已支付,123.18,其他,服饰,64.36,15,0.0,
U06_00028,ORD00003231,2025-07-25,已完成,474.87,小红书,食品,239.36,5,0.0,
U06_00028,ORD00003232,2025-09-24,已完成,390.74,微信,食品,214.2,5,0.0,
U06_00028,ORD00003233,2025-10-11,已支付,141.17,其他,数码,61.41,15,0.0,
U06_00029,ORD00003234,2025-07-12,已支付,153.68,搜索引擎,数码,95.41,5,96.97,2025-08-16
U06_00029,ORD00003235,2025-11-05,已完成,293.15,其他,服饰,202.56,10,244.07,2025-11-18
U06_00030,ORD00003236,2025-07-03,已支付,357.81,微信,家居,231.31,15,0.0,
U06_00030,ORD00003237,2025-08-25,已支付,369.21,抖音,服饰,191.56,0,0.0,
U06_00031,ORD00003238,2025-07-21,已完成,418.57,微信,食品,169.34,15,0.0,
U06_00032,ORD00003239,2025-07-30,已完成,142.13,抖音,美妆,59.8,10,0.0,
U06_00032,ORD00003240,2025-08-08,已完成,418.41,小红书,家居,278.72,10,0.0,
U06_00032,ORD00003241,2025-10-01,已完成,387.5,微信,食品,241.76,10,0.0,
U06_00033,ORD00003242,2025-07-12,已支付,416.18,其他,家居,255.98,0,0.0,
U06_00034,ORD00003243,2025-07-05,已完成,102.02,其他,食品,58.34,5,0.0,
U06_00035,ORD00003244,2025-07-31,已完成,463.92,小红书,数码,215.41,5,0.0,
U06_00035,ORD00003245,2025-08-18,已完成,68.43,搜索引擎,数码,45.43,0,0.0,
U06_00036,ORD00003246,2025-07-26,已完成,228.35,搜索引擎,食品,123.08,15,116.23,2025-08-30
U06_00036,ORD00003247,2025-08-28,已完成,499.11,抖音,服饰,313.79,15,0.0,
U06_00036,ORD00003248,2025-10-18,已支付,433.62,其他,数码,189.08,5,0.0,
U06_00037,ORD00003249,2025-07-14,已支付,439.35,微信,服饰,246.54,15,0.0,
U06_00037,ORD00003250,2025-08-26,已完成,146.97,微信,家居,67.87,0,0.0,
U06_00037,ORD00003251,2025-10-25,已完成,66.51,微信,家居,34.63,15,0.0,
U06_00037,ORD00003252,2025-12-09,已支付,344.04,微信,家居,164.93,10,0.0,
U06_00038,ORD00003253,2025-07-04,已完成,484.96,抖音,数码,289.69,15,0.0,
U06_00038,ORD00003254,2025-08-01,已支付,442.81,抖音,服饰,276.67,15,0.0,
U06_00038,ORD00003255,2025-09-18,已完成,369.64,其他,美妆,251.87,15,260.74,2025-10-19
U06_00039,ORD00003256,2025-07-26,已完成,331.44,抖音,家居,169.59,10,0.0,
U06_00039,ORD00003257,2025-09-04,已支付,143.86,搜索引擎,食品,94.37,5,0.0,
U06_00039,ORD00003258,2025-10-13,已完成,257.55,微信,家居,143.17,15,0.0,
U06_00040,ORD00003259,2025-07-25,已完成,188.87,其他,食品,103.06,10,0.0,
U06_00041,ORD00003260,2025-07-26,已支付,271.12,其他,美妆,119.04,5,0.0,
U06_00041,ORD00003261,2025-11-04,已完成,83.75,微信,家居,39.13,0,0.0,
U06_00042,ORD00003262,2025-07-07,已完成,235.71,抖音,食品,112.04,10,0.0,
U06_00042,ORD00003263,2025-09-28,已完成,376.76,微信,服饰,258.17,0,0.0,
U06_00042,ORD00003264,2025-10-27,已支付,332.98,抖音,食品,213.18,10,0.0,
U06_00043,ORD00003265,2025-07-13,已完成,254.39,小红书,服饰,173.39,15,0.0,
U06_00043,ORD00003266,2025-11-06,已完成,392.75,小红书,数码,211.07,15,296.31,2025-12-10
U06_00044,ORD00003267,2025-07-06,已完成,453.11,抖音,食品,305.1,10,0.0,
U06_00044,ORD00003268,2025-10-29,已支付,270.0,微信,食品,108.58,0,0.0,
U06_00044,ORD00003269,2025-11-15,已支付,354.17,搜索引擎,美妆,163.51,5,0.0,
U06_00045,ORD00003270,2025-07-14,已完成,278.77,抖音,美妆,169.03,10,0.0,
U06_00046,ORD00003271,2025-07-16,已完成,437.9,小红书,数码,282.6,10,0.0,
U06_00046,ORD00003272,2025-09-16,已完成,72.98,搜索引擎,服饰,37.57,5,0.0,
U06_00047,ORD00003273,2025-07-28,已完成,409.32,搜索引擎,服饰,254.03,10,0.0,
U06_00048,ORD00003274,2025-07-26,已完成,382.22,微信,美妆,184.43,15,0.0,
U06_00048,ORD00003275,2025-08-01,已完成,398.59,其他,美妆,188.29,15,0.0,
U06_00048,ORD00003276,2025-09-27,已完成,386.62,其他,食品,225.53,10,0.0,
U06_00048,ORD00003277,2025-10-15,已完成,412.13,搜索引擎,家居,208.05,10,253.37,2025-11-07
U06_00048,ORD00003278,2025-11-18,已完成,217.34,其他,美妆,113.21,5,0.0,
U06_00049,ORD00003279,2025-07-24,已完成,286.19,搜索引擎,数码,174.29,10,0.0,
U06_00049,ORD00003280,2025-08-26,已支付,443.96,搜索引擎,数码,189.22,0,0.0,
U06_00049,ORD00003281,2025-10-01,已完成,191.4,微信,家居,79.19,5,0.0,
U06_00050,ORD00003282,2025-07-07,已完成,450.88,搜索引擎,食品,305.41,15,0.0,
U06_00050,ORD00003283,2025-12-07,已完成,432.84,其他,家居,296.71,15,0.0,
U06_00050,ORD00003284,2026-01-20,已完成,115.99,抖音,美妆,48.26,10,0.0,
U06_00051,ORD00003285,2025-07-01,已完成,130.57,其他,美妆,71.39,0,0.0,
U06_00051,ORD00003286,2025-09-10,已完成,489.54,其他,服饰,234.35,15,0.0,
U06_00051,ORD00003287,2025-10-08,已完成,438.37,微信,数码,178.21,0,0.0,
U06_00052,ORD00003288,2025-07-31,已完成,262.88,微信,数码,151.69,10,0.0,
U06_00052,ORD00003289,2025-08-15,已完成,63.05,微信,服饰,32.85,10,0.0,
U06_00052,ORD00003290,2025-09-03,已支付,336.43,抖音,数码,226.85,10,0.0,
U06_00052,ORD00003291,2025-10-24,已支付,229.61,抖音,数码,98.38,5,0.0,
U06_00053,ORD00003292,2025-07-17,已支付,484.43,小红书,数码,333.28,0,0.0,
U06_00053,ORD00003293,2026-01-19,已支付,79.76,微信,美妆,32.98,15,0.0,
U06_00054,ORD00003294,2025-07-27,已完成,242.29,其他,数码,99.88,0,0.0,
U06_00054,ORD00003295,2025-09-17,已完成,378.84,小红书,食品,209.76,5,0.0,
U06_00055,ORD00003296,2025-07-22,已完成,178.14,其他,数码,107.51,10,0.0,
U06_00055,ORD00003297,2025-10-28,已完成,253.26,搜索引擎,食品,167.34,10,0.0,
U06_00056,ORD00003298,2025-07-11,已完成,385.75,微信,美妆,212.46,10,0.0,
U06_00056,ORD00003299,2025-12-06,已完成,487.27,抖音,食品,199.83,10,0.0,
U06_00057,ORD00003300,2025-07-25,已完成,74.34,抖音,数码,46.31,5,0.0,
U06_00057,ORD00003301,2025-11-20,已完成,420.13,搜索引擎,食品,188.87,5,0.0,
U06_00057,ORD00003302,2025-12-08,已完成,63.21,微信,食品,36.61,10,0.0,
U06_00058,ORD00003303,2025-07-26,已完成,131.0,抖音,数码,70.59,5,0.0,
U06_00058,ORD00003304,2025-10-30,已完成,196.86,抖音,家居,80.04,5,0.0,
U06_00058,ORD00003305,2025-11-23,已完成,434.45,微信,家居,295.42,5,0.0,
U06_00058,ORD00003306,2026-01-08,已完成,459.52,其他,食品,191.52,10,0.0,
U06_00059,ORD00003307,2025-07-07,已支付,461.85,搜索引擎,数码,234.47,15,0.0,
U06_00060,ORD00003308,2025-07-17,已支付,423.44,小红书,服饰,216.98,0,0.0,
U06_00060,ORD00003309,2026-01-12,已完成,440.63,微信,食品,189.27,10,0.0,
U06_00061,ORD00003310,2025-07-22,已支付,238.46,抖音,食品,133.15,10,0.0,
U06_00061,ORD00003311,2025-09-30,已完成,280.99,微信,食品,160.88,10,0.0,
U06_00061,ORD00003312,2025-11-26,已支付,202.36,其他,食品,131.0,10,0.0,
U06_00061,ORD00003313,2025-12-23,已支付,430.39,小红书,食品,267.33,10,0.0,
U06_00062,ORD00003314,2025-07-02,已完成,156.8,其他,食品,78.36,15,0.0,
U06_00062,ORD00003315,2025-08-23,已完成,409.97,其他,家居,278.88,10,217.69,2025-10-20
U06_00063,ORD00003316,2025-07-25,已完成,426.36,微信,家居,250.82,15,0.0,
U06_00063,ORD00003317,2025-08-29,已完成,368.62,小红书,食品,161.4,10,0.0,
U06_00063,ORD00003318,2025-10-20,已完成,261.47,微信,食品,107.61,15,0.0,
U06_00064,ORD00003319,2025-07-19,已支付,359.6,抖音,服饰,188.72,10,0.0,
U06_00064,ORD00003320,2025-08-19,已完成,203.41,小红书,食品,107.1,15,0.0,
U06_00064,ORD00003321,2025-09-29,已完成,63.44,搜索引擎,食品,28.59,15,0.0,
U06_00064,ORD00003322,2025-12-05,已完成,460.07,搜索引擎,服饰,320.08,15,0.0,
U06_00065,ORD00003323,2025-07-31,已支付,177.36,小红书,食品,90.51,0,0.0,
U06_00065,ORD00003324,2025-10-11,已完成,177.31,微信,食品,90.31,10,0.0,
U06_00066,ORD00003325,2025-07-14,已支付,410.64,小红书,数码,282.3,15,0.0,
U06_00067,ORD00003326,2025-07-18,已完成,419.17,其他,美妆,244.72,0,297.06,2025-09-11
U06_00067,ORD00003327,2025-08-07,已支付,85.76,搜索引擎,家居,36.59,10,0.0,
U06_00067,ORD00003328,2025-09-21,已完成,373.19,搜索引擎,家居,200.42,5,0.0,
U06_00067,ORD00003329,2025-10-31,已支付,327.23,搜索引擎,美妆,225.68,0,0.0,
U06_00068,ORD00003330,2025-07-18,已完成,207.62,微信,食品,125.35,0,0.0,
U06_00068,ORD00003331,2025-10-12,已完成,428.55,微信,美妆,193.69,5,366.02,2025-12-04
U06_00069,ORD00003332,2025-07-19,已完成,245.04,抖音,数码,134.76,0,0.0,
U06_00069,ORD00003333,2025-12-18,已完成,326.72,其他,美妆,182.46,10,0.0,
U06_00070,ORD00003334,2025-07-15,已完成,244.52,抖音,家居,116.03,10,0.0,
U06_00070,ORD00003335,2025-09-10,已完成,133.86,搜索引擎,食品,84.3,15,0.0,
U06_00071,ORD00003336,2025-07-21,已完成,301.46,其他,服饰,189.9,5,0.0,
U06_00071,ORD00003337,2025-11-23,已完成,297.35,其他,家居,158.51,10,0.0,
U06_00072,ORD00003338,2025-07-03,已支付,187.68,小红书,家居,128.55,15,0.0,
U06_00072,ORD00003339,2025-08-03,已完成,414.67,微信,数码,206.96,15,0.0,
U06_00072,ORD00003340,2025-09-05,已完成,331.97,其他,家居,211.69,10,0.0,
U06_00073,ORD00003341,2025-07-26,已支付,283.71,其他,数码,195.08,0,0.0,
U06_00073,ORD00003342,2025-10-25,已完成,342.47,搜索引擎,家居,237.14,5,0.0,
U06_00073,ORD00003343,2025-11-02,已支付,151.95,其他,食品,70.25,15,105.36,2025-12-27
U06_00073,ORD00003344,2025-12-17,已完成,236.15,搜索引擎,家居,159.63,10,0.0,
U06_00074,ORD00003345,2025-07-26,已支付,198.37,搜索引擎,服饰,114.11,10,0.0,
U06_00075,ORD00003346,2025-07-01,已支付,74.35,小红书,服饰,37.6,0,0.0,
U06_00076,ORD00003347,2025-07-30,已完成,150.89,抖音,食品,81.49,10,0.0,
U06_00076,ORD00003348,2025-08-29,已完成,163.09,微信,数码,77.62,0,137.4,2025-10-05
U06_00076,ORD00003349,2025-11-12,已支付,111.78,其他,美妆,53.08,0,0.0,
U06_00077,ORD00003350,2025-07-22,已支付,59.77,抖音,数码,30.01,10,0.0,
U06_00077,ORD00003351,2025-10-03,已完成,331.66,其他,家居,231.06,5,0.0,
U06_00078,ORD00003352,2025-07-07,已支付,133.78,抖音,食品,73.18,10,0.0,
U06_00078,ORD00003353,2025-08-04,已支付,50.7,抖音,服饰,20.9,10,34.57,2025-08-22
U06_00079,ORD00003354,2025-07-27,已完成,463.24,其他,家居,265.95,15,427.86,2025-09-05
U06_00079,ORD00003355,2025-08-06,已完成,208.11,微信,数码,121.98,0,0.0,
U06_00079,ORD00003356,2025-11-28,已完成,52.81,小红书,美妆,28.79,10,0.0,
U06_00079,ORD00003357,2025-12-25,已完成,118.91,搜索引擎,家居,79.29,5,0.0,
U06_00080,ORD00003358,2025-07-26,已完成,471.14,搜索引擎,数码,304.8,0,0.0,
U06_00080,ORD00003359,2025-08-10,已完成,160.62,小红书,美妆,93.62,15,0.0,
U06_00080,ORD00003360,2025-12-07,已完成,230.77,其他,美妆,154.92,10,0.0,
U06_00080,ORD00003361,2026-01-15,已完成,196.64,小红书,美妆,98.62,15,0.0,
U06_00081,ORD00003362,2025-07-13,已完成,333.08,搜索引擎,食品,180.5,0,0.0,
U06_00081,ORD00003363,2025-08-31,已支付,210.31,搜索引擎,美妆,131.34,15,0.0,
U06_00081,ORD00003364,2025-09-15,已完成,480.62,其他,美妆,303.65,5,0.0,
U06_00082,ORD00003365,2025-07-08,已完成,214.24,小红书,美妆,136.84,10,0.0,
U06_00082,ORD00003366,2025-08-17,已完成,176.84,搜索引擎,食品,101.65,10,0.0,
U06_00082,ORD00003367,2025-09-15,已支付,311.76,其他,数码,142.32,0,198.19,2025-10-20
U06_00083,ORD00003368,2025-07-30,已完成,357.85,小红书,美妆,222.5,10,0.0,
U06_00083,ORD00003369,2025-10-23,已完成,187.15,抖音,家居,103.18,10,0.0,
U06_00084,ORD00003370,2025-07-08,已完成,491.23,微信,服饰,226.42,5,0.0,
U06_00084,ORD00003371,2025-08-10,已完成,137.08,其他,家居,83.64,0,0.0,
U06_00084,ORD00003372,2025-09-25,已完成,495.88,小红书,美妆,233.06,15,0.0,
U06_00084,ORD00003373,2025-10-31,已完成,386.01,微信,家居,205.45,0,0.0,
U06_00085,ORD00003374,2025-07-07,已支付,464.19,搜索引擎,美妆,273.07,10,0.0,
U06_00085,ORD00003375,2025-11-13,已支付,322.31,抖音,服饰,165.18,10,0.0,
U06_00086,ORD00003376,2025-07-19,已完成,157.54,微信,食品,99.1,0,0.0,
U06_00087,ORD00003377,2025-07-16,已完成,314.99,搜索引擎,美妆,220.02,15,0.0,
U06_00087,ORD00003378,2025-09-10,已完成,69.42,小红书,食品,35.07,10,0.0,
U06_00087,ORD00003379,2025-12-16,已完成,433.62,其他,食品,302.29,10,0.0,
U06_00088,ORD00003380,2025-07-16,已完成,292.09,小红书,服饰,173.62,15,0.0,
U06_00088,ORD00003381,2025-09-01,已支付,392.04,抖音,美妆,271.86,15,0.0,
U06_00088,ORD00003382,2026-01-20,已完成,448.77,其他,美妆,285.59,15,0.0,
U06_00089,ORD00003383,2025-07-28,已支付,307.3,搜索引擎,美妆,198.02,0,183.81,2025-08-15
U06_00089,ORD00003384,2025-10-01,已完成,205.13,搜索引擎,服饰,133.99,10,0.0,
U06_00089,ORD00003385,2025-12-22,已支付,314.9,小红书,美妆,138.63,15,0.0,
U06_00090,ORD00003386,2025-07-21,已完成,345.22,搜索引擎,美妆,214.23,15,0.0,
U06_00091,ORD00003387,2025-07-04,已完成,495.72,微信,美妆,319.85,5,0.0,
U06_00091,ORD00003388,2025-08-08,已支付,434.97,搜索引擎,食品,269.16,10,0.0,
U06_00091,ORD00003389,2025-12-12,已支付,97.63,其他,服饰,52.73,10,0.0,
U06_00092,ORD00003390,2025-07-18,已完成,104.29,搜索引擎,食品,45.81,0,0.0,
U06_00092,ORD00003391,2025-09-15,已支付,323.25,微信,家居,165.55,10,0.0,
U06_00093,ORD00003392,2025-07-25,已完成,105.89,其他,数码,53.5,0,73.06,2025-08-20
U06_00093,ORD00003393,2025-10-26,已完成,270.91,其他,家居,155.29,10,0.0,
U06_00094,ORD00003394,2025-07-03,已完成,160.39,抖音,食品,90.87,10,0.0,
U06_00095,ORD00003395,2025-07-27,已完成,199.17,小红书,家居,104.97,5,0.0,
U06_00095,ORD00003396,2025-10-17,已完成,105.75,其他,家居,48.21,5,0.0,
U06_00095,ORD00003397,2025-12-08,已完成,306.76,其他,数码,137.91,5,252.28,2026-01-19
U06_00096,ORD00003398,2025-07-29,已支付,469.72,微信,服饰,299.66,10,0.0,
U06_00097,ORD00003399,2025-07-16,已完成,401.44,小红书,美妆,228.32,15,0.0,
U06_00097,ORD00003400,2025-09-21,已支付,193.67,抖音,美妆,97.79,10,0.0,
U06_00097,ORD00003401,2025-11-19,已完成,113.33,其他,食品,78.27,5,0.0,
U06_00098,ORD00003402,2025-07-19,已完成,365.82,小红书,家居,187.28,10,0.0,
U06_00098,ORD00003403,2025-08-04,已完成,233.12,其他,家居,119.65,15,0.0,
U06_00098,ORD00003404,2025-09-19,已支付,391.56,微信,食品,183.39,10,0.0,
U06_00098,ORD00003405,2025-10-23,已支付,80.36,其他,服饰,39.37,15,0.0,
U06_00098,ORD00003406,2025-11-09,已完成,428.67,其他,美妆,190.79,0,0.0,
U06_00099,ORD00003407,2025-07-20,已完成,452.14,小红书,家居,265.29,0,0.0,
U06_00099,ORD00003408,2025-10-10,已完成,408.46,抖音,食品,272.17,0,0.0,
U06_00099,ORD00003409,2025-11-07,已支付,184.81,抖音,服饰,94.41,0,0.0,
U06_00100,ORD00003410,2025-07-13,已完成,134.32,微信,服饰,87.26,10,0.0,
U06_00100,ORD00003411,2025-08-06,已支付,482.68,微信,服饰,313.34,10,0.0,
U06_00100,ORD00003412,2025-10-08,已完成,306.33,小红书,食品,122.9,0,0.0,
U06_00101,ORD00003413,2025-07-26,已完成,330.9,抖音,美妆,166.16,10,0.0,
U06_00101,ORD00003414,2025-09-19,已完成,286.47,其他,食品,199.26,0,0.0,
U06_00101,ORD00003415,2025-10-05,已支付,83.55,小红书,美妆,49.27,0,0.0,
U06_00101,ORD00003416,2025-11-21,已完成,98.01,其他,美妆,49.14,0,0.0,
U06_00102,ORD00003417,2025-07-27,已完成,88.65,抖音,数码,54.93,10,0.0,
U06_00102,ORD00003418,2025-08-13,已支付,211.85,微信,家居,135.81,5,0.0,
U06_00102,ORD00003419,2025-09-29,已支付,243.99,抖音,服饰,153.15,10,0.0,
U06_00102,ORD00003420,2025-10-12,已完成,377.16,微信,数码,212.96,10,0.0,
U06_00102,ORD00003421,2025-12-03,已支付,416.5,微信,数码,274.41,0,0.0,
U06_00103,ORD00003422,2025-07-09,已完成,276.7,抖音,数码,134.77,10,0.0,
U06_00103,ORD00003423,2025-12-04,已完成,178.03,抖音,美妆,80.21,10,0.0,
U06_00104,ORD00003424,2025-07-01,已完成,98.63,抖音,家居,48.39,0,0.0,
U06_00105,ORD00003425,2025-07-13,已支付,213.79,其他,数码,104.58,0,0.0,
U06_00105,ORD00003426,2025-10-13,已完成,255.68,搜索引擎,食品,153.51,10,0.0,
U06_00106,ORD00003427,2025-07-31,已支付,191.01,抖音,美妆,122.01,0,101.39,2025-08-30
U06_00106,ORD00003428,2025-09-12,已完成,231.19,微信,数码,153.36,5,0.0,
U06_00106,ORD00003429,2026-01-24,已完成,444.53,搜索引擎,服饰,300.65,15,0.0,
U06_00107,ORD00003430,2025-07-21,已完成,159.21,微信,数码,100.96,0,0.0,
U06_00107,ORD00003431,2025-10-18,已完成,240.76,搜索引擎,美妆,154.07,15,0.0,
U06_00107,ORD00003432,2025-11-30,已支付,379.28,搜索引擎,服饰,225.88,10,0.0,
U06_00108,ORD00003433,2025-07-18,已完成,365.36,小红书,美妆,244.32,15,301.47,2025-08-08
U06_00108,ORD00003434,2025-10-08,已完成,424.65,抖音,家居,258.9,10,0.0,
U06_00109,ORD00003435,2025-07-15,已完成,411.95,搜索引擎,食品,181.78,10,0.0,
U06_00109,ORD00003436,2025-08-24,已支付,414.87,小红书,家居,289.01,10,0.0,
U06_00110,ORD00003437,2025-07-19,已支付,297.91,抖音,家居,181.66,5,0.0,
U06_00111,ORD00003438,2025-07-25,已支付,425.39,抖音,服饰,240.25,15,0.0,
U06_00111,ORD00003439,2025-09-06,已支付,342.82,小红书,美妆,161.01,15,0.0,
U06_00111,ORD00003440,2025-12-03,已完成,376.46,抖音,数码,227.57,10,0.0,
U06_00112,ORD00003441,2025-07-15,已支付,373.96,抖音,服饰,188.42,15,0.0,
U06_00112,ORD00003442,2025-08-18,已支付,298.21,微信,家居,188.56,10,0.0,
U06_00113,ORD00003443,2025-07-23,已完成,481.19,其他,美妆,210.56,0,0.0,
U06_00114,ORD00003444,2025-07-09,已支付,386.71,微信,食品,173.58,10,0.0,
U06_00115,ORD00003445,2025-07-04,已完成,311.83,抖音,美妆,144.21,10,0.0,
U06_00116,ORD00003446,2025-07-13,已完成,390.34,抖音,食品,242.1,0,241.49,2025-08-01
U06_00116,ORD00003447,2025-08-09,已支付,110.44,搜索引擎,美妆,72.87,15,0.0,
U06_00116,ORD00003448,2025-09-27,已完成,355.29,小红书,家居,165.19,10,188.86,2025-11-26
U06_00117,ORD00003449,2025-07-08,已支付,208.99,微信,数码,137.56,15,0.0,
U06_00117,ORD00003450,2025-08-29,已完成,122.55,小红书,服饰,76.56,10,0.0,
U06_00117,ORD00003451,2025-09-03,已完成,187.62,抖音,美妆,122.4,5,0.0,
U06_00117,ORD00003452,2025-11-08,已支付,74.23,微信,美妆,39.31,10,67.33,2025-12-22
U06_00117,ORD00003453,2025-12-26,已支付,58.42,微信,美妆,35.72,10,0.0,
U06_00118,ORD00003454,2025-07-05,已支付,80.48,微信,美妆,35.89,0,0.0,
U06_00118,ORD00003455,2025-09-09,已完成,487.63,其他,服饰,204.22,10,0.0,
U06_00118,ORD00003456,2025-11-03,已完成,176.7,小红书,数码,102.83,15,0.0,
U06_00119,ORD00003457,2025-07-22,已完成,273.01,微信,数码,126.65,5,0.0,
U06_00119,ORD00003458,2025-09-02,已完成,412.16,抖音,美妆,201.24,15,0.0,
U06_00119,ORD00003459,2025-10-04,已支付,155.49,微信,数码,79.29,15,114.47,2025-10-23
U06_00119,ORD00003460,2025-12-08,已完成,318.56,抖音,服饰,161.57,15,0.0,
U06_00120,ORD00003461,2025-07-23,已支付,285.23,其他,服饰,179.49,10,0.0,
U06_00121,ORD00003462,2025-07-03,已完成,147.98,小红书,家居,80.52,0,0.0,
U06_00121,ORD00003463,2026-01-17,已完成,264.45,其他,食品,108.86,10,0.0,
U06_00122,ORD00003464,2025-07-24,已支付,275.58,搜索引擎,数码,187.07,0,0.0,
U06_00122,ORD00003465,2025-10-31,已支付,488.52,抖音,数码,291.74,10,0.0,
U06_00123,ORD00003466,2025-07-11,已完成,279.5,其他,食品,163.77,10,0.0,
U06_00123,ORD00003467,2025-08-05,已支付,64.84,小红书,数码,43.45,10,0.0,
U06_00123,ORD00003468,2025-12-14,已完成,152.56,抖音,数码,75.4,15,0.0,
U06_00124,ORD00003469,2025-07-31,已完成,335.7,其他,食品,211.6,5,0.0,
U06_00125,ORD00003470,2025-07-11,已完成,170.14,其他,家居,115.88,0,0.0,
U06_00126,ORD00003471,2025-07-29,已完成,124.13,抖音,美妆,76.31,5,0.0,
U06_00126,ORD00003472,2025-08-22,已完成,54.12,搜索引擎,美妆,26.15,10,0.0,
U06_00126,ORD00003473,2025-11-15,已完成,215.18,抖音,美妆,117.82,0,0.0,
U06_00127,ORD00003474,2025-07-14,已完成,267.56,小红书,服饰,148.91,10,0.0,
U06_00127,ORD00003475,2025-08-27,已支付,476.25,其他,服饰,261.59,10,0.0,
U06_00127,ORD00003476,2025-09-01,已完成,490.85,小红书,数码,270.27,15,0.0,
U06_00127,ORD00003477,2025-11-10,已完成,346.83,小红书,数码,162.05,0,0.0,
U06_00128,ORD00003478,2025-07-17,已支付,304.83,微信,家居,178.04,15,0.0,
U06_00128,ORD00003479,2025-11-26,已完成,482.23,搜索引擎,家居,267.17,0,0.0,
U06_00129,ORD00003480,2025-07-19,已完成,114.23,微信,服饰,59.53,10,105.95,2025-08-05
U06_00129,ORD00003481,2025-08-30,已完成,356.04,微信,数码,148.74,10,0.0,
U06_00129,ORD00003482,2025-09-09,已完成,465.05,其他,美妆,282.19,10,0.0,
U06_00129,ORD00003483,2025-11-27,已完成,263.58,搜索引擎,食品,107.14,10,0.0,
U06_00130,ORD00003484,2025-07-13,已支付,412.73,微信,数码,223.16,0,0.0,
U06_00130,ORD00003485,2025-08-29,已完成,342.23,微信,食品,152.79,0,0.0,
U06_00130,ORD00003486,2025-09-19,已完成,426.19,搜索引擎,美妆,285.67,5,0.0,
U06_00130,ORD00003487,2025-10-13,已完成,342.33,小红书,数码,157.87,0,286.68,2025-11-08
U06_00130,ORD00003488,2025-11-28,已支付,240.72,微信,数码,163.27,5,0.0,
U06_00131,ORD00003489,2025-07-14,已支付,103.96,微信,家居,67.55,0,0.0,
U06_00131,ORD00003490,2025-09-05,已完成,235.89,微信,食品,144.02,10,0.0,
U06_00132,ORD00003491,2025-07-13,已完成,288.49,抖音,家居,177.7,10,0.0,
U06_00132,ORD00003492,2025-12-26,已完成,136.18,其他,数码,62.43,10,0.0,
U06_00133,ORD00003493,2025-07-23,已支付,142.81,小红书,家居,85.81,10,0.0,
U06_00133,ORD00003494,2025-08-30,已支付,412.64,其他,美妆,204.19,15,0.0,
U06_00134,ORD00003495,2025-07-26,已完成,420.1,微信,服饰,282.99,10,0.0,
U06_00134,ORD00003496,2025-09-30,已完成,173.06,抖音,食品,89.5,10,0.0,
U06_00134,ORD00003497,2025-11-01,已完成,223.94,搜索引擎,食品,125.32,10,0.0,
U06_00134,ORD00003498,2025-12-24,已完成,352.22,搜索引擎,服饰,179.37,10,0.0,
U06_00135,ORD00003499,2025-07-27,已支付,498.89,搜索引擎,美妆,252.18,10,0.0,
U06_00135,ORD00003500,2025-08-01,已完成,448.68,微信,食品,213.68,15,0.0,
U06_00135,ORD00003501,2025-10-14,已支付,69.59,其他,数码,43.61,0,0.0,
U06_00135,ORD00003502,2026-01-19,已支付,114.5,抖音,服饰,78.51,10,0.0,
U06_00136,ORD00003503,2025-07-04,已完成,358.54,微信,美妆,226.65,5,0.0,
U06_00136,ORD00003504,2025-08-22,已完成,490.34,其他,家居,310.43,10,0.0,
U06_00136,ORD00003505,2025-09-09,已完成,472.02,小红书,数码,253.94,10,0.0,
U06_00137,ORD00003506,2025-07-24,已支付,168.15,微信,家居,114.0,10,0.0,
U06_00137,ORD00003507,2025-10-15,已支付,376.31,微信,数码,232.44,15,0.0,
U06_00137,ORD00003508,2025-11-08,已完成,109.73,小红书,数码,48.67,10,0.0,
U06_00138,ORD00003509,2025-07-30,已完成,108.2,微信,美妆,55.86,15,0.0,
U06_00138,ORD00003510,2025-08-02,已支付,175.17,微信,美妆,118.57,10,135.97,2025-08-26
U06_00139,ORD00003511,2025-07-23,已完成,441.25,抖音,服饰,193.88,10,0.0,
U06_00139,ORD00003512,2025-08-21,已支付,202.33,小红书,服饰,102.57,10,0.0,
U06_00139,ORD00003513,2025-12-20,已完成,144.59,搜索引擎,数码,88.17,5,0.0,
U06_00139,ORD00003514,2026-01-15,已支付,284.01,其他,数码,132.0,15,278.12,2026-02-01
U06_00140,ORD00003515,2025-07-02,已完成,55.36,小红书,美妆,28.44,15,0.0,
U06_00141,ORD00003516,2025-07-22,已完成,404.28,搜索引擎,美妆,279.51,10,0.0,
U06_00141,ORD00003517,2025-08-08,已完成,100.13,其他,家居,40.84,5,0.0,
U06_00141,ORD00003518,2025-09-15,已完成,149.89,抖音,服饰,89.87,10,0.0,
U06_00142,ORD00003519,2025-07-04,已完成,492.08,抖音,食品,287.22,5,0.0,
U06_00142,ORD00003520,2025-08-25,已支付,121.96,抖音,家居,74.04,10,0.0,
U06_00142,ORD00003521,2025-10-20,已支付,76.46,搜索引擎,美妆,34.04,0,0.0,
U06_00142,ORD00003522,2025-12-19,已完成,430.37,小红书,家居,298.09,10,0.0,
U06_00143,ORD00003523,2025-07-19,已完成,236.09,抖音,食品,97.11,5,0.0,
U06_00144,ORD00003524,2025-07-15,已完成,405.3,抖音,家居,165.71,5,0.0,
U06_00144,ORD00003525,2025-08-14,已完成,438.68,搜索引擎,食品,292.07,10,428.75,2025-10-09
U06_00144,ORD00003526,2025-09-08,已支付,469.74,其他,服饰,194.53,10,0.0,
U06_00145,ORD00003527,2025-07-18,已完成,202.14,其他,美妆,140.95,10,0.0,
U06_00145,ORD00003528,2025-08-20,已完成,422.98,搜索引擎,家居,224.74,5,0.0,
U06_00145,ORD00003529,2026-01-30,已完成,106.18,微信,数码,66.91,5,0.0,
U06_00146,ORD00003530,2025-07-09,已支付,394.44,微信,服饰,196.11,0,0.0,
U06_00147,ORD00003531,2025-07-19,已完成,456.91,微信,美妆,197.38,15,0.0,
U06_00148,ORD00003532,2025-07-30,已支付,363.41,微信,服饰,236.5,10,0.0,
U06_00148,ORD00003533,2025-08-25,已完成,88.72,小红书,服饰,46.01,15,0.0,
U06_00148,ORD00003534,2025-09-15,已支付,331.17,其他,食品,197.36,15,0.0,
U06_00148,ORD00003535,2025-11-06,已完成,175.43,微信,食品,81.37,0,0.0,
U06_00149,ORD00003536,2025-07-30,已支付,452.23,抖音,食品,314.14,15,0.0,
U06_00149,ORD00003537,2025-08-16,已完成,332.72,其他,服饰,153.14,10,0.0,
U06_00149,ORD00003538,2025-10-14,已完成,454.97,小红书,数码,305.21,5,0.0,
U06_00149,ORD00003539,2025-11-11,已完成,399.34,搜索引擎,数码,173.85,10,0.0,
U06_00149,ORD00003540,2025-12-08,已完成,52.19,其他,家居,29.53,10,0.0,
U06_00150,ORD00003541,2025-07-12,已完成,155.36,搜索引擎,服饰,95.03,5,122.76,2025-09-10
U06_00150,ORD00003542,2025-09-28,已完成,200.14,搜索引擎,家居,109.54,10,195.51,2025-10-09
U06_00150,ORD00003543,2025-10-30,已支付,170.9,搜索引擎,食品,110.46,5,0.0,
U06_00150,ORD00003544,2025-11-17,已完成,195.43,其他,家居,121.1,10,0.0,
U06_00151,ORD00003545,2025-07-15,已完成,417.37,搜索引擎,美妆,170.41,15,265.52,2025-08-18
U06_00151,ORD00003546,2025-08-09,已完成,404.23,抖音,食品,191.71,15,0.0,
U06_00151,ORD00003547,2025-09-28,已完成,347.21,搜索引擎,家居,242.2,10,0.0,
U06_00152,ORD00003548,2025-07-17,已完成,459.69,微信,服饰,247.1,5,0.0,
U06_00153,ORD00003549,2025-07-14,已支付,104.87,搜索引擎,食品,46.64,10,61.37,2025-08-25
U06_00153,ORD00003550,2025-08-08,已支付,332.5,其他,服饰,158.01,10,0.0,
U06_00153,ORD00003551,2025-09-09,已完成,358.72,小红书,数码,162.0,5,0.0,
U06_00154,ORD00003552,2025-07-06,已完成,105.2,搜索引擎,美妆,59.85,0,0.0,
U06_00154,ORD00003553,2025-10-23,已完成,172.9,搜索引擎,服饰,95.69,10,158.21,2025-12-14
U06_00155,ORD00003554,2025-07-23,已完成,220.94,其他,家居,88.84,10,0.0,
U06_00156,ORD00003555,2025-07-13,已完成,271.2,微信,服饰,172.5,15,0.0,
U06_00156,ORD00003556,2025-08-28,已支付,163.27,微信,数码,112.95,0,136.43,2025-09-28
U06_00156,ORD00003557,2025-10-14,已完成,189.88,搜索引擎,食品,126.11,5,149.36,2025-11-27
U06_00157,ORD00003558,2025-07-17,已完成,269.44,微信,数码,119.38,10,0.0,
U06_00158,ORD00003559,2025-07-20,已支付,422.09,其他,服饰,228.02,5,0.0,
U06_00158,ORD00003560,2025-08-02,已完成,220.96,搜索引擎,数码,120.13,10,0.0,
U06_00158,ORD00003561,2025-09-26,已完成,440.02,抖音,家居,209.93,0,0.0,
U06_00159,ORD00003562,2025-07-29,已完成,85.54,抖音,服饰,57.87,10,0.0,
U06_00159,ORD00003563,2025-09-17,已完成,274.17,小红书,家居,140.23,10,0.0,
U06_00160,ORD00003564,2025-07-09,已完成,205.9,微信,美妆,126.06,10,0.0,
U06_00160,ORD00003565,2025-10-17,已完成,255.32,微信,服饰,173.01,5,0.0,
U06_00161,ORD00003566,2025-07-22,已支付,494.15,其他,食品,317.42,10,0.0,
U06_00161,ORD00003567,2025-10-15,已支付,344.0,搜索引擎,美妆,232.9,10,0.0,
U06_00162,ORD00003568,2025-07-25,已完成,420.0,搜索引擎,家居,260.61,5,0.0,
U06_00162,ORD00003569,2025-10-07,已完成,227.0,小红书,服饰,151.09,10,0.0,
U06_00162,ORD00003570,2025-12-31,已支付,315.43,其他,美妆,144.27,15,296.15,2026-01-18
U06_00163,ORD00003571,2025-07-30,已支付,417.54,抖音,家居,228.95,0,0.0,
U06_00163,ORD00003572,2025-10-01,已完成,134.54,抖音,数码,92.37,15,0.0,
U06_00163,ORD00003573,2026-01-02,已完成,335.26,微信,食品,224.53,15,0.0,
U06_00164,ORD00003574,2025-07-06,已完成,117.73,搜索引擎,数码,50.41,10,0.0,
U06_00164,ORD00003575,2025-08-07,已完成,493.44,微信,数码,249.6,10,0.0,
U06_00164,ORD00003576,2025-12-09,已完成,56.52,微信,家居,23.52,15,0.0,
U06_00165,ORD00003577,2025-07-03,已完成,352.65,微信,家居,235.64,0,0.0,
U06_00166,ORD00003578,2025-07-07,已支付,381.88,抖音,家居,181.02,5,0.0,
U06_00166,ORD00003579,2025-11-09,已完成,51.76,抖音,家居,35.11,5,38.41,2025-12-31
U06_00167,ORD00003580,2025-07-11,已完成,366.17,搜索引擎,数码,173.0,5,0.0,
U06_00167,ORD00003581,2025-08-09,已完成,248.38,微信,服饰,104.19,5,0.0,
U06_00168,ORD00003582,2025-07-06,已完成,459.11,小红书,家居,239.6,0,0.0,
U06_00168,ORD00003583,2025-10-09,已完成,130.65,微信,美妆,80.0,5,0.0,
U06_00168,ORD00003584,2025-11-29,已支付,164.61,抖音,服饰,108.02,5,0.0,
U06_00169,ORD00003585,2025-07-20,已完成,339.82,搜索引擎,服饰,169.63,5,0.0,
U06_00169,ORD00003586,2025-10-05,已完成,321.36,搜索引擎,美妆,186.74,0,0.0,
U06_00169,ORD00003587,2025-11-15,已完成,205.99,搜索引擎,美妆,97.38,10,0.0,
U06_00169,ORD00003588,2026-01-24,已完成,90.31,抖音,服饰,61.6,5,0.0,
U06_00170,ORD00003589,2025-07-24,已完成,352.84,微信,食品,204.44,0,0.0,
U06_00170,ORD00003590,2025-08-07,已完成,226.53,其他,服饰,110.33,5,0.0,
U06_00170,ORD00003591,2025-09-06,已支付,360.51,抖音,服饰,250.26,0,0.0,
U06_00170,ORD00003592,2025-10-29,已完成,480.94,微信,数码,249.8,10,0.0,
U06_00170,ORD00003593,2025-11-21,已支付,278.27,微信,服饰,184.98,15,0.0,
U06_00171,ORD00003594,2025-07-18,已完成,387.77,其他,美妆,180.47,0,0.0,
U06_00171,ORD00003595,2025-09-05,已支付,203.95,搜索引擎,服饰,126.3,15,0.0,
U06_00172,ORD00003596,2025-07-18,已完成,346.13,微信,食品,238.55,0,0.0,
U06_00172,ORD00003597,2025-09-23,已支付,179.17,微信,美妆,92.01,15,0.0,
U06_00173,ORD00003598,2025-07-16,已支付,141.81,微信,美妆,98.11,0,0.0,
U06_00174,ORD00003599,2025-07-30,已完成,310.96,抖音,数码,154.91,15,0.0,
U06_00174,ORD00003600,2025-09-06,已支付,306.22,微信,数码,158.79,10,239.46,2025-09-27
U06_00174,ORD00003601,2025-11-03,已支付,379.56,微信,数码,190.37,15,0.0,
U06_00174,ORD00003602,2025-12-16,已完成,228.42,小红书,服饰,94.46,0,0.0,
U06_00174,ORD00003603,2026-01-20,已完成,430.81,搜索引擎,数码,178.3,0,0.0,
U06_00175,ORD00003604,2025-07-18,已完成,114.23,小红书,食品,46.25,5,0.0,
U06_00175,ORD00003605,2025-10-21,已支付,216.18,搜索引擎,数码,92.11,10,0.0,
U06_00175,ORD00003606,2025-11-26,已完成,244.63,小红书,家居,145.29,10,189.07,2026-01-09
U06_00176,ORD00003607,2025-07-22,已支付,182.33,其他,美妆,100.22,15,180.23,2025-09-02
U06_00176,ORD00003608,2025-08-10,已支付,229.66,微信,家居,159.42,15,0.0,
U06_00177,ORD00003609,2025-07-17,已支付,233.81,抖音,家居,104.66,10,0.0,
U06_00177,ORD00003610,2025-11-16,已完成,406.74,小红书,数码,208.7,10,0.0,
U06_00177,ORD00003611,2026-01-08,已支付,334.4,其他,数码,164.27,15,0.0,
U06_00178,ORD00003612,2025-07-02,已完成,377.45,小红书,食品,181.61,5,0.0,
U06_00178,ORD00003613,2025-11-12,已支付,95.06,搜索引擎,美妆,65.3,10,0.0,
U06_00179,ORD00003614,2025-07-13,已支付,125.96,其他,家居,81.13,15,0.0,
U06_00179,ORD00003615,2025-10-09,已完成,321.83,其他,食品,223.83,0,314.92,2025-11-27
U06_00179,ORD00003616,2026-01-22,已支付,184.86,小红书,数码,76.55,10,0.0,
U06_00180,ORD00003617,2025-07-18,已支付,161.41,小红书,食品,65.9,15,0.0,
U06_00181,ORD00003618,2025-07-20,已支付,486.25,抖音,美妆,230.63,10,0.0,
U06_00181,ORD00003619,2025-09-26,已支付,62.51,微信,数码,32.23,0,50.86,2025-10-21
U06_00182,ORD00003620,2025-07-08,已支付,416.16,抖音,食品,215.78,5,0.0,
U06_00182,ORD00003621,2025-09-06,已支付,268.27,其他,服饰,122.08,0,0.0,
U06_00182,ORD00003622,2025-10-04,已完成,132.32,抖音,服饰,66.73,0,0.0,
U06_00183,ORD00003623,2025-07-01,已支付,53.51,其他,美妆,21.5,0,0.0,
U06_00183,ORD00003624,2025-08-11,已完成,429.3,微信,家居,285.52,5,0.0,
U06_00183,ORD00003625,2026-01-30,已完成,82.73,搜索引擎,家居,40.16,15,0.0,
U06_00184,ORD00003626,2025-07-15,已完成,489.37,抖音,数码,204.35,10,0.0,
U06_00184,ORD00003627,2025-09-02,已完成,429.69,其他,美妆,178.74,10,0.0,
U06_00185,ORD00003628,2025-07-21,已完成,101.31,搜索引擎,美妆,65.97,5,94.28,2025-09-14
U06_00185,ORD00003629,2025-08-09,已支付,364.05,微信,数码,205.29,5,0.0,
U06_00185,ORD00003630,2025-12-06,已完成,89.72,其他,食品,38.89,15,0.0,
U06_00185,ORD00003631,2026-01-31,已完成,457.41,抖音,美妆,212.48,15,0.0,
U06_00186,ORD00003632,2025-07-03,已完成,230.4,搜索引擎,家居,127.1,0,0.0,
U06_00186,ORD00003633,2025-08-20,已完成,53.18,其他,服饰,26.38,10,0.0,
U06_00186,ORD00003634,2025-12-06,已完成,68.36,微信,数码,39.1,0,0.0,
U06_00186,ORD00003635,2026-01-31,已完成,353.17,其他,家居,179.52,5,0.0,
U06_00187,ORD00003636,2025-07-03,已完成,77.29,微信,美妆,38.86,15,0.0,
U06_00187,ORD00003637,2025-09-10,已完成,235.79,搜索引擎,家居,128.93,0,0.0,
U06_00188,ORD00003638,2025-07-24,已完成,152.25,微信,食品,61.98,15,0.0,
U06_00188,ORD00003639,2025-08-17,已完成,154.53,搜索引擎,数码,77.0,0,0.0,
U06_00188,ORD00003640,2026-01-06,已完成,304.12,小红书,美妆,132.4,10,0.0,
U06_00189,ORD00003641,2025-07-03,已完成,388.13,抖音,服饰,162.61,5,0.0,
U06_00189,ORD00003642,2025-10-20,已完成,318.44,抖音,服饰,162.14,5,0.0,
U06_00189,ORD00003643,2025-11-16,已完成,337.12,抖音,服饰,218.99,15,234.78,2025-12-30
U06_00190,ORD00003644,2025-07-15,已完成,305.03,小红书,美妆,205.5,10,0.0,
U06_00190,ORD00003645,2026-01-21,已支付,183.99,其他,美妆,111.39,5,0.0,
U06_00191,ORD00003646,2025-07-30,已完成,105.93,搜索引擎,服饰,74.05,10,0.0,
U06_00192,ORD00003647,2025-07-13,已支付,382.01,小红书,美妆,163.86,0,0.0,
U06_00192,ORD00003648,2025-08-03,已完成,469.39,小红书,数码,255.79,15,0.0,
U06_00192,ORD00003649,2025-10-12,已完成,480.76,搜索引擎,服饰,236.34,10,0.0,
U06_00192,ORD00003650,2025-12-05,已支付,76.69,小红书,家居,51.78,10,0.0,
U06_00193,ORD00003651,2025-07-16,已完成,402.73,小红书,服饰,204.68,10,0.0,
U06_00193,ORD00003652,2025-10-21,已完成,376.14,微信,美妆,229.51,0,0.0,
U06_00194,ORD00003653,2025-07-14,已完成,137.95,搜索引擎,食品,80.28,10,0.0,
U06_00194,ORD00003654,2025-08-22,已完成,254.71,搜索引擎,食品,146.63,5,0.0,
U06_00194,ORD00003655,2025-09-03,已完成,298.88,小红书,数码,169.12,15,0.0,
U06_00195,ORD00003656,2025-07-10,已完成,452.73,抖音,服饰,308.64,5,0.0,
U06_00195,ORD00003657,2025-08-25,已完成,76.6,微信,服饰,36.66,5,0.0,
U06_00195,ORD00003658,2025-09-23,已完成,493.23,搜索引擎,数码,223.49,15,0.0,
U06_00196,ORD00003659,2025-07-15,已完成,64.47,抖音,食品,31.12,10,0.0,
U06_00196,ORD00003660,2025-10-04,已完成,260.23,微信,家居,124.79,10,0.0,
U06_00196,ORD00003661,2025-12-27,已完成,86.47,微信,服饰,48.96,10,0.0,
U06_00196,ORD00003662,2026-01-12,已完成,83.57,微信,服饰,49.07,0,0.0,
U06_00197,ORD00003663,2025-07-06,已完成,455.93,其他,家居,272.73,10,0.0,
U06_00197,ORD00003664,2025-09-15,已支付,377.8,其他,服饰,187.75,10,0.0,
U06_00198,ORD00003665,2025-07-02,已完成,259.12,抖音,家居,166.58,10,0.0,
U06_00198,ORD00003666,2025-08-29,已完成,305.98,微信,服饰,206.6,5,0.0,
U06_00198,ORD00003667,2025-10-24,已完成,138.46,小红书,食品,58.55,10,0.0,
U06_00199,ORD00003668,2025-07-18,已完成,337.98,微信,数码,218.93,15,0.0,
U06_00199,ORD00003669,2025-12-14,已支付,381.37,抖音,服饰,220.09,0,0.0,
U06_00200,ORD00003670,2025-07-14,已支付,159.06,抖音,数码,84.9,10,0.0,
U06_00201,ORD00003671,2025-07-01,已完成,241.13,抖音,食品,157.9,10,0.0,
U06_00201,ORD00003672,2025-08-29,已完成,124.11,搜索引擎,美妆,49.73,5,77.84,2025-09-11
U06_00201,ORD00003673,2025-09-16,已支付,124.28,搜索引擎,家居,84.32,10,0.0,
U06_00201,ORD00003674,2025-11-06,已完成,77.04,其他,家居,39.86,0,0.0,
U06_00202,ORD00003675,2025-07-20,已支付,227.76,搜索引擎,家居,117.12,10,0.0,
U06_00202,ORD00003676,2025-08-30,已完成,77.74,微信,数码,32.67,0,0.0,
U06_00202,ORD00003677,2025-09-16,已支付,150.28,其他,服饰,82.13,5,148.76,2025-11-02
U06_00203,ORD00003678,2025-07-20,已完成,368.91,搜索引擎,服饰,213.93,15,0.0,
U06_00203,ORD00003679,2026-01-11,已支付,274.51,其他,数码,157.14,10,0.0,
U06_00204,ORD00003680,2025-07-14,已完成,57.14,微信,家居,28.2,0,0.0,
U06_00204,ORD00003681,2025-08-22,已完成,290.97,其他,美妆,144.01,10,0.0,
U06_00205,ORD00003682,2025-07-25,已完成,298.19,抖音,家居,155.94,15,0.0,
U06_00205,ORD00003683,2025-08-22,已完成,260.6,微信,美妆,175.95,0,0.0,
U06_00205,ORD00003684,2025-09-03,已支付,275.18,小红书,服饰,120.77,5,0.0,
U06_00206,ORD00003685,2025-07-05,已完成,434.57,其他,食品,218.84,10,0.0,
U06_00206,ORD00003686,2025-09-13,已支付,218.08,小红书,服饰,109.24,10,0.0,
U06_00207,ORD00003687,2025-07-24,已完成,452.53,搜索引擎,数码,306.07,10,0.0,
U06_00208,ORD00003688,2025-07-11,已支付,84.22,其他,食品,38.0,10,0.0,
U06_00208,ORD00003689,2025-10-22,已完成,271.3,搜索引擎,家居,134.94,5,0.0,
U06_00209,ORD00003690,2025-07-25,已完成,431.38,其他,服饰,227.95,5,0.0,
U06_00209,ORD00003691,2025-12-27,已完成,150.83,搜索引擎,美妆,83.73,10,95.19,2026-01-11
U06_00210,ORD00003692,2025-07-23,已完成,86.97,其他,食品,38.15,5,0.0,
U06_00210,ORD00003693,2025-08-27,已支付,362.63,其他,服饰,182.12,5,0.0,
U06_00210,ORD00003694,2025-09-06,已完成,326.76,搜索引擎,数码,171.6,10,173.11,2025-10-08
U06_00210,ORD00003695,2025-10-13,已完成,405.77,抖音,家居,187.2,15,0.0,
U06_00210,ORD00003696,2025-12-05,已支付,284.58,小红书,数码,169.39,10,0.0,
U06_00210,ORD00003697,2026-01-04,已完成,370.35,搜索引擎,美妆,216.24,15,0.0,
U06_00211,ORD00003698,2025-07-07,已完成,493.44,其他,食品,306.62,5,0.0,
U06_00211,ORD00003699,2025-08-21,已完成,185.61,小红书,美妆,97.61,15,0.0,
U06_00211,ORD00003700,2025-10-16,已支付,459.77,抖音,美妆,258.43,5,0.0,
U06_00212,ORD00003701,2025-07-30,已完成,235.94,小红书,服饰,160.88,15,0.0,
U06_00212,ORD00003702,2026-01-09,已完成,454.78,微信,数码,250.71,10,0.0,
U06_00213,ORD00003703,2025-07-24,已完成,374.86,搜索引擎,家居,162.08,0,0.0,
U06_00213,ORD00003704,2025-08-07,已支付,155.77,小红书,数码,64.61,10,0.0,
U06_00213,ORD00003705,2025-09-29,已完成,87.01,其他,食品,44.34,0,0.0,
U06_00213,ORD00003706,2025-12-09,已完成,57.81,搜索引擎,服饰,25.53,15,0.0,
U06_00213,ORD00003707,2026-01-21,已完成,499.58,其他,服饰,311.69,10,0.0,
U06_00214,ORD00003708,2025-07-04,已完成,469.65,其他,数码,315.3,15,0.0,
U06_00214,ORD00003709,2025-08-05,已完成,253.92,小红书,美妆,168.51,10,0.0,
U06_00214,ORD00003710,2025-09-14,已完成,305.05,小红书,美妆,197.52,5,0.0,
U06_00215,ORD00003711,2025-07-15,已支付,257.94,小红书,家居,111.82,10,0.0,
U06_00216,ORD00003712,2025-07-31,已完成,482.39,搜索引擎,食品,313.09,10,0.0,
U06_00216,ORD00003713,2025-08-23,已支付,365.18,微信,食品,176.34,15,0.0,
U06_00216,ORD00003714,2025-10-27,已完成,312.88,小红书,食品,127.98,0,0.0,
U06_00217,ORD00003715,2025-07-13,已完成,272.98,抖音,美妆,139.12,10,0.0,
U06_00217,ORD00003716,2025-12-22,已支付,185.57,其他,数码,99.36,0,0.0,
U06_00217,ORD00003717,2026-01-21,已支付,478.87,抖音,美妆,321.37,5,0.0,
U06_00218,ORD00003718,2025-07-10,已支付,349.71,搜索引擎,数码,188.29,0,0.0,
U06_00218,ORD00003719,2025-09-08,已完成,97.63,搜索引擎,家居,41.91,10,0.0,
U06_00219,ORD00003720,2025-07-16,已完成,195.63,小红书,家居,88.67,10,0.0,
U06_00219,ORD00003721,2025-09-05,已支付,392.13,其他,食品,245.6,15,0.0,
U06_00220,ORD00003722,2025-07-17,已支付,470.99,搜索引擎,美妆,198.32,10,0.0,
U06_00220,ORD00003723,2025-08-14,已完成,354.8,其他,家居,150.54,15,0.0,
U06_00221,ORD00003724,2025-07-14,已完成,337.65,抖音,服饰,169.67,10,0.0,
U06_00221,ORD00003725,2025-09-19,已完成,200.4,微信,食品,139.33,5,0.0,
U06_00221,ORD00003726,2026-01-05,已支付,86.69,搜索引擎,食品,38.46,15,0.0,
U06_00222,ORD00003727,2025-07-25,已支付,364.87,微信,家居,188.4,15,0.0,
U06_00223,ORD00003728,2025-07-30,已支付,151.01,抖音,食品,76.15,15,0.0,
U06_00223,ORD00003729,2025-08-29,已支付,423.85,抖音,服饰,192.84,10,0.0,
U06_00223,ORD00003730,2025-09-04,已支付,110.36,抖音,美妆,53.47,10,0.0,
U06_00223,ORD00003731,2025-10-04,已完成,388.92,小红书,服饰,166.12,10,0.0,
U06_00224,ORD00003732,2025-07-12,已完成,151.8,小红书,数码,78.4,15,90.21,2025-08-17
U06_00225,ORD00003733,2025-07-06,已完成,394.86,微信,美妆,219.64,0,0.0,
U06_00225,ORD00003734,2025-09-24,已完成,121.71,微信,家居,56.1,5,0.0,
U06_00226,ORD00003735,2025-07-26,已完成,196.19,搜索引擎,美妆,118.71,5,0.0,
U06_00226,ORD00003736,2025-10-08,已支付,425.66,其他,食品,239.23,15,0.0,
U06_00227,ORD00003737,2025-07-18,已支付,200.68,抖音,美妆,135.57,0,0.0,
U06_00227,ORD00003738,2025-08-25,已完成,85.37,小红书,服饰,46.55,10,0.0,
U06_00228,ORD00003739,2025-07-17,已完成,83.14,其他,家居,39.4,15,0.0,
U06_00228,ORD00003740,2025-08-07,已支付,489.73,小红书,家居,268.08,0,0.0,
U06_00229,ORD00003741,2025-07-07,已完成,349.83,微信,食品,151.23,5,0.0,
U06_00229,ORD00003742,2025-12-21,已完成,204.04,微信,服饰,131.4,5,0.0,
U06_00230,ORD00003743,2025-07-15,已完成,405.36,小红书,食品,177.44,15,0.0,
U06_00230,ORD00003744,2025-12-24,已支付,319.73,小红书,美妆,176.36,10,0.0,
U06_00230,ORD00003745,2026-01-04,已完成,174.44,微信,家居,94.2,15,122.1,2026-01-19
U06_00231,ORD00003746,2025-07-14,已完成,435.7,其他,数码,231.85,10,0.0,
U06_00232,ORD00003747,2025-07-23,已完成,468.03,其他,食品,280.78,0,0.0,
U06_00232,ORD00003748,2025-08-25,已支付,183.43,微信,服饰,110.29,10,0.0,
U06_00233,ORD00003749,2025-07-18,已完成,291.23,抖音,家居,154.67,10,0.0,
U06_00233,ORD00003750,2026-01-07,已支付,303.94,小红书,服饰,180.95,10,0.0,
U06_00234,ORD00003751,2025-07-30,已完成,102.66,搜索引擎,美妆,65.09,0,0.0,
U06_00234,ORD00003752,2025-08-25,已支付,197.23,其他,服饰,92.49,0,0.0,
U06_00234,ORD00003753,2025-11-05,已支付,63.08,小红书,家居,41.47,5,0.0,
U06_00234,ORD00003754,2025-12-03,已支付,121.07,搜索引擎,服饰,75.97,10,0.0,
U06_00235,ORD00003755,2025-07-08,已支付,249.29,搜索引擎,数码,170.33,5,0.0,
U06_00235,ORD00003756,2025-08-08,已完成,494.12,抖音,服饰,253.29,15,0.0,
U06_00236,ORD00003757,2025-07-26,已支付,179.15,搜索引擎,服饰,117.99,5,0.0,
U06_00236,ORD00003758,2025-08-13,已完成,418.42,搜索引擎,食品,192.63,5,0.0,
U06_00236,ORD00003759,2025-09-24,已支付,497.56,其他,服饰,239.41,15,0.0,
U06_00236,ORD00003760,2025-10-22,已完成,72.54,其他,美妆,36.72,10,42.1,2025-11-14
U06_00236,ORD00003761,2025-12-19,已完成,410.36,微信,食品,216.15,15,0.0,
U06_00237,ORD00003762,2025-07-29,已支付,71.92,抖音,食品,29.47,10,39.22,2025-08-26
U06_00237,ORD00003763,2025-08-27,已完成,191.97,抖音,美妆,122.14,0,0.0,
U06_00238,ORD00003764,2025-07-31,已支付,194.1,微信,服饰,100.49,5,0.0,
U06_00238,ORD00003765,2025-10-19,已完成,336.3,抖音,数码,137.79,10,0.0,
U06_00239,ORD00003766,2025-07-03,已完成,285.65,微信,食品,126.55,5,0.0,
U06_00239,ORD00003767,2026-01-03,已完成,484.91,微信,家居,278.76,0,0.0,
U06_00240,ORD00003768,2025-07-24,已完成,56.48,抖音,数码,27.57,10,0.0,
U06_00240,ORD00003769,2025-11-22,已支付,152.72,其他,服饰,96.44,5,0.0,
U06_00241,ORD00003770,2025-07-14,已支付,66.32,其他,家居,39.12,5,0.0,
U06_00241,ORD00003771,2026-01-07,已支付,303.88,小红书,家居,196.13,15,0.0,
U06_00242,ORD00003772,2025-07-10,已支付,351.1,抖音,家居,209.17,0,0.0,
U06_00242,ORD00003773,2025-08-23,已支付,390.3,搜索引擎,美妆,233.93,10,0.0,
U06_00242,ORD00003774,2025-10-06,已完成,444.86,其他,美妆,240.93,10,0.0,
U06_00242,ORD00003775,2025-11-08,已支付,421.21,搜索引擎,美妆,181.81,15,0.0,
U06_00243,ORD00003776,2025-07-15,已支付,271.98,其他,数码,157.17,10,0.0,
U06_00243,ORD00003777,2025-09-05,已完成,288.8,搜索引擎,食品,200.65,15,217.1,2025-11-02
U06_00244,ORD00003778,2025-07-01,已完成,220.13,其他,数码,120.33,15,0.0,
U06_00244,ORD00003779,2025-10-11,已完成,203.72,搜索引擎,食品,135.3,0,0.0,
U06_00245,ORD00003780,2025-07-04,已完成,362.47,微信,数码,178.61,5,0.0,
U06_00246,ORD00003781,2025-07-28,已支付,195.41,抖音,美妆,120.39,10,0.0,
U06_00246,ORD00003782,2025-08-04,已完成,392.85,搜索引擎,服饰,169.28,0,0.0,
U06_00247,ORD00003783,2025-07-24,已完成,239.21,搜索引擎,家居,166.96,10,192.39,2025-08-15
U06_00247,ORD00003784,2025-09-03,已完成,436.77,抖音,数码,203.97,15,0.0,
U06_00247,ORD00003785,2025-12-30,已完成,331.52,小红书,数码,206.86,10,0.0,
U06_00248,ORD00003786,2025-07-19,已完成,117.83,微信,食品,57.76,10,0.0,
U06_00248,ORD00003787,2025-08-11,已支付,438.61,小红书,服饰,290.42,15,0.0,
U06_00248,ORD00003788,2025-11-06,已完成,482.68,抖音,服饰,337.21,5,0.0,
U06_00249,ORD00003789,2025-07-25,已支付,122.32,搜索引擎,家居,83.04,10,0.0,
U06_00249,ORD00003790,2025-09-14,已支付,375.5,搜索引擎,美妆,170.46,5,0.0,
U06_00250,ORD00003791,2025-07-15,已支付,388.44,抖音,家居,236.37,15,0.0,
U06_00250,ORD00003792,2025-08-04,已完成,408.44,抖音,数码,182.37,10,0.0,
U06_00250,ORD00003793,2025-10-25,已完成,363.74,微信,数码,240.11,15,0.0,
U06_00251,ORD00003794,2025-07-12,已支付,173.56,其他,数码,88.59,0,0.0,
U06_00251,ORD00003795,2025-11-25,已完成,51.62,小红书,美妆,34.44,10,0.0,
U06_00252,ORD00003796,2025-07-14,已支付,263.68,抖音,食品,131.29,10,0.0,
U06_00252,ORD00003797,2025-12-27,已支付,406.94,小红书,美妆,234.1,15,0.0,
U06_00253,ORD00003798,2025-07-26,已支付,215.01,搜索引擎,家居,119.84,5,0.0,
U06_00253,ORD00003799,2025-08-21,已支付,144.65,其他,家居,76.88,0,0.0,
U06_00253,ORD00003800,2025-09-06,已支付,432.97,其他,食品,243.9,5,0.0,
U06_00253,ORD00003801,2026-01-07,已完成,159.84,抖音,美妆,104.79,10,0.0,
U06_00254,ORD00003802,2025-07-24,已完成,227.36,小红书,数码,151.8,10,0.0,
U06_00255,ORD00003803,2025-07-10,已完成,306.93,微信,数码,180.94,15,0.0,
U06_00255,ORD00003804,2025-09-04,已完成,77.48,搜索引擎,数码,53.09,0,0.0,
U06_00256,ORD00003805,2025-07-12,已完成,426.69,其他,食品,209.85,10,0.0,
U06_00256,ORD00003806,2025-11-19,已支付,208.4,抖音,家居,131.11,0,0.0,
U06_00256,ORD00003807,2026-01-24,已支付,492.09,抖音,数码,258.04,0,0.0,
U06_00257,ORD00003808,2025-07-29,已支付,52.76,抖音,服饰,27.73,0,0.0,
U06_00257,ORD00003809,2025-09-27,已完成,335.39,微信,食品,144.82,15,171.7,2025-10-31
U06_00258,ORD00003810,2025-07-28,已完成,468.46,搜索引擎,食品,306.61,5,275.85,2025-09-19
U06_00258,ORD00003811,2025-08-29,已完成,145.16,微信,食品,80.92,5,0.0,
U06_00258,ORD00003812,2025-09-03,已支付,410.11,搜索引擎,数码,243.06,0,0.0,
U06_00258,ORD00003813,2025-11-22,已完成,346.45,搜索引擎,服饰,241.52,0,266.92,2025-12-16
U06_00259,ORD00003814,2025-07-25,已完成,104.93,其他,食品,66.02,10,0.0,
U06_00259,ORD00003815,2025-09-19,已完成,463.6,其他,数码,305.93,5,0.0,
U06_00259,ORD00003816,2025-11-22,已完成,455.21,其他,家居,191.95,5,0.0,
U06_00259,ORD00003817,2026-01-28,已完成,248.22,小红书,服饰,128.51,0,0.0,
U06_00260,ORD00003818,2025-07-06,已完成,200.37,搜索引擎,数码,82.88,10,0.0,
U06_00260,ORD00003819,2025-08-24,已完成,463.12,小红书,美妆,194.05,10,0.0,
U06_00261,ORD00003820,2025-07-09,已支付,320.16,小红书,家居,206.26,5,0.0,
U06_00261,ORD00003821,2025-08-25,已完成,460.67,搜索引擎,食品,315.39,5,0.0,
U06_00261,ORD00003822,2025-11-24,已完成,302.96,小红书,数码,153.57,10,0.0,
U06_00262,ORD00003823,2025-07-27,已完成,93.21,其他,美妆,52.85,5,0.0,
U06_00262,ORD00003824,2025-10-27,已支付,172.57,抖音,食品,103.77,15,0.0,
U06_00262,ORD00003825,2025-12-05,已完成,460.09,抖音,家居,248.44,5,288.28,2025-12-31
U06_00263,ORD00003826,2025-07-23,已完成,154.18,抖音,服饰,66.63,0,0.0,
U06_00263,ORD00003827,2025-09-07,已支付,369.51,其他,食品,187.33,10,0.0,
U06_00264,ORD00003828,2025-07-16,已完成,182.2,搜索引擎,美妆,88.08,15,0.0,
U06_00264,ORD00003829,2025-08-13,已完成,378.33,抖音,数码,238.44,15,209.15,2025-08-23
U06_00264,ORD00003830,2025-09-17,已完成,317.4,小红书,家居,174.67,5,0.0,
U06_00265,ORD00003831,2025-07-25,已完成,214.26,其他,食品,111.55,5,0.0,
U06_00265,ORD00003832,2025-09-30,已完成,243.75,小红书,美妆,138.5,10,0.0,
U06_00265,ORD00003833,2026-01-27,已完成,341.39,搜索引擎,服饰,143.42,10,0.0,
U06_00266,ORD00003834,2025-07-06,已完成,324.42,其他,数码,215.34,10,317.33,2025-09-02
U06_00266,ORD00003835,2025-09-12,已完成,111.04,其他,家居,67.67,15,0.0,
U06_00266,ORD00003836,2025-10-20,已完成,412.61,抖音,美妆,268.61,5,334.09,2025-12-07
U06_00267,ORD00003837,2025-07-11,已完成,172.55,抖音,食品,94.36,15,0.0,
U06_00267,ORD00003838,2025-09-14,已完成,256.47,搜索引擎,食品,107.81,10,0.0,
U06_00268,ORD00003839,2025-07-02,已完成,348.5,微信,服饰,220.25,10,0.0,
U06_00269,ORD00003840,2025-07-24,已完成,59.08,搜索引擎,家居,37.99,15,0.0,
U06_00269,ORD00003841,2025-09-28,已支付,371.03,其他,家居,166.39,0,0.0,
U06_00269,ORD00003842,2025-11-24,已完成,240.95,搜索引擎,食品,163.11,10,0.0,
U06_00269,ORD00003843,2025-12-14,已完成,161.26,微信,家居,101.43,0,0.0,
U06_00270,ORD00003844,2025-07-18,已完成,462.74,搜索引擎,食品,243.34,0,0.0,
U06_00270,ORD00003845,2025-10-05,已完成,428.46,搜索引擎,家居,246.82,0,0.0,
U06_00271,ORD00003846,2025-07-06,已完成,166.21,其他,服饰,114.12,10,127.14,2025-07-22
U06_00272,ORD00003847,2025-07-23,已完成,152.11,搜索引擎,服饰,93.07,10,0.0,
U06_00272,ORD00003848,2026-01-25,已支付,330.01,抖音,食品,157.29,10,0.0,
U06_00273,ORD00003849,2025-07-01,已完成,52.15,搜索引擎,食品,32.54,10,0.0,
U06_00273,ORD00003850,2025-08-25,已完成,437.65,抖音,服饰,191.21,15,0.0,
U06_00273,ORD00003851,2025-10-14,已支付,285.82,微信,食品,128.16,10,0.0,
U06_00274,ORD00003852,2025-07-19,已完成,370.03,微信,美妆,211.92,10,0.0,
U06_00275,ORD00003853,2025-07-11,已支付,496.3,搜索引擎,家居,264.83,10,0.0,
U06_00275,ORD00003854,2025-10-22,已支付,267.94,微信,数码,112.56,0,0.0,
U06_00275,ORD00003855,2025-12-21,已支付,371.28,搜索引擎,服饰,154.65,15,0.0,
U06_00276,ORD00003856,2025-07-23,已完成,230.59,微信,数码,145.35,0,0.0,
U06_00276,ORD00003857,2025-08-31,已完成,466.13,微信,美妆,235.42,0,0.0,
U06_00276,ORD00003858,2025-09-22,已完成,228.58,搜索引擎,美妆,125.32,10,0.0,
U06_00277,ORD00003859,2025-07-23,已支付,260.92,微信,美妆,138.74,5,0.0,
U06_00277,ORD00003860,2025-09-23,已完成,256.33,微信,数码,146.32,10,0.0,
U06_00278,ORD00003861,2025-07-05,已完成,469.82,小红书,食品,211.6,15,0.0,
U06_00278,ORD00003862,2025-12-17,已完成,189.04,微信,服饰,99.49,15,121.25,2026-01-25
U06_00279,ORD00003863,2025-07-17,已完成,120.91,其他,美妆,72.06,5,0.0,
U06_00279,ORD00003864,2025-09-26,已完成,366.32,抖音,数码,150.13,5,0.0,
U06_00279,ORD00003865,2026-01-05,已支付,119.63,搜索引擎,服饰,75.52,0,0.0,
U06_00280,ORD00003866,2025-07-13,已完成,486.56,小红书,数码,236.44,0,0.0,
U06_00281,ORD00003867,2025-07-08,已支付,365.57,搜索引擎,美妆,249.87,10,0.0,
U06_00281,ORD00003868,2026-01-11,已完成,253.89,搜索引擎,家居,115.78,5,0.0,
U06_00282,ORD00003869,2025-07-30,已完成,344.08,微信,数码,177.36,10,0.0,
U06_00282,ORD00003870,2025-08-01,已支付,248.21,微信,服饰,173.22,10,243.74,2025-08-21
U06_00283,ORD00003871,2025-07-09,已完成,180.18,其他,家居,78.92,5,0.0,
U06_00283,ORD00003872,2025-11-30,已完成,193.08,小红书,食品,100.24,5,0.0,
U06_00283,ORD00003873,2025-12-21,已完成,134.19,抖音,服饰,80.47,0,0.0,
U06_00284,ORD00003874,2025-07-28,已完成,389.88,其他,数码,237.22,10,0.0,
U06_00284,ORD00003875,2025-10-27,已完成,490.67,微信,食品,263.15,5,0.0,
U06_00284,ORD00003876,2025-11-03,已完成,330.99,小红书,食品,181.3,5,0.0,
U06_00284,ORD00003877,2025-12-09,已支付,357.46,搜索引擎,食品,151.24,5,0.0,
U06_00285,ORD00003878,2025-07-05,已完成,431.08,其他,美妆,274.71,15,0.0,
U06_00285,ORD00003879,2025-08-09,已支付,287.61,搜索引擎,美妆,124.37,10,0.0,
U06_00285,ORD00003880,2025-10-27,已完成,300.0,搜索引擎,食品,199.17,10,0.0,
U06_00286,ORD00003881,2025-07-24,已支付,446.77,抖音,服饰,287.21,15,0.0,
U06_00286,ORD00003882,2025-09-01,已支付,284.54,其他,家居,115.36,10,0.0,
U06_00286,ORD00003883,2026-01-04,已支付,170.5,抖音,食品,78.05,10,0.0,
U06_00287,ORD00003884,2025-07-18,已完成,427.48,搜索引擎,数码,185.39,0,0.0,
U06_00287,ORD00003885,2026-01-06,已完成,482.64,搜索引擎,服饰,305.69,0,0.0,
U06_00288,ORD00003886,2025-07-14,已完成,59.92,微信,服饰,26.43,0,0.0,
U06_00288,ORD00003887,2025-10-04,已支付,117.06,其他,数码,70.89,10,0.0,
U06_00288,ORD00003888,2025-11-15,已支付,418.21,微信,家居,200.84,10,0.0,
U06_00289,ORD00003889,2025-07-28,已完成,127.47,抖音,数码,51.16,10,0.0,
U06_00289,ORD00003890,2025-09-14,已完成,216.25,抖音,服饰,149.34,10,0.0,
U06_00289,ORD00003891,2026-01-01,已完成,178.43,微信,数码,102.14,10,0.0,
U06_00290,ORD00003892,2025-07-19,已完成,353.94,微信,食品,183.63,0,245.21,2025-09-13
U06_00290,ORD00003893,2025-12-05,已完成,431.16,其他,服饰,175.43,5,0.0,
U06_00290,ORD00003894,2026-01-06,已完成,235.95,微信,服饰,157.56,10,0.0,
U06_00291,ORD00003895,2025-07-18,已支付,228.59,微信,家居,126.0,0,0.0,
U06_00291,ORD00003896,2025-08-29,已完成,483.96,微信,数码,268.8,10,0.0,
U06_00291,ORD00003897,2026-01-06,已完成,56.83,其他,数码,33.16,10,0.0,
U06_00292,ORD00003898,2025-07-22,已完成,461.92,搜索引擎,数码,242.25,5,0.0,
U06_00292,ORD00003899,2025-09-26,已完成,128.31,其他,数码,64.43,10,0.0,
U06_00293,ORD00003900,2025-07-16,已完成,425.76,小红书,家居,275.19,0,396.15,2025-08-26
U06_00293,ORD00003901,2025-08-01,已完成,239.22,小红书,服饰,136.17,10,0.0,
U06_00293,ORD00003902,2025-10-08,已完成,399.63,微信,数码,239.81,10,0.0,
U06_00293,ORD00003903,2025-11-07,已支付,133.83,搜索引擎,服饰,63.1,0,0.0,
U06_00294,ORD00003904,2025-07-29,已完成,241.05,搜索引擎,数码,142.68,10,0.0,
U06_00294,ORD00003905,2025-09-22,已完成,442.62,其他,食品,216.26,10,0.0,
U06_00295,ORD00003906,2025-07-21,已支付,295.82,微信,数码,159.93,15,0.0,
U06_00295,ORD00003907,2025-10-11,已完成,145.28,小红书,食品,67.96,10,0.0,
U06_00296,ORD00003908,2025-07-06,已支付,255.19,微信,美妆,121.39,15,0.0,
U06_00296,ORD00003909,2025-08-26,已完成,284.52,抖音,食品,188.69,5,0.0,
U06_00296,ORD00003910,2025-10-23,已完成,220.31,其他,服饰,123.24,10,0.0,
U06_00297,ORD00003911,2025-07-01,已完成,391.15,微信,家居,249.85,10,0.0,
U06_00297,ORD00003912,2025-08-22,已完成,276.34,抖音,服饰,159.78,15,0.0,
U06_00297,ORD00003913,2025-12-11,已完成,158.61,微信,食品,94.15,0,0.0,
U06_00298,ORD00003914,2025-07-23,已完成,349.32,搜索引擎,服饰,207.36,10,0.0,
U06_00299,ORD00003915,2025-07-23,已支付,236.42,微信,家居,159.79,5,0.0,
U06_00299,ORD00003916,2025-11-03,已完成,101.64,小红书,食品,57.74,15,0.0,
U06_00299,ORD00003917,2025-12-20,已支付,176.35,搜索引擎,数码,81.85,15,0.0,
U06_00300,ORD00003918,2025-07-30,已完成,401.87,其他,家居,206.45,10,0.0,
U06_00301,ORD00003919,2025-07-26,已完成,110.82,抖音,美妆,45.79,0,0.0,
U06_00301,ORD00003920,2025-08-27,已完成,233.51,小红书,食品,122.56,0,173.78,2025-10-13
U06_00301,ORD00003921,2025-10-19,已支付,395.25,搜索引擎,服饰,248.35,10,335.43,2025-12-10
U06_00301,ORD00003922,2025-12-17,已支付,53.57,搜索引擎,数码,32.89,10,0.0,
U06_00302,ORD00003923,2025-07-16,已支付,436.01,其他,服饰,292.1,10,0.0,
U06_00302,ORD00003924,2025-09-10,已完成,417.25,抖音,服饰,191.73,0,0.0,
U06_00302,ORD00003925,2025-12-21,已完成,147.71,微信,数码,99.41,5,0.0,
U06_00303,ORD00003926,2025-07-22,已完成,251.37,微信,数码,137.05,15,0.0,
U06_00303,ORD00003927,2026-01-10,已完成,368.99,微信,美妆,212.94,10,0.0,
U06_00304,ORD00003928,2025-07-16,已支付,83.76,抖音,服饰,56.0,5,69.54,2025-08-31
U06_00304,ORD00003929,2025-10-13,已支付,226.87,搜索引擎,食品,138.93,15,0.0,
U06_00305,ORD00003930,2025-07-15,已完成,103.87,微信,服饰,70.71,10,0.0,
U06_00305,ORD00003931,2025-09-24,已完成,72.69,其他,食品,32.43,5,0.0,
U06_00306,ORD00003932,2025-07-13,已完成,270.33,其他,美妆,134.1,0,0.0,
U06_00306,ORD00003933,2025-09-23,已完成,150.8,微信,服饰,87.26,15,0.0,
U06_00306,ORD00003934,2025-11-22,已完成,220.49,搜索引擎,数码,105.41,10,0.0,
U06_00307,ORD00003935,2025-07-31,已完成,462.44,小红书,家居,231.28,10,0.0,
U06_00307,ORD00003936,2025-08-11,已完成,78.63,搜索引擎,数码,45.73,10,0.0,
U06_00307,ORD00003937,2025-09-13,已完成,140.38,微信,美妆,62.26,0,0.0,
U06_00307,ORD00003938,2025-10-17,已完成,258.04,其他,美妆,160.58,0,224.61,2025-11-19
U06_00308,ORD00003939,2025-07-30,已支付,359.52,搜索引擎,食品,195.19,5,0.0,
U06_00308,ORD00003940,2025-10-26,已完成,318.06,搜索引擎,服饰,182.64,10,0.0,
U06_00308,ORD00003941,2025-11-12,已完成,184.19,抖音,数码,106.43,0,0.0,
U06_00309,ORD00003942,2025-07-25,已支付,320.59,其他,数码,137.48,10,0.0,
U06_00309,ORD00003943,2025-09-22,已完成,107.28,小红书,服饰,50.87,0,0.0,
U06_00309,ORD00003944,2025-10-27,已完成,167.82,搜索引擎,家居,68.12,0,0.0,
U06_00310,ORD00003945,2025-07-23,已支付,110.93,微信,数码,64.59,0,0.0,
U06_00310,ORD00003946,2025-09-19,已完成,208.94,搜索引擎,食品,109.51,0,0.0,
U06_00310,ORD00003947,2025-11-23,已完成,215.87,其他,服饰,143.53,10,0.0,
U06_00311,ORD00003948,2025-07-07,已支付,52.58,小红书,家居,31.55,5,0.0,
U06_00311,ORD00003949,2025-10-28,已完成,247.47,小红书,食品,144.46,0,0.0,
U06_00312,ORD00003950,2025-07-06,已完成,234.74,搜索引擎,食品,140.67,15,0.0,
U06_00312,ORD00003951,2025-08-15,已完成,358.0,抖音,美妆,239.52,5,0.0,
U06_00312,ORD00003952,2025-11-18,已完成,72.1,微信,食品,40.52,10,0.0,
U06_00313,ORD00003953,2025-07-04,已完成,342.73,抖音,家居,170.0,0,0.0,
U06_00314,ORD00003954,2025-07-16,已支付,245.86,其他,服饰,141.73,15,0.0,
U06_00315,ORD00003955,2025-07-10,已完成,417.76,小红书,数码,222.58,10,0.0,
U06_00315,ORD00003956,2025-10-28,已支付,469.11,抖音,家居,248.22,5,0.0,
U06_00315,ORD00003957,2025-12-16,已完成,180.58,微信,食品,102.0,15,177.3,2026-01-02
U06_00316,ORD00003958,2025-07-01,已完成,193.77,小红书,服饰,114.33,10,143.22,2025-08-21
U06_00316,ORD00003959,2025-09-03,已完成,171.36,小红书,服饰,117.35,15,0.0,
U06_00317,ORD00003960,2025-07-20,已完成,300.49,小红书,服饰,159.78,10,0.0,
U06_00317,ORD00003961,2025-08-15,已完成,340.49,微信,家居,190.04,10,0.0,
U06_00317,ORD00003962,2026-01-04,已完成,409.91,微信,家居,239.23,10,0.0,
U06_00318,ORD00003963,2025-07-03,已完成,463.47,小红书,食品,219.2,10,0.0,
U06_00318,ORD00003964,2025-10-21,已完成,121.01,其他,服饰,53.54,10,0.0,
U06_00319,ORD00003965,2025-07-30,已支付,329.38,搜索引擎,食品,223.43,10,0.0,
U06_00319,ORD00003966,2025-11-24,已完成,134.33,微信,家居,77.7,0,86.42,2026-01-20
U06_00319,ORD00003967,2025-12-08,已完成,220.9,微信,家居,124.84,10,135.2,2026-01-06
U06_00320,ORD00003968,2025-07-10,已完成,233.94,小红书,数码,153.91,15,0.0,
U06_00320,ORD00003969,2025-08-29,已完成,459.62,小红书,数码,290.68,15,0.0,
U06_00321,ORD00003970,2025-07-30,已支付,419.52,搜索引擎,数码,252.2,0,0.0,
U06_00321,ORD00003971,2025-09-13,已完成,462.3,微信,服饰,257.78,10,0.0,
U06_00321,ORD00003972,2025-11-23,已完成,404.05,小红书,美妆,280.92,15,0.0,
U06_00322,ORD00003973,2025-07-21,已完成,415.83,搜索引擎,美妆,256.74,15,0.0,
U06_00322,ORD00003974,2026-01-29,已完成,389.34,微信,美妆,235.88,10,0.0,
U06_00323,ORD00003975,2025-07-05,已支付,320.27,抖音,美妆,143.2,10,230.83,2025-07-29
U06_00323,ORD00003976,2025-10-12,已完成,116.47,搜索引擎,数码,64.65,10,94.41,2025-12-03
U06_00323,ORD00003977,2025-11-12,已完成,241.41,微信,数码,105.33,15,0.0,
U06_00324,ORD00003978,2025-07-31,已支付,404.8,抖音,家居,181.91,10,0.0,
U06_00324,ORD00003979,2025-10-17,已完成,352.07,微信,数码,172.95,15,0.0,
U06_00325,ORD00003980,2025-07-11,已支付,328.36,小红书,家居,178.35,15,0.0,
U06_00325,ORD00003981,2025-08-15,已完成,383.34,小红书,美妆,265.32,10,0.0,
U06_00325,ORD00003982,2025-10-25,已支付,107.82,小红书,家居,46.58,15,0.0,
U06_00325,ORD00003983,2025-11-30,已完成,132.42,小红书,服饰,87.33,10,0.0,
U06_00326,ORD00003984,2025-07-04,已完成,179.95,微信,美妆,123.83,10,0.0,
U06_00326,ORD00003985,2025-08-08,已支付,51.14,抖音,家居,34.05,5,0.0,
U06_00326,ORD00003986,2025-09-14,已完成,301.67,搜索引擎,家居,182.52,10,0.0,
U06_00326,ORD00003987,2025-11-18,已完成,227.6,搜索引擎,服饰,113.98,15,0.0,
U06_00327,ORD00003988,2025-07-12,已完成,252.01,抖音,美妆,119.21,10,0.0,
U06_00328,ORD00003989,2025-07-01,已支付,182.15,其他,家居,82.63,10,0.0,
U06_00328,ORD00003990,2025-08-18,已完成,460.38,小红书,数码,295.46,10,0.0,
U06_00328,ORD00003991,2026-01-01,已完成,118.81,抖音,食品,81.07,0,87.14,2026-02-28
U06_00329,ORD00003992,2025-07-10,已完成,310.93,其他,美妆,135.28,15,0.0,
U06_00329,ORD00003993,2025-09-11,已完成,335.85,小红书,食品,197.78,15,214.19,2025-11-02
U06_00329,ORD00003994,2025-11-02,已完成,442.26,抖音,家居,218.28,10,0.0,
U06_00329,ORD00003995,2025-12-16,已支付,60.4,抖音,服饰,40.0,10,0.0,
U06_00330,ORD00003996,2025-07-20,已支付,158.9,其他,美妆,84.4,10,0.0,
U06_00330,ORD00003997,2025-08-21,已完成,227.18,搜索引擎,数码,129.2,15,0.0,
U06_00330,ORD00003998,2025-09-11,已完成,397.05,抖音,家居,267.97,0,0.0,
U06_00330,ORD00003999,2025-10-03,已完成,402.06,微信,家居,254.04,5,0.0,
U07_00001,ORD00004000,2025-08-20,已完成,65.85,微信,数码,27.14,0,0.0,
U07_00001,ORD00004001,2025-11-28,已支付,455.99,搜索引擎,服饰,257.65,10,0.0,
U07_00001,ORD00004002,2026-01-01,已完成,359.34,其他,家居,184.32,15,0.0,
U07_00002,ORD00004003,2025-08-03,已支付,274.02,抖音,服饰,110.75,10,0.0,
U07_00002,ORD00004004,2025-11-29,已完成,58.02,搜索引擎,家居,38.14,10,0.0,
U07_00002,ORD00004005,2025-12-04,已完成,214.18,微信,服饰,92.17,10,0.0,
U07_00002,ORD00004006,2026-01-15,已完成,154.24,搜索引擎,美妆,68.86,10,0.0,
U07_00003,ORD00004007,2025-08-17,已支付,253.59,微信,服饰,114.54,5,0.0,
U07_00004,ORD00004008,2025-08-21,已完成,277.53,小红书,数码,176.26,0,185.51,2025-10-01
U07_00004,ORD00004009,2025-09-14,已完成,66.57,微信,食品,32.17,15,0.0,
U07_00004,ORD00004010,2026-02-06,已支付,243.56,其他,数码,118.17,10,0.0,
U07_00005,ORD00004011,2025-08-26,已完成,236.34,抖音,家居,136.8,10,0.0,
U07_00005,ORD00004012,2025-09-08,已完成,469.41,微信,家居,302.93,10,0.0,
U07_00005,ORD00004013,2025-11-20,已完成,135.21,小红书,家居,76.3,5,0.0,
U07_00005,ORD00004014,2026-01-29,已完成,128.13,搜索引擎,食品,69.52,15,0.0,
U07_00005,ORD00004015,2026-02-14,已完成,167.69,小红书,服饰,105.46,10,0.0,
U07_00006,ORD00004016,2025-08-07,已完成,208.54,微信,服饰,101.08,10,124.86,2025-09-13
U07_00006,ORD00004017,2025-11-09,已完成,472.48,抖音,美妆,311.33,10,0.0,
U07_00007,ORD00004018,2025-08-21,已完成,212.91,抖音,食品,94.19,15,0.0,
U07_00008,ORD00004019,2025-08-23,已完成,55.96,搜索引擎,数码,25.01,0,0.0,
U07_00008,ORD00004020,2025-09-22,已支付,132.95,抖音,数码,77.84,15,0.0,
U07_00008,ORD00004021,2026-02-15,已完成,462.15,其他,食品,244.41,10,0.0,
U07_00009,ORD00004022,2025-08-26,已完成,278.91,其他,服饰,121.91,10,0.0,
U07_00009,ORD00004023,2025-10-22,已支付,117.97,其他,数码,67.54,10,0.0,
U07_00009,ORD00004024,2025-11-16,已支付,205.96,搜索引擎,服饰,137.06,5,0.0,
U07_00010,ORD00004025,2025-08-30,已完成,359.04,其他,数码,168.38,15,0.0,
U07_00010,ORD00004026,2025-09-03,已完成,228.57,搜索引擎,服饰,153.28,5,0.0,
U07_00011,ORD00004027,2025-08-07,已支付,139.87,抖音,美妆,83.4,0,0.0,
U07_00011,ORD00004028,2025-09-27,已支付,55.1,抖音,美妆,26.16,5,0.0,
U07_00011,ORD00004029,2025-10-17,已支付,426.45,微信,数码,264.95,10,288.62,2025-12-15
U07_00012,ORD00004030,2025-08-04,已完成,211.77,其他,美妆,100.34,0,145.87,2025-09-10
U07_00012,ORD00004031,2025-09-14,已完成,430.71,抖音,食品,202.74,15,0.0,
U07_00012,ORD00004032,2026-01-05,已支付,189.92,其他,数码,130.2,10,0.0,
U07_00013,ORD00004033,2025-08-11,已完成,97.14,抖音,数码,61.64,5,0.0,
U07_00013,ORD00004034,2025-10-02,已完成,288.21,其他,家居,118.15,10,0.0,
U07_00014,ORD00004035,2025-08-03,已支付,66.73,微信,数码,46.69,15,0.0,
U07_00014,ORD00004036,2025-12-18,已支付,146.49,小红书,美妆,82.87,15,0.0,
U07_00015,ORD00004037,2025-08-07,已完成,74.26,微信,数码,44.98,15,0.0,
U07_00015,ORD00004038,2025-09-01,已完成,321.25,微信,服饰,220.45,0,0.0,
U07_00016,ORD00004039,2025-08-16,已支付,178.44,其他,家居,115.56,15,0.0,
U07_00016,ORD00004040,2025-10-06,已完成,257.83,小红书,家居,144.36,10,0.0,
U07_00016,ORD00004041,2025-11-05,已完成,308.7,微信,美妆,185.59,5,0.0,
U07_00017,ORD00004042,2025-08-22,已完成,477.83,微信,数码,319.13,15,0.0,
U07_00017,ORD00004043,2026-02-16,已完成,416.3,微信,服饰,270.32,10,0.0,
U07_00018,ORD00004044,2025-08-14,已完成,494.15,微信,食品,321.57,5,0.0,
U07_00019,ORD00004045,2025-08-12,已支付,67.41,搜索引擎,美妆,44.65,15,0.0,
U07_00019,ORD00004046,2025-09-07,已支付,102.01,抖音,数码,64.97,0,0.0,
U07_00019,ORD00004047,2025-12-07,已支付,144.27,搜索引擎,家居,62.47,10,0.0,
U07_00019,ORD00004048,2026-01-02,已支付,87.53,小红书,数码,45.67,0,0.0,
U07_00019,ORD00004049,2026-02-14,已完成,124.87,其他,数码,56.47,15,86.64,2026-03-13
U07_00020,ORD00004050,2025-08-05,已完成,392.24,抖音,服饰,203.8,5,206.41,2025-09-19
U07_00020,ORD00004051,2025-10-01,已完成,78.71,其他,家居,33.51,15,0.0,
U07_00020,ORD00004052,2026-01-25,已完成,99.56,抖音,家居,59.71,10,94.38,2026-02-04
U07_00020,ORD00004053,2026-02-27,已完成,390.69,微信,数码,195.27,15,0.0,
U07_00021,ORD00004054,2025-08-08,已完成,214.16,小红书,食品,109.38,15,0.0,
U07_00021,ORD00004055,2025-09-21,已支付,475.35,搜索引擎,服饰,211.54,5,0.0,
U07_00021,ORD00004056,2025-10-14,已完成,196.94,其他,数码,103.79,5,0.0,
U07_00021,ORD00004057,2026-02-10,已完成,310.99,微信,数码,158.66,0,0.0,
U07_00022,ORD00004058,2025-08-23,已完成,273.2,微信,数码,165.2,10,0.0,
U07_00022,ORD00004059,2025-09-17,已支付,259.07,其他,家居,174.56,10,0.0,
U07_00022,ORD00004060,2025-10-27,已完成,377.91,抖音,食品,248.88,0,0.0,
U07_00022,ORD00004061,2025-11-03,已完成,166.13,微信,家居,102.5,0,0.0,
U07_00023,ORD00004062,2025-08-07,已完成,83.46,抖音,服饰,50.23,5,0.0,
U07_00023,ORD00004063,2025-10-19,已完成,451.11,其他,食品,180.52,15,0.0,
U07_00024,ORD00004064,2025-08-27,已支付,52.21,抖音,服饰,24.87,0,0.0,
U07_00024,ORD00004065,2025-12-29,已完成,66.55,小红书,家居,28.69,5,0.0,
U07_00024,ORD00004066,2026-01-31,已完成,285.06,小红书,美妆,184.85,0,0.0,
U07_00025,ORD00004067,2025-08-16,已完成,314.21,抖音,美妆,159.4,15,167.13,2025-10-14
U07_00025,ORD00004068,2026-01-13,已支付,375.26,小红书,食品,229.99,15,266.65,2026-02-09
U07_00026,ORD00004069,2025-08-25,已完成,359.82,微信,服饰,176.63,0,0.0,
U07_00026,ORD00004070,2025-09-13,已完成,474.18,小红书,数码,210.23,10,0.0,
U07_00026,ORD00004071,2025-10-14,已支付,452.55,抖音,美妆,300.81,5,0.0,
U07_00027,ORD00004072,2025-08-31,已支付,318.92,小红书,数码,160.84,10,0.0,
U07_00027,ORD00004073,2025-11-28,已完成,389.1,小红书,数码,189.1,10,278.82,2025-12-25
U07_00028,ORD00004074,2025-08-25,已完成,195.61,小红书,服饰,126.45,0,0.0,
U07_00028,ORD00004075,2025-10-08,已支付,338.84,小红书,美妆,165.08,15,0.0,
U07_00028,ORD00004076,2025-11-16,已支付,294.49,搜索引擎,家居,192.7,0,0.0,
U07_00029,ORD00004077,2025-08-13,已完成,74.08,抖音,食品,42.02,10,0.0,
U07_00030,ORD00004078,2025-08-08,已支付,157.15,其他,服饰,95.96,10,0.0,
U07_00030,ORD00004079,2025-11-14,已完成,275.88,抖音,服饰,140.17,10,0.0,
U07_00030,ORD00004080,2026-02-19,已支付,146.42,微信,家居,59.38,0,0.0,
U07_00031,ORD00004081,2025-08-19,已支付,363.44,其他,食品,174.67,0,0.0,
U07_00031,ORD00004082,2025-09-24,已支付,404.53,微信,服饰,275.66,0,0.0,
U07_00031,ORD00004083,2025-10-03,已完成,288.79,搜索引擎,家居,154.24,5,281.04,2025-11-29
U07_00032,ORD00004084,2025-08-14,已完成,472.96,微信,美妆,202.64,10,0.0,
U07_00033,ORD00004085,2025-08-17,已支付,340.74,其他,美妆,227.52,0,0.0,
U07_00033,ORD00004086,2025-10-04,已完成,117.54,其他,食品,70.56,0,0.0,
U07_00033,ORD00004087,2025-12-27,已完成,446.34,微信,服饰,206.61,0,0.0,
U07_00033,ORD00004088,2026-01-01,已支付,421.05,微信,服饰,257.91,5,0.0,
U07_00033,ORD00004089,2026-02-15,已完成,364.69,小红书,食品,250.69,10,0.0,
U07_00034,ORD00004090,2025-08-16,已完成,343.72,微信,服饰,188.49,5,0.0,
U07_00034,ORD00004091,2025-10-30,已支付,402.96,小红书,美妆,242.93,10,0.0,
U07_00034,ORD00004092,2025-11-15,已完成,317.26,微信,家居,212.22,10,0.0,
U07_00034,ORD00004093,2026-02-02,已完成,489.89,微信,数码,293.32,10,0.0,
U07_00035,ORD00004094,2025-08-29,已完成,338.45,微信,家居,227.47,10,0.0,
U07_00036,ORD00004095,2025-08-07,已完成,257.15,其他,美妆,129.72,5,0.0,
U07_00036,ORD00004096,2025-11-05,已支付,88.28,抖音,数码,43.8,0,0.0,
U07_00036,ORD00004097,2025-12-01,已完成,263.94,微信,服饰,120.44,0,0.0,
U07_00037,ORD00004098,2025-08-25,已完成,415.63,小红书,数码,254.96,0,0.0,
U07_00037,ORD00004099,2025-09-08,已完成,435.25,小红书,家居,292.45,10,0.0,
U07_00038,ORD00004100,2025-08-24,已完成,308.98,搜索引擎,美妆,142.8,0,0.0,
U07_00038,ORD00004101,2026-02-08,已完成,477.44,小红书,服饰,206.96,10,0.0,
U07_00039,ORD00004102,2025-08-17,已完成,52.94,搜索引擎,美妆,36.99,10,0.0,
U07_00039,ORD00004103,2025-10-15,已支付,429.1,其他,数码,210.46,10,0.0,
U07_00039,ORD00004104,2025-11-21,已支付,175.24,抖音,美妆,104.27,5,0.0,
U07_00039,ORD00004105,2025-12-02,已完成,352.01,微信,食品,201.51,15,0.0,
U07_00039,ORD00004106,2026-01-28,已完成,269.72,小红书,食品,187.48,0,0.0,
U07_00040,ORD00004107,2025-08-17,已支付,108.58,抖音,美妆,50.09,10,0.0,
U07_00040,ORD00004108,2025-09-18,已支付,415.01,微信,美妆,236.3,5,0.0,
U07_00040,ORD00004109,2025-10-30,已支付,290.72,小红书,食品,159.21,10,0.0,
U07_00040,ORD00004110,2025-12-03,已完成,496.45,微信,数码,262.05,10,0.0,
U07_00040,ORD00004111,2026-01-25,已完成,57.26,搜索引擎,数码,29.96,15,0.0,
U07_00041,ORD00004112,2025-08-04,已支付,307.88,抖音,美妆,214.31,15,0.0,
U07_00041,ORD00004113,2025-11-20,已完成,160.21,微信,美妆,73.96,0,0.0,
U07_00041,ORD00004114,2026-01-15,已支付,53.79,小红书,美妆,36.81,15,0.0,
U07_00042,ORD00004115,2025-08-19,已完成,111.71,微信,家居,46.39,0,0.0,
U07_00043,ORD00004116,2025-08-05,已完成,184.35,小红书,食品,104.65,15,0.0,
U07_00043,ORD00004117,2025-10-14,已支付,475.26,其他,美妆,309.08,10,0.0,
U07_00044,ORD00004118,2025-08-21,已完成,103.84,抖音,家居,42.29,15,0.0,
U07_00045,ORD00004119,2025-08-11,已支付,55.03,其他,服饰,38.17,0,0.0,
U07_00045,ORD00004120,2025-11-11,已支付,245.95,其他,美妆,168.58,15,0.0,
U07_00046,ORD00004121,2025-08-11,已完成,167.13,微信,食品,113.31,10,0.0,
U07_00046,ORD00004122,2025-10-19,已支付,404.18,搜索引擎,食品,167.55,15,0.0,
U07_00046,ORD00004123,2026-02-08,已完成,447.92,抖音,食品,295.28,0,0.0,
U07_00047,ORD00004124,2025-08-18,已支付,73.47,抖音,食品,43.28,0,0.0,
U07_00047,ORD00004125,2025-09-14,已完成,211.71,抖音,美妆,117.66,0,0.0,
U07_00047,ORD00004126,2025-10-10,已完成,370.94,其他,服饰,176.74,10,0.0,
U07_00048,ORD00004127,2025-08-12,已支付,126.68,其他,家居,66.11,10,0.0,
U07_00048,ORD00004128,2025-09-14,已完成,110.55,小红书,家居,58.93,0,81.28,2025-10-15
U07_00048,ORD00004129,2025-11-17,已完成,100.45,微信,数码,60.3,0,0.0,
U07_00048,ORD00004130,2026-02-19,已完成,198.46,微信,美妆,80.72,5,0.0,
U07_00049,ORD00004131,2025-08-27,已完成,468.36,抖音,服饰,197.27,15,0.0,
U07_00050,ORD00004132,2025-08-27,已支付,396.64,小红书,数码,255.6,0,0.0,
U07_00050,ORD00004133,2025-09-15,已完成,230.9,搜索引擎,美妆,96.37,10,0.0,
U07_00050,ORD00004134,2025-10-10,已完成,175.13,其他,家居,101.25,10,0.0,
U07_00050,ORD00004135,2025-11-22,已完成,188.74,小红书,家居,128.8,10,0.0,
U07_00050,ORD00004136,2025-12-03,已支付,435.28,小红书,食品,277.95,15,0.0,
U07_00051,ORD00004137,2025-08-16,已支付,470.09,搜索引擎,食品,272.05,5,0.0,
U07_00051,ORD00004138,2025-09-28,已支付,169.77,微信,美妆,110.41,10,0.0,
U07_00052,ORD00004139,2025-08-29,已完成,232.33,微信,家居,154.4,10,0.0,
U07_00052,ORD00004140,2025-11-16,已完成,388.37,微信,家居,211.09,15,0.0,
U07_00052,ORD00004141,2025-12-17,已完成,70.38,抖音,家居,33.39,5,54.12,2026-01-03
U07_00053,ORD00004142,2025-08-19,已完成,250.87,搜索引擎,服饰,133.58,15,0.0,
U07_00053,ORD00004143,2025-10-04,已完成,320.62,微信,数码,214.25,5,0.0,
U07_00053,ORD00004144,2026-01-14,已支付,439.1,微信,服饰,241.01,0,0.0,
U07_00054,ORD00004145,2025-08-19,已支付,102.55,小红书,家居,60.35,15,0.0,
U07_00054,ORD00004146,2025-11-10,已完成,435.07,抖音,食品,276.5,15,392.64,2025-12-19
U07_00054,ORD00004147,2026-01-12,已完成,498.21,微信,食品,311.36,0,0.0,
U07_00055,ORD00004148,2025-08-21,已支付,423.83,微信,服饰,248.48,10,0.0,
U07_00055,ORD00004149,2025-09-13,已完成,497.01,其他,食品,231.08,10,0.0,
U07_00056,ORD00004150,2025-08-25,已支付,352.9,微信,数码,163.45,10,336.08,2025-09-25
U07_00056,ORD00004151,2025-09-19,已支付,454.32,搜索引擎,数码,311.48,0,0.0,
U07_00056,ORD00004152,2025-11-21,已完成,368.05,其他,食品,232.75,15,0.0,
U07_00057,ORD00004153,2025-08-18,已支付,311.48,搜索引擎,服饰,150.07,5,219.55,2025-09-24
U07_00057,ORD00004154,2025-12-15,已支付,245.83,小红书,家居,162.87,10,0.0,
U07_00058,ORD00004155,2025-08-23,已支付,212.16,搜索引擎,美妆,88.47,15,0.0,
U07_00058,ORD00004156,2025-09-16,已完成,441.8,小红书,食品,238.62,10,0.0,
U07_00059,ORD00004157,2025-08-31,已支付,356.16,搜索引擎,数码,204.64,0,0.0,
U07_00059,ORD00004158,2025-09-02,已完成,94.6,其他,服饰,55.05,10,0.0,
U07_00059,ORD00004159,2025-12-16,已完成,351.45,小红书,食品,142.81,0,0.0,
U07_00059,ORD00004160,2026-02-25,已支付,266.15,小红书,食品,124.96,15,0.0,
U07_00060,ORD00004161,2025-08-04,已支付,298.49,其他,食品,127.48,15,0.0,
U07_00060,ORD00004162,2025-10-23,已完成,128.54,抖音,数码,84.08,15,71.15,2025-11-11
U07_00061,ORD00004163,2025-08-30,已支付,210.75,小红书,美妆,106.36,0,0.0,
U07_00062,ORD00004164,2025-08-13,已完成,492.74,小红书,数码,297.61,10,0.0,
U07_00062,ORD00004165,2025-12-16,已完成,210.76,其他,家居,138.79,10,0.0,
U07_00063,ORD00004166,2025-08-08,已完成,187.92,小红书,美妆,106.17,10,0.0,
U07_00063,ORD00004167,2025-12-26,已完成,85.69,搜索引擎,数码,45.95,5,0.0,
U07_00064,ORD00004168,2025-08-07,已完成,121.07,微信,食品,64.54,10,0.0,
U07_00064,ORD00004169,2025-10-15,已支付,114.61,搜索引擎,家居,78.65,15,0.0,
U07_00065,ORD00004170,2025-08-28,已完成,317.53,搜索引擎,数码,203.35,10,0.0,
U07_00065,ORD00004171,2026-01-10,已支付,58.11,搜索引擎,家居,29.86,5,0.0,
U07_00066,ORD00004172,2025-08-06,已完成,425.68,小红书,美妆,206.25,10,0.0,
U07_00066,ORD00004173,2025-09-01,已完成,178.55,抖音,家居,85.55,0,142.41,2025-09-28
U07_00066,ORD00004174,2025-10-23,已完成,161.82,微信,服饰,67.46,5,0.0,
U07_00066,ORD00004175,2025-11-20,已完成,228.05,抖音,家居,145.98,10,0.0,
U07_00066,ORD00004176,2025-12-03,已支付,347.77,微信,家居,142.27,0,0.0,
U07_00067,ORD00004177,2025-08-31,已完成,443.88,抖音,美妆,285.76,15,0.0,
U07_00067,ORD00004178,2025-10-07,已完成,91.52,抖音,服饰,62.72,10,0.0,
U07_00067,ORD00004179,2025-11-04,已完成,367.54,搜索引擎,数码,224.22,15,0.0,
U07_00068,ORD00004180,2025-08-03,已支付,428.66,微信,家居,283.96,0,0.0,
U07_00068,ORD00004181,2025-09-27,已完成,409.5,微信,美妆,231.56,5,0.0,
U07_00068,ORD00004182,2025-11-13,已完成,200.59,搜索引擎,美妆,131.17,10,0.0,
U07_00069,ORD00004183,2025-08-09,已完成,162.3,搜索引擎,美妆,91.33,0,126.36,2025-08-20
U07_00069,ORD00004184,2025-10-10,已支付,202.53,小红书,美妆,86.05,10,0.0,
U07_00070,ORD00004185,2025-08-30,已完成,415.71,搜索引擎,家居,216.97,5,0.0,
U07_00070,ORD00004186,2025-11-30,已支付,491.53,搜索引擎,服饰,269.51,15,326.21,2026-01-11
U07_00070,ORD00004187,2026-02-16,已完成,207.47,微信,服饰,135.11,5,0.0,
U07_00071,ORD00004188,2025-08-25,已支付,75.6,其他,服饰,43.64,10,0.0,
U07_00071,ORD00004189,2026-01-17,已完成,121.71,微信,家居,77.06,0,0.0,
U07_00072,ORD00004190,2025-08-13,已完成,74.98,其他,服饰,51.69,0,0.0,
U07_00073,ORD00004191,2025-08-13,已完成,432.63,微信,食品,215.38,0,280.99,2025-09-09
U07_00074,ORD00004192,2025-08-21,已完成,58.45,抖音,食品,32.83,10,0.0,
U07_00074,ORD00004193,2025-09-22,已完成,280.31,其他,食品,147.03,5,0.0,
U07_00075,ORD00004194,2025-08-19,已完成,349.38,搜索引擎,服饰,151.95,5,0.0,
U07_00075,ORD00004195,2025-09-21,已完成,54.77,小红书,服饰,28.96,0,0.0,
U07_00075,ORD00004196,2025-12-24,已支付,342.75,抖音,美妆,185.17,15,0.0,
U07_00075,ORD00004197,2026-01-15,已完成,402.54,搜索引擎,美妆,199.96,0,368.67,2026-02-23
U07_00076,ORD00004198,2025-08-31,已完成,99.9,搜索引擎,服饰,62.22,0,0.0,
U07_00076,ORD00004199,2025-09-10,已完成,488.26,其他,服饰,248.42,15,0.0,
U07_00076,ORD00004200,2025-11-14,已支付,269.65,小红书,数码,163.52,10,0.0,
U07_00076,ORD00004201,2025-12-19,已支付,438.86,其他,数码,209.64,0,0.0,
U07_00076,ORD00004202,2026-01-31,已支付,129.52,小红书,数码,65.93,15,0.0,
U07_00077,ORD00004203,2025-08-30,已支付,487.84,其他,美妆,310.04,0,0.0,
U07_00078,ORD00004204,2025-08-29,已支付,397.96,抖音,美妆,229.73,10,0.0,
U07_00078,ORD00004205,2025-12-18,已支付,147.28,其他,美妆,63.16,0,0.0,
U07_00079,ORD00004206,2025-08-26,已支付,81.44,抖音,服饰,42.43,5,0.0,
U07_00079,ORD00004207,2025-10-12,已完成,467.19,微信,美妆,273.64,10,0.0,
U07_00080,ORD00004208,2025-08-19,已支付,232.64,搜索引擎,数码,149.25,10,0.0,
U07_00080,ORD00004209,2025-10-12,已完成,159.56,小红书,数码,105.07,10,0.0,
U07_00080,ORD00004210,2025-12-28,已完成,174.16,搜索引擎,家居,72.07,10,0.0,
U07_00081,ORD00004211,2025-08-30,已完成,258.39,抖音,家居,119.19,10,0.0,
U07_00081,ORD00004212,2025-10-04,已完成,389.6,搜索引擎,食品,270.64,0,0.0,
U07_00082,ORD00004213,2025-08-23,已完成,389.86,抖音,食品,248.35,5,0.0,
U07_00082,ORD00004214,2025-09-26,已完成,190.93,其他,家居,113.61,15,0.0,
U07_00082,ORD00004215,2025-12-09,已完成,304.35,微信,家居,199.27,5,0.0,
U07_00083,ORD00004216,2025-08-20,已支付,489.89,其他,数码,289.35,10,360.04,2025-09-07
U07_00083,ORD00004217,2025-11-28,已完成,254.95,抖音,美妆,122.09,0,0.0,
U07_00083,ORD00004218,2026-01-28,已完成,103.22,微信,食品,60.59,10,0.0,
U07_00084,ORD00004219,2025-08-17,已完成,398.66,微信,美妆,224.28,5,0.0,
U07_00085,ORD00004220,2025-08-01,已完成,216.7,抖音,食品,95.78,10,0.0,
U07_00085,ORD00004221,2025-10-11,已完成,120.65,其他,家居,65.2,0,0.0,
U07_00085,ORD00004222,2026-01-12,已支付,104.94,抖音,家居,72.93,10,0.0,
U07_00085,ORD00004223,2026-02-01,已完成,211.49,小红书,美妆,90.47,10,0.0,
U07_00086,ORD00004224,2025-08-30,已完成,421.17,微信,美妆,230.71,0,0.0,
U07_00086,ORD00004225,2025-11-26,已完成,397.26,搜索引擎,家居,215.25,10,0.0,
U07_00087,ORD00004226,2025-08-15,已完成,426.81,微信,数码,196.73,10,0.0,
U07_00087,ORD00004227,2025-11-14,已完成,139.41,小红书,食品,89.69,15,0.0,
U07_00087,ORD00004228,2026-01-07,已完成,324.38,微信,家居,158.66,0,0.0,
U07_00087,ORD00004229,2026-02-08,已完成,452.11,搜索引擎,食品,233.66,10,0.0,
U07_00088,ORD00004230,2025-08-14,已支付,207.47,微信,食品,126.14,0,0.0,
U07_00089,ORD00004231,2025-08-25,已完成,294.37,搜索引擎,数码,145.97,0,0.0,
U07_00089,ORD00004232,2025-10-15,已完成,327.82,小红书,美妆,188.06,15,0.0,
U07_00089,ORD00004233,2025-11-05,已支付,414.7,其他,家居,192.03,5,0.0,
U07_00090,ORD00004234,2025-08-25,已完成,115.33,抖音,食品,47.07,5,102.54,2025-09-19
U07_00091,ORD00004235,2025-08-26,已支付,274.84,小红书,服饰,122.54,0,0.0,
U07_00091,ORD00004236,2025-12-17,已完成,63.02,其他,美妆,29.09,15,0.0,
U07_00092,ORD00004237,2025-08-05,已支付,140.56,搜索引擎,美妆,93.46,0,126.3,2025-09-21
U07_00092,ORD00004238,2025-10-16,已完成,72.67,其他,服饰,44.05,10,0.0,
U07_00092,ORD00004239,2025-11-17,已完成,347.1,搜索引擎,服饰,230.09,15,0.0,
U07_00092,ORD00004240,2026-01-21,已支付,342.58,搜索引擎,美妆,227.41,10,304.05,2026-02-25
U07_00093,ORD00004241,2025-08-17,已完成,356.42,其他,美妆,198.55,5,0.0,
U07_00094,ORD00004242,2025-08-14,已支付,295.67,小红书,数码,124.93,15,0.0,
U07_00094,ORD00004243,2025-09-20,已完成,324.34,抖音,数码,174.14,10,0.0,
U07_00095,ORD00004244,2025-08-30,已完成,432.6,其他,服饰,287.9,10,0.0,
U07_00095,ORD00004245,2025-09-27,已完成,409.25,小红书,食品,197.06,10,0.0,
U07_00096,ORD00004246,2025-08-05,已完成,224.1,其他,美妆,101.93,5,0.0,
U07_00097,ORD00004247,2025-08-16,已支付,335.94,搜索引擎,家居,164.98,0,286.0,2025-09-23
U07_00098,ORD00004248,2025-08-04,已支付,107.03,搜索引擎,美妆,66.41,10,0.0,
U07_00098,ORD00004249,2025-10-31,已完成,194.01,搜索引擎,数码,109.06,0,0.0,
U07_00098,ORD00004250,2025-12-04,已完成,428.33,微信,服饰,257.25,15,0.0,
U07_00099,ORD00004251,2025-08-08,已完成,138.38,搜索引擎,数码,59.97,10,0.0,
U07_00099,ORD00004252,2025-09-21,已完成,438.81,抖音,家居,238.4,15,0.0,
U07_00099,ORD00004253,2025-10-30,已完成,248.24,抖音,美妆,119.72,15,0.0,
U07_00099,ORD00004254,2026-02-20,已完成,364.09,微信,数码,201.45,10,0.0,
U07_00100,ORD00004255,2025-08-11,已完成,348.79,其他,服饰,170.98,10,0.0,
U07_00100,ORD00004256,2025-09-06,已完成,307.65,小红书,服饰,128.12,15,0.0,
U07_00100,ORD00004257,2025-10-14,已完成,349.79,小红书,家居,150.29,10,0.0,
U07_00101,ORD00004258,2025-08-17,已完成,148.38,其他,家居,69.88,5,0.0,
U07_00101,ORD00004259,2025-09-12,已支付,341.1,搜索引擎,数码,162.32,10,0.0,
U07_00101,ORD00004260,2025-12-12,已完成,230.65,其他,食品,126.67,10,0.0,
U07_00101,ORD00004261,2026-02-10,已完成,424.59,搜索引擎,数码,243.67,15,0.0,
U07_00102,ORD00004262,2025-08-01,已完成,341.39,搜索引擎,服饰,139.78,0,0.0,
U07_00102,ORD00004263,2025-11-26,已支付,245.27,抖音,美妆,119.06,0,135.68,2025-12-31
U07_00103,ORD00004264,2025-08-10,已完成,202.92,抖音,美妆,100.1,5,0.0,
U07_00103,ORD00004265,2025-10-13,已支付,108.63,微信,数码,67.41,15,0.0,
U07_00103,ORD00004266,2025-11-21,已完成,191.66,其他,家居,123.89,5,0.0,
U07_00104,ORD00004267,2025-08-02,已完成,274.58,搜索引擎,服饰,188.77,5,0.0,
U07_00104,ORD00004268,2025-12-15,已完成,76.6,抖音,服饰,42.87,15,63.92,2026-01-10
U07_00104,ORD00004269,2026-01-05,已完成,210.92,小红书,数码,144.51,15,0.0,
U07_00105,ORD00004270,2025-08-30,已支付,405.08,微信,服饰,191.83,10,0.0,
U07_00105,ORD00004271,2025-12-11,已支付,487.92,微信,美妆,236.8,15,344.29,2025-12-31
U07_00106,ORD00004272,2025-08-29,已支付,208.56,搜索引擎,食品,128.29,10,0.0,
U07_00106,ORD00004273,2026-02-24,已完成,81.39,其他,数码,40.96,10,0.0,
U07_00107,ORD00004274,2025-08-02,已支付,412.62,小红书,美妆,177.3,10,0.0,
U07_00107,ORD00004275,2025-09-05,已完成,321.39,微信,数码,176.28,10,0.0,
U07_00107,ORD00004276,2025-11-23,已完成,189.09,搜索引擎,食品,114.16,10,0.0,
U07_00107,ORD00004277,2025-12-28,已完成,454.12,搜索引擎,食品,310.13,5,0.0,
U07_00108,ORD00004278,2025-08-26,已完成,382.44,其他,美妆,211.48,10,0.0,
U07_00108,ORD00004279,2025-12-20,已完成,307.54,其他,家居,174.59,10,0.0,
U07_00108,ORD00004280,2026-02-21,已完成,166.85,搜索引擎,食品,72.8,10,0.0,
U07_00109,ORD00004281,2025-08-31,已完成,322.0,微信,家居,222.46,0,0.0,
U07_00109,ORD00004282,2025-09-21,已完成,213.68,微信,家居,121.61,10,0.0,
U07_00109,ORD00004283,2025-10-22,已完成,494.59,小红书,数码,330.22,10,0.0,
U07_00110,ORD00004284,2025-08-01,已完成,281.35,小红书,家居,114.24,5,0.0,
U07_00110,ORD00004285,2025-10-30,已完成,252.41,其他,美妆,157.72,10,0.0,
U07_00110,ORD00004286,2025-11-23,已完成,377.71,抖音,美妆,165.08,10,0.0,
U07_00110,ORD00004287,2025-12-10,已完成,336.82,微信,食品,144.29,10,0.0,
U07_00111,ORD00004288,2025-08-19,已完成,147.83,搜索引擎,美妆,79.73,15,0.0,
U07_00111,ORD00004289,2025-09-01,已支付,329.77,搜索引擎,数码,225.6,0,0.0,
U07_00111,ORD00004290,2025-10-15,已完成,232.1,搜索引擎,食品,157.71,5,0.0,
U07_00111,ORD00004291,2025-11-25,已支付,273.21,搜索引擎,美妆,152.34,10,0.0,
U07_00112,ORD00004292,2025-08-08,已完成,248.42,微信,数码,168.28,15,0.0,
U07_00112,ORD00004293,2026-01-19,已完成,412.49,微信,食品,265.33,10,0.0,
U07_00113,ORD00004294,2025-08-19,已完成,295.41,搜索引擎,家居,138.06,10,0.0,
U07_00113,ORD00004295,2025-09-26,已完成,116.06,微信,美妆,67.48,0,0.0,
U07_00114,ORD00004296,2025-08-18,已完成,424.03,微信,数码,296.04,0,0.0,
U07_00114,ORD00004297,2025-09-21,已完成,250.69,小红书,食品,171.03,5,0.0,
U07_00114,ORD00004298,2025-10-13,已支付,445.94,抖音,服饰,260.82,15,0.0,
U07_00114,ORD00004299,2025-12-26,已完成,59.18,搜索引擎,家居,24.03,0,0.0,
U07_00115,ORD00004300,2025-08-12,已完成,449.51,抖音,食品,290.61,15,0.0,
U07_00115,ORD00004301,2025-09-11,已支付,152.29,搜索引擎,数码,101.92,0,129.46,2025-10-12
U07_00116,ORD00004302,2025-08-06,已支付,378.58,小红书,服饰,204.55,10,0.0,
U07_00116,ORD00004303,2025-11-13,已完成,459.87,小红书,美妆,277.25,15,432.69,2025-12-03
U07_00117,ORD00004304,2025-08-16,已完成,110.3,搜索引擎,家居,65.84,15,0.0,
U07_00117,ORD00004305,2025-09-28,已完成,342.95,抖音,家居,163.01,10,0.0,
U07_00117,ORD00004306,2025-11-22,已完成,308.61,微信,数码,213.45,15,0.0,
U07_00117,ORD00004307,2025-12-19,已完成,476.53,搜索引擎,美妆,293.05,5,0.0,
U07_00118,ORD00004308,2025-08-22,已支付,336.27,搜索引擎,美妆,187.77,0,0.0,
U07_00118,ORD00004309,2025-09-18,已完成,120.22,小红书,美妆,51.29,0,0.0,
U07_00118,ORD00004310,2025-11-01,已完成,264.59,微信,服饰,151.8,10,0.0,
U07_00119,ORD00004311,2025-08-24,已完成,256.6,微信,美妆,131.62,0,0.0,
U07_00119,ORD00004312,2025-09-01,已完成,395.92,微信,食品,158.49,5,0.0,
U07_00120,ORD00004313,2025-08-30,已支付,227.66,小红书,家居,142.02,5,0.0,
U07_00120,ORD00004314,2025-10-25,已完成,76.4,其他,美妆,30.62,10,0.0,
U07_00120,ORD00004315,2025-12-08,已支付,74.53,小红书,美妆,47.33,15,0.0,
U07_00120,ORD00004316,2026-02-14,已完成,427.04,搜索引擎,数码,278.13,10,0.0,
U07_00121,ORD00004317,2025-08-26,已完成,55.71,其他,家居,25.69,10,41.52,2025-10-08
U07_00121,ORD00004318,2025-09-29,已完成,424.46,其他,服饰,188.75,5,0.0,
U07_00121,ORD00004319,2026-01-13,已完成,104.79,搜索引擎,美妆,60.9,5,0.0,
U07_00121,ORD00004320,2026-02-04,已支付,103.83,搜索引擎,服饰,61.99,10,0.0,
U07_00122,ORD00004321,2025-08-22,已完成,141.23,搜索引擎,美妆,81.68,10,0.0,
U07_00122,ORD00004322,2026-02-05,已完成,117.31,抖音,家居,77.29,10,0.0,
U07_00123,ORD00004323,2025-08-16,已完成,293.48,其他,家居,144.77,15,0.0,
U07_00123,ORD00004324,2025-10-07,已支付,254.87,搜索引擎,家居,149.49,10,0.0,
U07_00124,ORD00004325,2025-08-31,已支付,363.21,搜索引擎,美妆,146.61,0,0.0,
U07_00124,ORD00004326,2025-09-27,已完成,199.83,小红书,数码,139.16,0,0.0,
U07_00124,ORD00004327,2025-12-27,已完成,197.39,微信,美妆,105.37,10,0.0,
U07_00125,ORD00004328,2025-08-10,已支付,388.55,抖音,数码,202.71,10,0.0,
U07_00125,ORD00004329,2025-10-19,已支付,175.35,抖音,食品,103.8,5,0.0,
U07_00125,ORD00004330,2025-12-18,已完成,88.61,微信,美妆,41.36,10,0.0,
U07_00125,ORD00004331,2026-01-08,已完成,221.54,微信,服饰,127.18,0,0.0,
U07_00126,ORD00004332,2025-08-24,已完成,187.37,其他,美妆,108.59,0,0.0,
U07_00126,ORD00004333,2025-10-09,已完成,458.5,抖音,家居,251.42,10,0.0,
U07_00126,ORD00004334,2025-11-26,已支付,428.83,其他,服饰,248.27,0,0.0,
U07_00126,ORD00004335,2025-12-14,已完成,422.09,抖音,服饰,235.02,10,0.0,
U07_00127,ORD00004336,2025-08-04,已支付,96.27,微信,数码,60.44,5,0.0,
U07_00127,ORD00004337,2025-11-01,已支付,204.03,小红书,食品,113.37,10,0.0,
U07_00127,ORD00004338,2025-12-20,已支付,341.39,微信,服饰,186.18,10,0.0,
U07_00127,ORD00004339,2026-02-02,已完成,138.78,抖音,服饰,70.73,10,0.0,
U07_00128,ORD00004340,2025-08-18,已支付,323.99,微信,家居,146.9,5,0.0,
U07_00128,ORD00004341,2025-12-09,已完成,315.41,小红书,食品,205.91,10,248.01,2025-12-24
U07_00128,ORD00004342,2026-01-28,已完成,437.54,其他,数码,227.98,5,0.0,
U07_00129,ORD00004343,2025-08-25,已支付,268.85,微信,家居,168.82,0,0.0,
U07_00129,ORD00004344,2025-11-20,已完成,346.42,小红书,食品,176.02,10,0.0,
U07_00129,ORD00004345,2026-01-17,已支付,335.11,微信,服饰,145.83,10,0.0,
U07_00130,ORD00004346,2025-08-04,已完成,352.49,其他,家居,180.19,0,0.0,
U07_00130,ORD00004347,2025-09-12,已完成,412.69,微信,美妆,195.83,5,0.0,
U07_00130,ORD00004348,2025-10-16,已完成,159.0,小红书,数码,85.68,5,0.0,
U07_00130,ORD00004349,2025-11-23,已完成,115.14,搜索引擎,家居,71.57,10,0.0,
U07_00131,ORD00004350,2025-08-16,已完成,138.78,搜索引擎,食品,64.78,0,0.0,
U07_00131,ORD00004351,2025-09-11,已支付,374.19,小红书,家居,154.65,10,0.0,
U07_00131,ORD00004352,2025-10-28,已完成,355.43,微信,食品,159.15,15,0.0,
U07_00132,ORD00004353,2025-08-01,已支付,394.77,微信,家居,261.73,5,0.0,
U07_00133,ORD00004354,2025-08-05,已完成,238.13,搜索引擎,食品,149.24,0,0.0,
U07_00133,ORD00004355,2025-09-12,已支付,139.08,抖音,数码,61.29,15,0.0,
U07_00134,ORD00004356,2025-08-30,已支付,201.86,搜索引擎,数码,103.74,10,0.0,
U07_00134,ORD00004357,2025-09-15,已完成,494.42,其他,美妆,284.96,15,0.0,
U07_00134,ORD00004358,2026-01-30,已完成,312.5,小红书,数码,194.24,0,0.0,
U07_00135,ORD00004359,2025-08-13,已完成,410.47,搜索引擎,服饰,204.84,10,0.0,
U07_00135,ORD00004360,2025-09-04,已完成,121.34,小红书,数码,60.46,15,119.2,2025-10-26
U07_00135,ORD00004361,2025-10-09,已完成,397.22,其他,家居,257.93,10,0.0,
U07_00135,ORD00004362,2025-12-02,已完成,251.41,搜索引擎,家居,142.73,15,0.0,
U07_00136,ORD00004363,2025-08-09,已支付,202.94,其他,数码,83.42,15,0.0,
U07_00136,ORD00004364,2025-09-05,已支付,81.77,搜索引擎,美妆,36.28,10,0.0,
U07_00136,ORD00004365,2025-10-17,已完成,217.97,小红书,服饰,119.58,0,0.0,
U07_00137,ORD00004366,2025-08-21,已支付,390.02,抖音,家居,262.82,10,0.0,
U07_00137,ORD00004367,2025-09-05,已支付,146.42,其他,家居,65.95,10,0.0,
U07_00138,ORD00004368,2025-08-17,已完成,471.19,抖音,美妆,296.26,10,0.0,
U07_00138,ORD00004369,2025-09-24,已完成,128.49,小红书,服饰,88.36,15,0.0,
U07_00139,ORD00004370,2025-08-25,已完成,172.4,抖音,数码,110.45,15,0.0,
U07_00140,ORD00004371,2025-08-26,已支付,478.75,其他,美妆,302.92,0,0.0,
U07_00140,ORD00004372,2025-11-29,已完成,183.67,其他,服饰,86.73,10,0.0,
U07_00141,ORD00004373,2025-08-06,已完成,102.76,其他,服饰,44.85,0,0.0,
U07_00141,ORD00004374,2025-09-03,已完成,371.03,抖音,数码,225.49,5,0.0,
U07_00141,ORD00004375,2026-01-02,已完成,109.02,搜索引擎,家居,50.56,5,0.0,
U07_00142,ORD00004376,2025-08-01,已完成,188.79,微信,家居,115.35,5,0.0,
U07_00142,ORD00004377,2025-09-03,已完成,289.88,搜索引擎,数码,169.09,5,182.87,2025-10-07
U07_00142,ORD00004378,2025-12-13,已完成,90.24,其他,食品,60.14,0,0.0,
U07_00142,ORD00004379,2026-02-27,已完成,81.25,抖音,数码,47.17,5,0.0,
U07_00143,ORD00004380,2025-08-21,已完成,126.45,小红书,服饰,57.98,0,0.0,
U07_00143,ORD00004381,2025-09-28,已支付,304.56,微信,美妆,202.9,0,291.75,2025-10-25
U07_00144,ORD00004382,2025-08-30,已完成,259.44,抖音,食品,114.89,15,0.0,
U07_00145,ORD00004383,2025-08-22,已完成,449.34,微信,美妆,227.03,5,0.0,
U07_00145,ORD00004384,2025-09-06,已完成,239.55,微信,家居,119.21,0,0.0,
U07_00145,ORD00004385,2025-12-29,已完成,213.43,小红书,数码,90.15,10,0.0,
U07_00145,ORD00004386,2026-01-13,已完成,249.41,微信,美妆,103.89,10,0.0,
U07_00145,ORD00004387,2026-02-27,已完成,140.69,微信,数码,80.21,15,0.0,
U07_00146,ORD00004388,2025-08-02,已完成,150.03,搜索引擎,食品,77.29,10,0.0,
U07_00146,ORD00004389,2025-12-01,已完成,62.45,小红书,服饰,35.33,0,0.0,
U07_00146,ORD00004390,2026-01-23,已完成,189.54,搜索引擎,食品,105.36,0,173.46,2026-02-03
U07_00147,ORD00004391,2025-08-09,已完成,395.84,其他,食品,265.69,10,0.0,
U07_00147,ORD00004392,2025-11-17,已完成,97.5,小红书,数码,57.88,10,0.0,
U07_00147,ORD00004393,2025-12-12,已完成,97.32,搜索引擎,美妆,54.18,10,0.0,
U07_00147,ORD00004394,2026-01-16,已完成,394.54,其他,数码,161.64,10,0.0,
U07_00148,ORD00004395,2025-08-16,已完成,335.3,抖音,服饰,214.83,10,0.0,
U07_00149,ORD00004396,2025-08-20,已支付,353.24,其他,服饰,177.94,10,0.0,
U07_00149,ORD00004397,2025-09-05,已完成,449.72,抖音,美妆,214.57,10,0.0,
U07_00149,ORD00004398,2025-12-16,已完成,219.47,小红书,服饰,107.23,10,0.0,
U07_00150,ORD00004399,2025-08-31,已完成,182.95,其他,食品,85.14,10,0.0,
U07_00150,ORD00004400,2025-11-21,已支付,327.75,其他,食品,132.92,15,0.0,
U07_00150,ORD00004401,2025-12-11,已完成,241.13,小红书,家居,162.82,5,0.0,
U07_00150,ORD00004402,2026-02-26,已完成,324.59,微信,美妆,184.9,5,0.0,
U07_00151,ORD00004403,2025-08-04,已完成,168.85,抖音,数码,89.35,10,0.0,
U07_00151,ORD00004404,2025-11-02,已完成,402.96,小红书,食品,162.73,5,0.0,
U07_00151,ORD00004405,2026-02-09,已完成,384.35,其他,美妆,205.64,5,0.0,
U07_00152,ORD00004406,2025-08-12,已完成,184.63,抖音,美妆,77.69,10,0.0,
U07_00152,ORD00004407,2025-11-25,已完成,297.21,搜索引擎,数码,168.32,10,0.0,
U07_00152,ORD00004408,2025-12-28,已完成,324.94,其他,数码,169.56,0,0.0,
U07_00153,ORD00004409,2025-08-12,已完成,245.33,微信,服饰,106.16,0,0.0,
U07_00154,ORD00004410,2025-08-06,已完成,198.9,抖音,美妆,82.41,10,0.0,
U07_00154,ORD00004411,2025-11-27,已完成,484.23,搜索引擎,美妆,278.0,5,0.0,
U07_00154,ORD00004412,2026-01-14,已支付,103.91,微信,美妆,46.06,10,0.0,
U07_00155,ORD00004413,2025-08-28,已完成,118.91,小红书,数码,71.95,5,0.0,
U07_00156,ORD00004414,2025-08-31,已完成,104.98,微信,数码,68.42,10,0.0,
U07_00156,ORD00004415,2025-09-20,已完成,397.12,抖音,服饰,263.9,10,0.0,
U07_00157,ORD00004416,2025-08-29,已支付,287.28,搜索引擎,服饰,116.51,15,0.0,
U07_00158,ORD00004417,2025-08-11,已支付,55.72,搜索引擎,美妆,30.47,0,0.0,
U07_00158,ORD00004418,2025-10-30,已完成,391.78,搜索引擎,家居,197.65,10,0.0,
U07_00159,ORD00004419,2025-08-14,已完成,261.87,抖音,食品,148.14,10,0.0,
U07_00159,ORD00004420,2025-09-16,已支付,241.07,小红书,家居,119.17,15,0.0,
U07_00159,ORD00004421,2025-11-23,已完成,264.14,搜索引擎,美妆,118.92,10,0.0,
U07_00160,ORD00004422,2025-08-02,已支付,196.91,抖音,食品,102.72,10,121.45,2025-08-24
U07_00160,ORD00004423,2025-09-15,已完成,228.73,其他,家居,136.22,5,0.0,
U07_00160,ORD00004424,2026-02-12,已完成,414.66,搜索引擎,美妆,243.89,10,0.0,
U07_00161,ORD00004425,2025-08-09,已完成,133.74,微信,数码,63.03,5,0.0,
U07_00161,ORD00004426,2025-10-03,已完成,286.49,小红书,食品,137.18,10,0.0,
U07_00161,ORD00004427,2025-12-14,已完成,387.33,抖音,食品,171.54,0,0.0,
U07_00161,ORD00004428,2026-02-15,已完成,142.24,微信,食品,76.58,15,0.0,
U07_00162,ORD00004429,2025-08-27,已完成,483.88,搜索引擎,数码,328.81,15,265.58,2025-10-01
U07_00162,ORD00004430,2025-10-06,已完成,232.04,其他,家居,108.92,0,0.0,
U07_00162,ORD00004431,2025-11-18,已支付,137.45,微信,服饰,60.12,10,0.0,
U07_00162,ORD00004432,2026-01-12,已完成,455.89,微信,美妆,183.69,10,0.0,
U07_00163,ORD00004433,2025-08-25,已完成,477.44,小红书,家居,209.58,10,0.0,
U07_00163,ORD00004434,2025-09-03,已完成,260.28,其他,服饰,124.59,15,0.0,
U07_00163,ORD00004435,2025-12-19,已完成,137.82,搜索引擎,数码,59.0,0,0.0,
U07_00164,ORD00004436,2025-08-24,已支付,498.03,小红书,美妆,244.86,0,0.0,
U07_00164,ORD00004437,2025-11-19,已完成,100.38,搜索引擎,食品,42.59,10,0.0,
U07_00164,ORD00004438,2026-01-23,已完成,488.24,小红书,服饰,276.59,0,0.0,
U07_00165,ORD00004439,2025-08-06,已完成,336.04,其他,美妆,216.06,10,0.0,
U07_00165,ORD00004440,2025-11-23,已完成,276.73,小红书,服饰,131.37,5,0.0,
U07_00166,ORD00004441,2025-08-10,已完成,82.7,搜索引擎,美妆,51.09,10,0.0,
U07_00166,ORD00004442,2025-11-06,已支付,236.14,其他,美妆,143.4,10,200.11,2025-12-01
U07_00167,ORD00004443,2025-08-06,已支付,288.99,小红书,家居,173.61,15,0.0,
U07_00167,ORD00004444,2025-09-21,已支付,305.3,小红书,数码,208.38,0,0.0,
U07_00168,ORD00004445,2025-08-11,已支付,160.29,小红书,数码,101.33,10,0.0,
U07_00168,ORD00004446,2025-10-06,已完成,334.55,抖音,食品,215.54,15,0.0,
U07_00168,ORD00004447,2026-02-02,已完成,417.92,抖音,家居,215.91,10,0.0,
U07_00169,ORD00004448,2025-08-16,已完成,66.83,其他,美妆,28.43,0,0.0,
U07_00169,ORD00004449,2025-12-18,已支付,140.7,搜索引擎,食品,74.0,10,0.0,
U07_00170,ORD00004450,2025-08-15,已支付,295.04,抖音,服饰,204.33,15,0.0,
U07_00170,ORD00004451,2025-10-15,已完成,256.64,其他,食品,134.01,15,0.0,
U07_00171,ORD00004452,2025-08-14,已支付,211.88,搜索引擎,家居,114.91,0,0.0,
U07_00172,ORD00004453,2025-08-24,已支付,425.44,微信,食品,217.6,0,0.0,
U07_00173,ORD00004454,2025-08-09,已完成,484.04,其他,家居,266.96,15,0.0,
U07_00173,ORD00004455,2025-09-10,已完成,190.42,其他,服饰,126.22,5,107.64,2025-10-07
U07_00173,ORD00004456,2025-10-06,已支付,208.13,抖音,数码,136.15,15,0.0,
U07_00174,ORD00004457,2025-08-19,已完成,299.93,抖音,数码,202.12,15,0.0,
U07_00174,ORD00004458,2025-12-27,已完成,406.53,小红书,服饰,283.7,0,0.0,
U07_00175,ORD00004459,2025-08-29,已支付,419.89,搜索引擎,食品,286.09,10,0.0,
U07_00175,ORD00004460,2025-09-17,已支付,235.94,搜索引擎,美妆,154.77,10,0.0,
U07_00175,ORD00004461,2025-12-26,已支付,142.98,微信,美妆,60.63,5,0.0,
U07_00176,ORD00004462,2025-08-10,已完成,131.72,微信,服饰,88.32,0,0.0,
U07_00176,ORD00004463,2025-09-10,已支付,284.64,抖音,美妆,131.98,5,0.0,
U07_00177,ORD00004464,2025-08-28,已完成,450.13,其他,食品,313.84,15,0.0,
U07_00177,ORD00004465,2025-10-01,已完成,385.87,抖音,食品,261.79,0,0.0,
U07_00177,ORD00004466,2025-11-13,已完成,232.64,微信,食品,149.2,5,0.0,
U07_00178,ORD00004467,2025-08-10,已支付,145.81,搜索引擎,食品,91.53,15,0.0,
U07_00178,ORD00004468,2025-12-18,已完成,135.74,抖音,食品,85.85,5,0.0,
U07_00179,ORD00004469,2025-08-27,已完成,333.34,其他,服饰,194.14,10,0.0,
U07_00179,ORD00004470,2025-09-23,已支付,401.63,搜索引擎,食品,273.59,0,0.0,
U07_00179,ORD00004471,2025-10-04,已完成,180.11,微信,家居,73.11,15,0.0,
U07_00179,ORD00004472,2025-12-24,已完成,225.65,其他,美妆,151.72,5,0.0,
U07_00179,ORD00004473,2026-01-24,已支付,452.23,微信,食品,209.15,0,0.0,
U07_00180,ORD00004474,2025-08-22,已支付,123.5,微信,食品,78.71,10,0.0,
U07_00181,ORD00004475,2025-08-28,已完成,433.67,抖音,服饰,245.94,5,0.0,
U07_00181,ORD00004476,2026-02-22,已完成,216.63,抖音,数码,149.36,0,0.0,
U07_00182,ORD00004477,2025-08-15,已支付,267.47,微信,家居,137.45,15,0.0,
U07_00182,ORD00004478,2025-12-28,已完成,320.66,其他,服饰,174.39,15,0.0,
U07_00183,ORD00004479,2025-08-04,已完成,414.08,微信,食品,169.37,10,0.0,
U07_00184,ORD00004480,2025-08-30,已完成,381.54,搜索引擎,家居,168.44,10,0.0,
U07_00184,ORD00004481,2025-09-22,已支付,224.89,搜索引擎,家居,122.81,10,0.0,
U07_00184,ORD00004482,2025-12-25,已完成,265.52,微信,美妆,139.97,10,0.0,
U07_00185,ORD00004483,2025-08-24,已完成,376.18,微信,食品,220.81,10,0.0,
U07_00185,ORD00004484,2025-09-15,已完成,73.98,微信,数码,32.65,10,0.0,
U07_00185,ORD00004485,2025-11-11,已支付,163.65,搜索引擎,食品,106.07,5,0.0,
U07_00186,ORD00004486,2025-08-08,已完成,324.93,小红书,服饰,220.78,15,0.0,
U07_00186,ORD00004487,2025-11-11,已支付,236.26,抖音,美妆,161.81,10,0.0,
U07_00187,ORD00004488,2025-08-01,已完成,450.79,小红书,家居,243.84,0,0.0,
U07_00187,ORD00004489,2025-12-11,已完成,227.16,微信,服饰,155.51,10,0.0,
U07_00187,ORD00004490,2026-01-16,已完成,399.97,搜索引擎,服饰,168.03,15,0.0,
U07_00188,ORD00004491,2025-08-28,已完成,287.38,其他,服饰,120.99,5,0.0,
U07_00188,ORD00004492,2025-10-31,已完成,139.05,微信,家居,86.67,15,0.0,
U07_00189,ORD00004493,2025-08-27,已完成,174.56,小红书,服饰,95.3,0,0.0,
U07_00190,ORD00004494,2025-08-05,已完成,99.02,其他,美妆,53.42,5,0.0,
U07_00190,ORD00004495,2026-02-01,已完成,462.71,抖音,食品,294.73,10,0.0,
U07_00191,ORD00004496,2025-08-13,已完成,194.61,其他,服饰,94.71,10,0.0,
U07_00191,ORD00004497,2025-10-03,已完成,320.5,微信,数码,212.48,5,0.0,
U07_00191,ORD00004498,2025-11-09,已支付,451.55,搜索引擎,食品,197.26,10,0.0,
U07_00192,ORD00004499,2025-08-17,已完成,237.76,搜索引擎,家居,155.42,5,0.0,
U07_00192,ORD00004500,2025-09-08,已支付,151.79,微信,数码,98.46,15,117.74,2025-10-04
U07_00192,ORD00004501,2026-01-28,已支付,421.83,微信,美妆,253.33,5,0.0,
U07_00193,ORD00004502,2025-08-01,已支付,146.21,搜索引擎,数码,81.93,0,0.0,
U07_00193,ORD00004503,2025-11-09,已完成,335.54,搜索引擎,美妆,177.3,10,0.0,
U07_00193,ORD00004504,2026-01-25,已完成,391.69,小红书,服饰,189.63,15,0.0,
U07_00194,ORD00004505,2025-08-03,已支付,442.71,小红书,家居,302.39,10,0.0,
U07_00194,ORD00004506,2025-09-10,已完成,355.84,微信,数码,230.66,5,0.0,
U07_00194,ORD00004507,2025-12-18,已完成,350.76,其他,美妆,184.8,0,0.0,
U07_00195,ORD00004508,2025-08-17,已完成,177.68,小红书,食品,109.0,10,0.0,
U07_00195,ORD00004509,2025-10-03,已完成,276.35,其他,数码,171.49,0,0.0,
U07_00195,ORD00004510,2025-11-12,已完成,352.23,微信,美妆,174.21,10,0.0,
U07_00195,ORD00004511,2026-01-21,已支付,340.11,微信,家居,147.13,10,0.0,
U07_00196,ORD00004512,2025-08-05,已完成,197.69,微信,家居,125.97,5,0.0,
U07_00196,ORD00004513,2025-09-25,已支付,318.17,抖音,食品,151.16,5,0.0,
U07_00196,ORD00004514,2025-10-19,已完成,495.42,其他,食品,314.04,5,0.0,
U07_00196,ORD00004515,2025-11-16,已支付,302.09,小红书,家居,142.85,10,156.78,2026-01-13
U07_00197,ORD00004516,2025-08-31,已完成,133.78,抖音,食品,78.51,15,0.0,
U07_00198,ORD00004517,2025-08-29,已完成,277.25,微信,服饰,161.39,10,0.0,
U07_00198,ORD00004518,2025-09-26,已完成,153.25,小红书,美妆,72.47,10,128.89,2025-10-11
U07_00199,ORD00004519,2025-08-30,已支付,134.06,其他,食品,89.04,0,0.0,
U07_00199,ORD00004520,2025-11-15,已支付,283.29,其他,家居,114.35,0,0.0,
U07_00200,ORD00004521,2025-08-22,已完成,285.18,微信,食品,148.65,0,0.0,
U07_00200,ORD00004522,2025-09-11,已完成,355.51,小红书,数码,182.43,15,0.0,
U07_00201,ORD00004523,2025-08-11,已支付,74.05,小红书,美妆,42.5,0,0.0,
U07_00201,ORD00004524,2025-11-09,已完成,230.18,微信,数码,153.82,0,0.0,
U07_00202,ORD00004525,2025-08-09,已完成,266.0,抖音,数码,145.9,10,0.0,
U07_00202,ORD00004526,2025-12-16,已完成,155.99,其他,家居,67.13,15,0.0,
U07_00202,ORD00004527,2026-01-03,已完成,131.39,小红书,家居,82.41,15,0.0,
U07_00203,ORD00004528,2025-08-24,已完成,227.65,搜索引擎,美妆,146.07,10,0.0,
U07_00203,ORD00004529,2026-01-01,已完成,269.92,搜索引擎,食品,154.38,10,0.0,
U07_00203,ORD00004530,2026-02-23,已支付,368.26,小红书,美妆,207.37,0,0.0,
U07_00204,ORD00004531,2025-08-03,已完成,381.43,小红书,美妆,161.73,10,0.0,
U07_00204,ORD00004532,2025-11-16,已完成,182.84,微信,数码,117.42,15,0.0,
U07_00204,ORD00004533,2026-01-10,已完成,116.77,搜索引擎,服饰,76.74,5,0.0,
U07_00204,ORD00004534,2026-02-10,已完成,221.89,抖音,美妆,137.98,10,0.0,
U07_00205,ORD00004535,2025-08-26,已完成,227.05,搜索引擎,家居,120.11,5,0.0,
U07_00205,ORD00004536,2025-10-04,已完成,294.52,其他,美妆,121.29,15,0.0,
U07_00205,ORD00004537,2025-11-20,已支付,414.48,抖音,美妆,269.21,0,0.0,
U07_00206,ORD00004538,2025-08-21,已支付,441.45,微信,服饰,233.34,10,0.0,
U07_00206,ORD00004539,2025-10-08,已支付,412.5,微信,家居,192.83,15,0.0,
U07_00207,ORD00004540,2025-08-27,已支付,487.77,其他,家居,314.86,10,0.0,
U07_00207,ORD00004541,2025-09-27,已支付,473.71,搜索引擎,食品,264.7,10,0.0,
U07_00208,ORD00004542,2025-08-29,已完成,145.42,抖音,服饰,69.67,10,0.0,
U07_00208,ORD00004543,2025-09-05,已完成,226.69,微信,服饰,142.99,10,0.0,
U07_00209,ORD00004544,2025-08-31,已完成,240.97,抖音,服饰,134.63,10,0.0,
U07_00209,ORD00004545,2025-09-21,已支付,141.04,小红书,美妆,64.56,10,0.0,
U07_00210,ORD00004546,2025-08-18,已支付,395.0,抖音,家居,164.27,10,0.0,
U07_00210,ORD00004547,2025-12-25,已支付,215.3,小红书,美妆,87.46,10,0.0,
U07_00211,ORD00004548,2025-08-15,已完成,465.17,搜索引擎,美妆,203.77,0,0.0,
U07_00211,ORD00004549,2025-10-17,已完成,454.99,搜索引擎,数码,313.65,15,0.0,
U07_00211,ORD00004550,2025-11-11,已支付,118.51,搜索引擎,美妆,62.27,5,86.04,2025-11-21
U07_00212,ORD00004551,2025-08-14,已完成,173.34,微信,服饰,120.93,10,0.0,
U07_00212,ORD00004552,2025-09-20,已完成,427.96,小红书,服饰,226.1,10,0.0,
U07_00212,ORD00004553,2025-10-06,已支付,192.88,其他,家居,102.86,15,0.0,
U07_00213,ORD00004554,2025-08-19,已完成,218.27,小红书,数码,112.72,15,0.0,
U07_00213,ORD00004555,2025-12-09,已完成,354.36,抖音,服饰,143.55,10,0.0,
U07_00214,ORD00004556,2025-08-25,已支付,93.92,小红书,数码,54.75,15,0.0,
U07_00214,ORD00004557,2026-02-03,已支付,212.63,微信,数码,146.58,10,0.0,
U07_00215,ORD00004558,2025-08-25,已完成,277.31,其他,美妆,135.15,15,0.0,
U07_00215,ORD00004559,2025-11-24,已支付,363.02,小红书,美妆,189.71,0,0.0,
U07_00215,ORD00004560,2026-01-31,已完成,87.73,微信,家居,48.83,10,0.0,
U07_00216,ORD00004561,2025-08-14,已完成,287.35,搜索引擎,家居,174.63,10,0.0,
U07_00216,ORD00004562,2025-12-29,已完成,365.58,搜索引擎,数码,156.55,15,280.91,2026-02-24
U07_00216,ORD00004563,2026-02-14,已支付,178.72,小红书,数码,87.65,10,0.0,
U07_00217,ORD00004564,2025-08-08,已支付,378.22,小红书,家居,210.57,0,0.0,
U07_00217,ORD00004565,2025-09-22,已支付,125.96,微信,食品,77.2,0,0.0,
U07_00218,ORD00004566,2025-08-28,已完成,466.1,其他,服饰,233.65,0,0.0,
U07_00218,ORD00004567,2025-09-09,已完成,53.16,微信,食品,33.98,10,0.0,
U07_00218,ORD00004568,2025-12-25,已完成,108.08,其他,食品,56.23,10,0.0,
U07_00218,ORD00004569,2026-01-19,已完成,130.09,抖音,数码,70.64,0,0.0,
U07_00219,ORD00004570,2025-08-21,已完成,299.02,微信,美妆,149.01,15,0.0,
U07_00219,ORD00004571,2025-09-29,已完成,247.83,搜索引擎,服饰,149.91,10,0.0,
U07_00219,ORD00004572,2025-12-18,已完成,349.92,抖音,服饰,152.45,15,0.0,
U07_00220,ORD00004573,2025-08-10,已完成,293.3,微信,数码,173.39,5,0.0,
U07_00220,ORD00004574,2026-01-07,已完成,445.98,搜索引擎,服饰,286.35,10,0.0,
U07_00221,ORD00004575,2025-08-14,已支付,97.98,其他,美妆,46.89,0,53.88,2025-10-06
U07_00222,ORD00004576,2025-08-27,已完成,309.64,其他,食品,199.97,5,0.0,
U07_00222,ORD00004577,2025-12-16,已支付,83.07,抖音,食品,55.32,15,0.0,
U07_00223,ORD00004578,2025-08-27,已完成,425.21,搜索引擎,食品,170.66,10,0.0,
U07_00223,ORD00004579,2025-11-17,已支付,50.9,小红书,数码,23.3,10,0.0,
U07_00223,ORD00004580,2025-12-13,已完成,167.64,微信,家居,71.93,10,0.0,
U07_00223,ORD00004581,2026-01-23,已完成,304.27,小红书,服饰,164.12,10,0.0,
U07_00224,ORD00004582,2025-08-31,已完成,108.27,其他,服饰,43.77,5,0.0,
U07_00224,ORD00004583,2025-09-14,已完成,69.69,其他,家居,28.16,0,65.12,2025-10-27
U07_00224,ORD00004584,2025-12-08,已完成,50.02,其他,数码,24.99,5,0.0,
U07_00225,ORD00004585,2025-08-16,已完成,333.33,小红书,美妆,211.93,5,0.0,
U07_00225,ORD00004586,2025-09-28,已支付,294.08,小红书,数码,197.0,15,0.0,
U07_00225,ORD00004587,2026-02-09,已支付,81.09,其他,美妆,53.14,0,0.0,
U07_00226,ORD00004588,2025-08-27,已支付,400.37,小红书,家居,267.62,15,0.0,
U07_00226,ORD00004589,2026-01-18,已完成,234.0,其他,数码,116.92,5,0.0,
U07_00227,ORD00004590,2025-08-18,已完成,312.18,微信,家居,208.75,10,0.0,
U07_00227,ORD00004591,2025-10-05,已完成,397.06,微信,家居,247.74,5,0.0,
U07_00228,ORD00004592,2025-08-09,已支付,230.0,抖音,服饰,106.87,10,183.99,2025-09-10
U07_00228,ORD00004593,2025-09-30,已支付,299.79,小红书,家居,152.8,0,0.0,
U07_00228,ORD00004594,2025-10-19,已完成,320.65,抖音,服饰,201.18,10,0.0,
U07_00229,ORD00004595,2025-08-20,已完成,401.34,微信,食品,221.7,0,0.0,
U07_00229,ORD00004596,2025-09-03,已完成,303.09,小红书,家居,177.24,0,0.0,
U07_00230,ORD00004597,2025-08-27,已完成,69.85,其他,家居,46.14,15,0.0,
U07_00230,ORD00004598,2025-09-18,已支付,428.13,小红书,美妆,297.13,15,0.0,
U07_00230,ORD00004599,2026-02-16,已完成,178.35,微信,数码,82.59,10,0.0,
U07_00231,ORD00004600,2025-08-20,已支付,107.98,搜索引擎,家居,54.33,10,91.11,2025-09-16
U07_00231,ORD00004601,2025-11-04,已完成,202.76,小红书,服饰,120.84,0,0.0,
U07_00231,ORD00004602,2026-01-20,已支付,340.48,抖音,美妆,206.01,15,0.0,
U07_00232,ORD00004603,2025-08-04,已完成,307.47,微信,食品,126.66,15,0.0,
U07_00232,ORD00004604,2025-09-12,已完成,413.97,微信,家居,224.34,15,0.0,
U07_00232,ORD00004605,2025-10-13,已支付,159.27,其他,数码,106.61,0,0.0,
U07_00232,ORD00004606,2025-11-18,已支付,321.45,抖音,美妆,219.68,0,0.0,
U07_00233,ORD00004607,2025-08-10,已完成,332.4,微信,数码,200.26,10,191.79,2025-09-01
U07_00233,ORD00004608,2025-09-25,已完成,440.57,小红书,数码,239.24,10,0.0,
U07_00234,ORD00004609,2025-08-28,已完成,266.08,微信,食品,133.91,15,0.0,
U07_00235,ORD00004610,2025-08-14,已完成,392.99,其他,数码,188.72,10,0.0,
U07_00235,ORD00004611,2025-09-17,已完成,262.84,小红书,食品,122.81,0,0.0,
U07_00235,ORD00004612,2025-11-28,已支付,162.2,微信,数码,78.78,10,0.0,
U07_00236,ORD00004613,2025-08-15,已完成,52.72,抖音,食品,34.03,10,0.0,
U07_00236,ORD00004614,2025-09-25,已完成,138.12,抖音,美妆,56.92,10,0.0,
U07_00236,ORD00004615,2025-12-21,已完成,248.39,微信,家居,164.53,10,0.0,
U07_00236,ORD00004616,2026-01-17,已支付,472.64,小红书,食品,283.37,5,394.12,2026-02-25
U07_00237,ORD00004617,2025-08-29,已完成,257.91,抖音,服饰,109.9,10,0.0,
U07_00237,ORD00004618,2025-10-27,已支付,137.15,其他,美妆,56.98,10,0.0,
U07_00238,ORD00004619,2025-08-08,已完成,358.0,微信,家居,204.79,10,0.0,
U07_00239,ORD00004620,2025-08-17,已支付,238.06,其他,服饰,123.15,0,0.0,
U07_00239,ORD00004621,2025-09-24,已完成,192.38,小红书,美妆,115.85,10,0.0,
U07_00240,ORD00004622,2025-08-19,已完成,381.22,小红书,美妆,225.7,0,0.0,
U07_00240,ORD00004623,2026-01-30,已完成,332.7,其他,食品,212.91,10,0.0,
U07_00241,ORD00004624,2025-08-15,已完成,240.56,小红书,服饰,119.39,10,0.0,
U07_00241,ORD00004625,2025-09-16,已完成,283.29,其他,数码,151.65,5,0.0,
U07_00241,ORD00004626,2025-11-24,已完成,156.17,其他,数码,97.3,10,0.0,
U07_00241,ORD00004627,2026-02-24,已完成,131.51,抖音,服饰,66.32,15,0.0,
U07_00242,ORD00004628,2025-08-26,已完成,364.75,抖音,食品,175.44,5,0.0,
U07_00242,ORD00004629,2025-11-23,已完成,74.62,抖音,数码,34.45,15,0.0,
U07_00242,ORD00004630,2025-12-31,已完成,221.15,小红书,食品,140.29,15,0.0,
U07_00243,ORD00004631,2025-08-01,已完成,131.66,小红书,食品,92.15,15,0.0,
U07_00243,ORD00004632,2025-09-13,已支付,337.24,搜索引擎,美妆,194.83,10,0.0,
U07_00243,ORD00004633,2025-10-04,已完成,211.99,小红书,食品,130.72,0,0.0,
U07_00243,ORD00004634,2025-11-05,已完成,342.33,抖音,食品,205.59,10,0.0,
U07_00244,ORD00004635,2025-08-13,已支付,73.08,小红书,食品,48.6,5,0.0,
U07_00244,ORD00004636,2025-11-29,已完成,193.8,抖音,服饰,119.63,10,0.0,
U07_00245,ORD00004637,2025-08-01,已完成,169.85,搜索引擎,食品,101.37,10,0.0,
U07_00245,ORD00004638,2025-09-09,已完成,73.18,其他,数码,40.07,10,0.0,
U07_00246,ORD00004639,2025-08-17,已支付,396.56,其他,服饰,224.83,5,0.0,
U07_00246,ORD00004640,2025-11-28,已完成,205.36,其他,美妆,104.3,5,0.0,
U07_00247,ORD00004641,2025-08-13,已完成,50.44,微信,服饰,30.37,0,0.0,
U07_00247,ORD00004642,2025-09-04,已完成,254.74,搜索引擎,食品,125.94,10,0.0,
U07_00248,ORD00004643,2025-08-11,已完成,290.71,小红书,数码,150.9,10,0.0,
U07_00248,ORD00004644,2025-09-02,已完成,163.43,抖音,家居,66.26,15,0.0,
U07_00248,ORD00004645,2025-10-14,已支付,433.66,小红书,服饰,234.52,0,0.0,
U07_00248,ORD00004646,2025-12-22,已支付,408.64,小红书,美妆,174.6,10,0.0,
U07_00248,ORD00004647,2026-01-13,已完成,98.96,其他,服饰,63.8,5,0.0,
U07_00249,ORD00004648,2025-08-25,已支付,104.28,微信,食品,41.77,5,0.0,
U07_00249,ORD00004649,2025-09-24,已完成,317.58,小红书,数码,143.31,5,0.0,
U07_00249,ORD00004650,2025-11-01,已支付,93.43,小红书,家居,41.0,10,0.0,
U07_00249,ORD00004651,2025-12-22,已完成,156.11,其他,美妆,65.32,10,0.0,
U07_00250,ORD00004652,2025-08-06,已支付,321.87,搜索引擎,服饰,222.72,0,0.0,
U07_00250,ORD00004653,2025-09-24,已完成,363.35,微信,美妆,175.29,15,0.0,
U07_00251,ORD00004654,2025-08-30,已完成,213.31,其他,数码,109.38,10,156.24,2025-10-17
U07_00251,ORD00004655,2025-09-08,已完成,453.26,搜索引擎,数码,213.6,0,0.0,
U07_00252,ORD00004656,2025-08-16,已完成,385.65,小红书,家居,260.02,5,0.0,
U07_00252,ORD00004657,2025-09-20,已完成,350.83,小红书,家居,200.55,15,0.0,
U07_00252,ORD00004658,2025-10-10,已完成,137.41,搜索引擎,数码,75.68,0,0.0,
U07_00252,ORD00004659,2025-11-06,已支付,475.76,抖音,数码,312.21,5,0.0,
U07_00252,ORD00004660,2026-01-06,已完成,147.86,小红书,服饰,85.82,0,0.0,
U07_00253,ORD00004661,2025-08-28,已支付,367.42,抖音,食品,248.31,0,0.0,
U07_00253,ORD00004662,2025-09-11,已完成,466.0,微信,服饰,212.34,5,0.0,
U07_00253,ORD00004663,2025-10-22,已支付,420.86,小红书,食品,239.97,10,297.75,2025-11-11
U07_00253,ORD00004664,2026-01-21,已完成,479.5,微信,家居,231.84,10,0.0,
U07_00254,ORD00004665,2025-08-30,已完成,438.73,其他,家居,202.77,10,0.0,
U07_00255,ORD00004666,2025-08-19,已完成,337.55,微信,家居,162.16,10,0.0,
U07_00255,ORD00004667,2026-01-06,已完成,383.48,搜索引擎,美妆,231.73,0,0.0,
U07_00256,ORD00004668,2025-08-03,已支付,300.9,微信,服饰,174.79,10,0.0,
U07_00256,ORD00004669,2025-09-24,已完成,333.55,微信,家居,168.45,10,0.0,
U07_00256,ORD00004670,2026-01-21,已完成,397.0,抖音,数码,226.85,5,0.0,
U07_00256,ORD00004671,2026-02-22,已支付,216.04,抖音,美妆,138.38,10,0.0,
U07_00257,ORD00004672,2025-08-02,已支付,451.47,搜索引擎,数码,299.0,10,0.0,
U07_00257,ORD00004673,2025-10-22,已完成,233.67,其他,食品,122.97,10,0.0,
U07_00257,ORD00004674,2026-02-07,已完成,240.93,小红书,数码,115.64,10,159.03,2026-04-04
U07_00258,ORD00004675,2025-08-24,已完成,151.21,小红书,食品,104.86,0,0.0,
U07_00258,ORD00004676,2026-02-05,已完成,450.33,抖音,家居,276.22,5,377.34,2026-03-13
U07_00259,ORD00004677,2025-08-18,已支付,161.36,微信,数码,108.61,10,0.0,
U07_00259,ORD00004678,2025-11-12,已完成,123.54,其他,服饰,81.29,15,0.0,
U07_00259,ORD00004679,2026-01-15,已完成,342.74,小红书,家居,205.78,10,0.0,
U07_00260,ORD00004680,2025-08-08,已完成,66.66,其他,美妆,46.32,0,0.0,
U07_00260,ORD00004681,2025-11-10,已完成,499.79,微信,服饰,345.34,10,0.0,
U07_00260,ORD00004682,2026-01-04,已支付,382.5,抖音,美妆,208.35,10,0.0,
U07_00261,ORD00004683,2025-08-27,已完成,74.59,小红书,数码,51.52,0,0.0,
U07_00261,ORD00004684,2025-12-01,已支付,177.45,搜索引擎,食品,102.97,0,112.23,2025-12-19
U07_00261,ORD00004685,2026-01-15,已完成,68.05,抖音,食品,44.52,5,0.0,
U07_00261,ORD00004686,2026-02-03,已支付,213.99,微信,美妆,119.12,15,0.0,
U07_00262,ORD00004687,2025-08-01,已支付,396.84,抖音,食品,211.7,10,0.0,
U07_00262,ORD00004688,2025-11-13,已支付,59.46,小红书,服饰,30.05,10,0.0,
U07_00262,ORD00004689,2026-01-25,已完成,153.65,抖音,美妆,79.36,0,131.32,2026-02-15
U07_00263,ORD00004690,2025-08-16,已支付,430.73,小红书,食品,205.38,10,0.0,
U07_00263,ORD00004691,2025-09-21,已支付,435.65,微信,服饰,300.18,0,0.0,
U07_00263,ORD00004692,2025-10-07,已完成,104.67,搜索引擎,美妆,63.81,15,0.0,
U07_00263,ORD00004693,2025-11-05,已完成,194.86,小红书,食品,79.81,10,0.0,
U07_00264,ORD00004694,2025-08-24,已完成,324.37,小红书,数码,195.36,5,0.0,
U07_00264,ORD00004695,2025-09-01,已支付,465.24,小红书,美妆,267.37,10,0.0,
U07_00264,ORD00004696,2025-11-25,已完成,367.33,其他,家居,176.56,0,0.0,
U07_00264,ORD00004697,2025-12-27,已支付,373.48,小红书,数码,219.34,0,0.0,
U07_00265,ORD00004698,2025-08-24,已支付,84.59,小红书,食品,51.85,10,0.0,
U07_00265,ORD00004699,2025-09-23,已完成,198.85,微信,数码,82.16,15,0.0,
U07_00266,ORD00004700,2025-08-29,已完成,175.31,微信,美妆,73.41,0,0.0,
U07_00266,ORD00004701,2025-09-21,已完成,378.32,微信,数码,230.64,15,269.75,2025-10-31
U07_00267,ORD00004702,2025-08-01,已完成,271.93,抖音,家居,150.43,5,0.0,
U07_00267,ORD00004703,2025-09-12,已完成,87.46,抖音,食品,53.21,5,0.0,
U07_00267,ORD00004704,2025-10-18,已完成,131.13,抖音,服饰,62.25,15,0.0,
U07_00267,ORD00004705,2025-11-15,已完成,421.82,抖音,数码,284.78,10,0.0,
U07_00268,ORD00004706,2025-08-18,已完成,462.3,抖音,美妆,242.96,10,0.0,
U07_00268,ORD00004707,2025-09-09,已支付,50.74,其他,数码,23.94,0,0.0,
U07_00269,ORD00004708,2025-08-01,已完成,398.54,其他,家居,209.32,5,0.0,
U07_00269,ORD00004709,2025-09-13,已完成,225.97,抖音,食品,117.8,15,0.0,
U07_00269,ORD00004710,2025-11-02,已完成,202.89,其他,数码,137.24,10,164.92,2025-11-23
U07_00270,ORD00004711,2025-08-17,已完成,423.25,微信,食品,213.93,10,0.0,
U07_00271,ORD00004712,2025-08-13,已支付,71.68,其他,家居,28.95,5,0.0,
U07_00271,ORD00004713,2025-10-04,已支付,393.04,其他,数码,216.73,10,0.0,
U07_00272,ORD00004714,2025-08-03,已完成,252.46,搜索引擎,服饰,122.12,0,0.0,
U07_00272,ORD00004715,2025-09-23,已完成,498.57,搜索引擎,食品,317.62,10,0.0,
U07_00272,ORD00004716,2025-10-28,已支付,97.35,小红书,数码,62.85,10,0.0,
U07_00272,ORD00004717,2025-11-18,已完成,161.51,其他,美妆,91.69,0,0.0,
U07_00273,ORD00004718,2025-08-12,已完成,447.12,微信,美妆,242.16,10,0.0,
U07_00273,ORD00004719,2025-09-22,已完成,364.42,其他,数码,252.76,10,0.0,
U07_00273,ORD00004720,2025-11-15,已完成,295.56,搜索引擎,家居,185.84,0,148.1,2025-11-25
U07_00273,ORD00004721,2026-01-28,已完成,52.48,抖音,服饰,23.39,5,44.22,2026-02-08
U07_00274,ORD00004722,2025-08-12,已完成,270.08,搜索引擎,服饰,150.19,10,137.54,2025-09-16
U07_00274,ORD00004723,2025-09-09,已支付,453.11,微信,服饰,187.77,5,0.0,
U07_00274,ORD00004724,2025-12-06,已完成,493.34,搜索引擎,美妆,299.43,15,312.92,2026-01-26
U07_00275,ORD00004725,2025-08-06,已支付,375.88,微信,服饰,152.53,5,0.0,
U07_00275,ORD00004726,2025-09-05,已完成,456.28,搜索引擎,家居,279.33,10,0.0,
U07_00275,ORD00004727,2025-11-20,已支付,309.26,其他,服饰,143.86,5,0.0,
U07_00276,ORD00004728,2025-08-18,已支付,69.19,搜索引擎,服饰,32.52,10,56.7,2025-09-16
U07_00276,ORD00004729,2025-09-24,已完成,372.25,搜索引擎,美妆,173.98,15,0.0,
U07_00277,ORD00004730,2025-08-20,已完成,187.68,其他,数码,97.16,5,0.0,
U07_00277,ORD00004731,2025-09-19,已完成,57.22,搜索引擎,家居,25.61,10,0.0,
U07_00278,ORD00004732,2025-08-11,已完成,81.23,搜索引擎,服饰,56.29,5,0.0,
U07_00278,ORD00004733,2025-09-17,已完成,469.12,搜索引擎,服饰,245.19,0,0.0,
U07_00278,ORD00004734,2026-01-10,已完成,108.25,其他,数码,55.3,15,0.0,
U07_00279,ORD00004735,2025-08-27,已支付,198.34,微信,食品,121.13,0,0.0,
U07_00279,ORD00004736,2025-09-08,已支付,446.57,小红书,食品,252.38,5,0.0,
U07_00280,ORD00004737,2025-08-10,已完成,323.22,其他,服饰,167.23,0,0.0,
U07_00280,ORD00004738,2025-10-18,已完成,369.35,小红书,美妆,172.44,0,0.0,
U07_00281,ORD00004739,2025-08-26,已支付,181.17,搜索引擎,美妆,101.1,15,96.21,2025-10-20
U07_00282,ORD00004740,2025-08-03,已支付,130.71,微信,食品,72.98,10,0.0,
U07_00282,ORD00004741,2025-09-07,已完成,139.69,微信,服饰,76.67,10,0.0,
U07_00282,ORD00004742,2025-11-12,已完成,60.64,其他,数码,38.86,10,36.38,2025-12-14
U07_00282,ORD00004743,2026-01-23,已完成,411.14,搜索引擎,食品,219.13,15,0.0,
U07_00282,ORD00004744,2026-02-11,已支付,135.55,搜索引擎,美妆,84.71,15,0.0,
U07_00283,ORD00004745,2025-08-13,已完成,436.38,微信,数码,201.91,15,0.0,
U07_00283,ORD00004746,2025-10-12,已支付,394.02,小红书,数码,168.62,15,0.0,
U07_00284,ORD00004747,2025-08-25,已支付,407.6,小红书,服饰,247.48,10,0.0,
U07_00284,ORD00004748,2025-09-15,已支付,287.37,搜索引擎,服饰,174.9,10,0.0,
U07_00284,ORD00004749,2025-11-28,已支付,460.59,微信,美妆,188.31,15,0.0,
U07_00284,ORD00004750,2026-02-27,已支付,377.78,其他,数码,168.69,15,0.0,
U07_00285,ORD00004751,2025-08-22,已完成,198.52,搜索引擎,家居,115.17,15,0.0,
U07_00285,ORD00004752,2026-02-10,已完成,472.5,微信,美妆,255.78,0,0.0,
U07_00286,ORD00004753,2025-08-15,已支付,172.65,小红书,服饰,114.54,5,0.0,
U07_00287,ORD00004754,2025-08-13,已完成,265.41,微信,食品,137.1,15,0.0,
U07_00287,ORD00004755,2025-09-08,已支付,400.59,小红书,家居,230.44,10,0.0,
U07_00288,ORD00004756,2025-08-06,已完成,358.63,抖音,食品,235.55,10,0.0,
U07_00288,ORD00004757,2025-09-28,已支付,228.97,抖音,美妆,126.23,5,0.0,
U07_00288,ORD00004758,2026-02-15,已支付,78.1,微信,数码,51.33,10,0.0,
U07_00289,ORD00004759,2025-08-17,已支付,252.83,其他,数码,165.7,10,0.0,
U07_00289,ORD00004760,2025-11-05,已支付,420.34,小红书,家居,246.3,15,0.0,
U07_00290,ORD00004761,2025-08-02,已支付,120.13,抖音,食品,80.38,10,0.0,
U07_00291,ORD00004762,2025-08-20,已完成,71.04,微信,数码,43.59,15,0.0,
U07_00291,ORD00004763,2025-09-26,已支付,259.41,搜索引擎,数码,112.44,15,0.0,
U07_00291,ORD00004764,2025-11-29,已完成,232.99,抖音,服饰,151.83,15,0.0,
U07_00292,ORD00004765,2025-08-17,已完成,375.12,小红书,美妆,172.27,10,0.0,
U07_00292,ORD00004766,2026-01-06,已支付,189.82,其他,家居,114.33,15,0.0,
U07_00293,ORD00004767,2025-08-14,已支付,265.78,抖音,家居,179.87,5,0.0,
U07_00293,ORD00004768,2025-09-19,已完成,488.15,搜索引擎,服饰,287.52,5,0.0,
U07_00294,ORD00004769,2025-08-13,已支付,428.95,其他,食品,183.42,10,0.0,
U07_00294,ORD00004770,2025-09-15,已完成,291.55,小红书,家居,177.13,5,0.0,
U07_00294,ORD00004771,2025-11-20,已完成,135.1,小红书,食品,84.78,5,0.0,
U07_00294,ORD00004772,2025-12-10,已完成,265.25,微信,食品,175.49,0,0.0,
U07_00294,ORD00004773,2026-01-06,已完成,476.88,抖音,服饰,270.49,10,382.38,2026-01-16
U07_00295,ORD00004774,2025-08-01,已支付,245.65,其他,数码,133.06,15,0.0,
U07_00295,ORD00004775,2025-09-04,已完成,407.01,小红书,家居,210.57,10,0.0,
U07_00296,ORD00004776,2025-08-31,已支付,212.33,抖音,美妆,100.42,5,0.0,
U07_00296,ORD00004777,2025-09-10,已完成,364.15,微信,家居,194.95,10,0.0,
U07_00297,ORD00004778,2025-08-08,已完成,92.88,搜索引擎,家居,59.57,0,0.0,
U07_00297,ORD00004779,2025-09-18,已完成,138.28,微信,食品,57.02,10,0.0,
U07_00298,ORD00004780,2025-08-17,已完成,358.91,其他,服饰,249.44,5,0.0,
U07_00299,ORD00004781,2025-08-29,已完成,102.68,搜索引擎,服饰,61.45,5,0.0,
U07_00299,ORD00004782,2026-01-05,已支付,440.4,其他,数码,252.86,5,0.0,
U07_00299,ORD00004783,2026-02-27,已支付,128.71,微信,美妆,68.74,5,0.0,
U07_00300,ORD00004784,2025-08-22,已支付,267.49,其他,数码,179.19,0,0.0,
U07_00300,ORD00004785,2025-09-04,已支付,92.48,小红书,家居,62.82,5,0.0,
U07_00300,ORD00004786,2025-10-25,已完成,419.29,微信,美妆,242.66,0,0.0,
U07_00301,ORD00004787,2025-08-10,已支付,270.53,抖音,服饰,142.77,15,0.0,
U07_00301,ORD00004788,2025-10-24,已支付,485.11,微信,服饰,198.53,10,0.0,
U07_00301,ORD00004789,2025-11-23,已完成,395.96,小红书,服饰,172.46,10,268.8,2025-12-19
U07_00301,ORD00004790,2025-12-04,已完成,380.92,其他,食品,164.68,10,0.0,
U07_00302,ORD00004791,2025-08-05,已支付,310.07,抖音,家居,194.59,15,0.0,
U07_00302,ORD00004792,2025-12-28,已完成,79.91,搜索引擎,食品,41.06,0,0.0,
U07_00302,ORD00004793,2026-02-27,已支付,422.01,小红书,服饰,292.66,10,331.28,2026-03-10
U07_00303,ORD00004794,2025-08-29,已完成,445.16,抖音,美妆,188.02,10,0.0,
U07_00304,ORD00004795,2025-08-20,已支付,184.72,微信,家居,108.89,5,0.0,
U07_00304,ORD00004796,2025-09-01,已完成,432.61,小红书,食品,226.78,0,0.0,
U07_00304,ORD00004797,2025-12-08,已支付,130.58,小红书,食品,82.44,15,0.0,
U07_00305,ORD00004798,2025-08-28,已完成,302.73,微信,家居,208.84,10,0.0,
U07_00305,ORD00004799,2025-09-09,已完成,298.12,抖音,服饰,181.94,10,0.0,
U07_00305,ORD00004800,2025-10-23,已支付,177.27,微信,美妆,115.76,15,145.38,2025-11-15
U07_00306,ORD00004801,2025-08-21,已完成,399.25,搜索引擎,服饰,168.51,15,0.0,
U07_00306,ORD00004802,2025-12-17,已完成,461.24,其他,美妆,230.47,10,0.0,
U07_00307,ORD00004803,2025-08-05,已支付,315.46,其他,家居,129.28,10,0.0,
U07_00307,ORD00004804,2025-09-30,已完成,404.48,其他,数码,262.32,10,0.0,
U07_00307,ORD00004805,2025-12-01,已完成,146.46,抖音,食品,79.3,0,0.0,
U07_00308,ORD00004806,2025-08-21,已支付,359.5,抖音,服饰,199.81,5,0.0,
U07_00308,ORD00004807,2026-01-19,已完成,207.08,微信,美妆,123.45,10,0.0,
U07_00309,ORD00004808,2025-08-08,已完成,369.69,抖音,美妆,226.56,0,235.89,2025-09-09
U07_00309,ORD00004809,2025-09-22,已支付,99.12,小红书,食品,64.93,5,0.0,
U07_00309,ORD00004810,2025-10-28,已完成,376.31,微信,食品,182.63,10,0.0,
U07_00310,ORD00004811,2025-08-03,已支付,172.2,其他,家居,74.1,5,0.0,
U07_00310,ORD00004812,2025-09-27,已完成,76.35,微信,数码,34.91,5,0.0,
U07_00310,ORD00004813,2025-10-26,已支付,244.09,小红书,数码,105.74,10,0.0,
U07_00311,ORD00004814,2025-08-05,已完成,469.14,抖音,服饰,245.55,0,0.0,
U07_00311,ORD00004815,2025-12-23,已完成,430.39,小红书,数码,179.95,0,0.0,
U07_00311,ORD00004816,2026-02-15,已支付,310.87,搜索引擎,服饰,159.93,10,0.0,
U07_00312,ORD00004817,2025-08-06,已完成,149.63,其他,食品,92.49,5,92.83,2025-09-03
U07_00312,ORD00004818,2025-09-06,已完成,128.85,其他,美妆,71.07,15,0.0,
U07_00312,ORD00004819,2025-10-22,已完成,498.11,其他,食品,308.39,0,439.16,2025-12-17
U07_00312,ORD00004820,2025-12-21,已完成,80.91,微信,服饰,45.55,15,0.0,
U07_00312,ORD00004821,2026-01-23,已完成,275.87,抖音,食品,125.66,10,0.0,
U07_00313,ORD00004822,2025-08-30,已支付,207.42,抖音,食品,111.63,10,0.0,
U07_00313,ORD00004823,2025-09-10,已完成,316.83,其他,服饰,194.99,10,0.0,
U07_00313,ORD00004824,2025-11-04,已完成,267.76,微信,家居,117.4,10,0.0,
U07_00313,ORD00004825,2026-01-18,已支付,76.87,抖音,服饰,34.49,5,0.0,
U07_00314,ORD00004826,2025-08-25,已完成,97.87,抖音,食品,58.17,10,0.0,
U07_00314,ORD00004827,2025-11-08,已完成,98.01,微信,数码,49.87,15,51.97,2025-11-26
U07_00314,ORD00004828,2026-01-01,已完成,56.84,搜索引擎,食品,24.66,0,0.0,
U07_00315,ORD00004829,2025-08-10,已支付,161.75,抖音,食品,95.86,10,0.0,
U07_00315,ORD00004830,2025-10-05,已支付,451.2,小红书,服饰,311.21,0,294.58,2025-11-13
U07_00316,ORD00004831,2025-08-31,已完成,283.16,搜索引擎,家居,151.48,5,0.0,
U07_00316,ORD00004832,2025-10-07,已完成,206.45,其他,家居,135.48,15,0.0,
U07_00316,ORD00004833,2025-11-15,已完成,367.95,其他,美妆,168.15,10,0.0,
U07_00317,ORD00004834,2025-08-10,已支付,274.6,小红书,数码,113.77,10,146.37,2025-10-09
U07_00317,ORD00004835,2026-01-31,已完成,364.86,小红书,数码,247.95,5,0.0,
U07_00317,ORD00004836,2026-02-10,已完成,154.53,搜索引擎,家居,66.99,0,0.0,
U07_00318,ORD00004837,2025-08-16,已支付,188.33,搜索引擎,美妆,92.7,15,0.0,
U07_00318,ORD00004838,2025-09-17,已完成,413.19,抖音,食品,237.18,0,0.0,
U07_00318,ORD00004839,2025-11-19,已完成,77.01,微信,家居,35.36,0,0.0,
U07_00318,ORD00004840,2025-12-10,已支付,108.6,微信,食品,56.58,5,0.0,
U07_00319,ORD00004841,2025-08-23,已完成,219.35,抖音,食品,125.96,5,0.0,
U07_00319,ORD00004842,2025-11-22,已支付,60.38,抖音,美妆,35.86,15,0.0,
U07_00320,ORD00004843,2025-08-10,已完成,175.59,其他,家居,73.42,15,0.0,
U07_00320,ORD00004844,2025-09-30,已完成,153.98,搜索引擎,服饰,89.65,5,0.0,
U07_00320,ORD00004845,2025-10-18,已完成,390.1,抖音,家居,248.0,15,0.0,
U07_00321,ORD00004846,2025-08-21,已完成,149.12,其他,服饰,96.49,15,0.0,
U07_00321,ORD00004847,2025-10-23,已支付,106.44,抖音,家居,71.19,5,0.0,
U07_00321,ORD00004848,2025-12-14,已完成,272.98,微信,食品,179.21,0,0.0,
U07_00322,ORD00004849,2025-08-22,已支付,247.18,搜索引擎,家居,132.74,0,0.0,
U07_00322,ORD00004850,2025-09-29,已支付,248.88,微信,食品,103.68,10,0.0,
U07_00322,ORD00004851,2025-10-01,已完成,82.06,小红书,服饰,37.65,10,0.0,
U07_00322,ORD00004852,2025-12-21,已完成,132.55,搜索引擎,数码,77.93,10,0.0,
U07_00323,ORD00004853,2025-08-21,已完成,461.8,搜索引擎,食品,207.24,0,0.0,
U07_00323,ORD00004854,2025-09-11,已完成,120.21,微信,数码,71.53,10,0.0,
U07_00323,ORD00004855,2025-10-24,已完成,110.86,抖音,食品,49.46,5,78.62,2025-12-09
U07_00323,ORD00004856,2026-02-02,已支付,479.28,微信,家居,317.69,0,0.0,
U07_00324,ORD00004857,2025-08-02,已完成,330.31,小红书,食品,176.86,5,259.88,2025-08-22
U07_00325,ORD00004858,2025-08-06,已支付,76.64,微信,美妆,47.5,15,0.0,
U07_00325,ORD00004859,2025-11-24,已支付,395.62,微信,食品,198.1,10,0.0,
U07_00325,ORD00004860,2025-12-13,已完成,162.52,抖音,美妆,109.23,0,0.0,
U07_00325,ORD00004861,2026-02-19,已完成,218.88,抖音,服饰,114.07,0,0.0,
U07_00326,ORD00004862,2025-08-31,已支付,133.93,搜索引擎,食品,87.18,0,0.0,
U07_00326,ORD00004863,2025-09-19,已完成,406.71,微信,家居,271.35,15,0.0,
U07_00326,ORD00004864,2025-10-31,已完成,171.78,小红书,美妆,109.76,10,0.0,
U07_00326,ORD00004865,2025-11-10,已完成,147.64,搜索引擎,数码,94.05,0,0.0,
U07_00327,ORD00004866,2025-08-20,已完成,441.67,搜索引擎,服饰,297.58,10,0.0,
U07_00327,ORD00004867,2025-09-24,已支付,228.88,搜索引擎,家居,97.19,15,0.0,
U07_00327,ORD00004868,2025-10-17,已完成,393.34,抖音,数码,218.22,0,265.52,2025-12-09
U07_00327,ORD00004869,2025-12-07,已完成,288.33,小红书,服饰,146.83,5,0.0,
U07_00327,ORD00004870,2026-01-10,已支付,408.05,小红书,数码,261.38,15,0.0,
U07_00328,ORD00004871,2025-08-20,已完成,229.6,抖音,数码,109.08,0,0.0,
U07_00328,ORD00004872,2025-09-24,已完成,214.89,其他,数码,126.63,5,0.0,
U07_00328,ORD00004873,2025-12-29,已支付,447.73,搜索引擎,家居,269.13,0,0.0,
U07_00329,ORD00004874,2025-08-22,已完成,221.02,微信,食品,91.75,10,0.0,
U07_00329,ORD00004875,2025-10-26,已完成,169.33,其他,服饰,92.59,0,0.0,
U07_00329,ORD00004876,2026-01-14,已完成,400.33,小红书,食品,260.06,5,0.0,
U07_00330,ORD00004877,2025-08-11,已完成,491.97,其他,食品,316.11,0,0.0,
U07_00330,ORD00004878,2025-09-19,已支付,64.12,小红书,数码,33.43,15,0.0,
U07_00330,ORD00004879,2025-12-04,已完成,84.62,小红书,食品,46.32,10,0.0,
U07_00330,ORD00004880,2026-01-15,已完成,130.35,其他,食品,89.98,0,0.0,
U07_00331,ORD00004881,2025-08-05,已完成,446.15,其他,食品,259.69,10,321.92,2025-10-04
U07_00332,ORD00004882,2025-08-06,已支付,351.45,其他,数码,231.55,10,0.0,
U07_00332,ORD00004883,2025-09-19,已完成,301.83,其他,数码,142.0,10,0.0,
U07_00332,ORD00004884,2025-12-28,已完成,335.98,搜索引擎,服饰,169.84,10,0.0,
U07_00333,ORD00004885,2025-08-18,已完成,475.05,微信,数码,258.62,10,249.27,2025-09-06
U07_00333,ORD00004886,2026-02-16,已完成,443.18,小红书,数码,259.54,10,0.0,
U07_00334,ORD00004887,2025-08-03,已完成,169.19,微信,服饰,102.3,5,0.0,
U07_00335,ORD00004888,2025-08-23,已完成,276.49,微信,数码,133.68,10,0.0,
U07_00336,ORD00004889,2025-08-24,已完成,308.35,微信,美妆,212.7,5,0.0,
U07_00336,ORD00004890,2025-09-30,已完成,281.78,其他,家居,178.82,10,0.0,
U07_00336,ORD00004891,2025-12-17,已支付,61.45,其他,家居,39.32,0,0.0,
U07_00337,ORD00004892,2025-08-08,已完成,227.32,微信,食品,103.0,5,0.0,
U07_00337,ORD00004893,2025-09-12,已完成,321.03,小红书,服饰,141.52,15,0.0,
U07_00337,ORD00004894,2025-11-11,已完成,498.5,抖音,服饰,235.01,10,0.0,
U07_00338,ORD00004895,2025-08-30,已完成,458.42,搜索引擎,食品,218.24,0,0.0,
U07_00338,ORD00004896,2026-01-31,已完成,183.28,小红书,数码,105.91,10,0.0,
U07_00339,ORD00004897,2025-08-24,已完成,52.09,微信,数码,32.33,10,0.0,
U07_00339,ORD00004898,2026-02-03,已完成,145.49,小红书,数码,97.33,0,0.0,
U07_00340,ORD00004899,2025-08-04,已完成,312.33,微信,食品,133.11,10,0.0,
U07_00341,ORD00004900,2025-08-29,已支付,404.5,搜索引擎,食品,279.5,15,0.0,
U07_00341,ORD00004901,2025-11-20,已完成,220.59,搜索引擎,美妆,142.81,10,0.0,
U07_00341,ORD00004902,2025-12-13,已完成,173.63,抖音,食品,85.41,10,0.0,
U07_00342,ORD00004903,2025-08-07,已完成,449.32,其他,美妆,213.69,5,0.0,
U07_00342,ORD00004904,2025-09-07,已支付,103.84,微信,数码,56.11,10,0.0,
U07_00342,ORD00004905,2025-10-06,已支付,355.88,其他,服饰,156.36,0,0.0,
U07_00343,ORD00004906,2025-08-01,已完成,462.54,搜索引擎,食品,220.73,5,0.0,
U07_00343,ORD00004907,2026-02-24,已完成,142.61,微信,食品,64.24,0,0.0,
U07_00344,ORD00004908,2025-08-31,已支付,195.18,搜索引擎,数码,134.59,10,0.0,
U07_00344,ORD00004909,2025-11-15,已完成,483.37,小红书,数码,281.14,0,0.0,
U07_00345,ORD00004910,2025-08-28,已支付,167.21,其他,数码,116.6,5,0.0,
U07_00345,ORD00004911,2025-09-26,已支付,234.58,小红书,美妆,134.05,5,0.0,
U07_00346,ORD00004912,2025-08-25,已完成,297.98,微信,服饰,122.91,10,0.0,
U07_00346,ORD00004913,2025-12-19,已完成,348.71,小红书,食品,193.28,0,0.0,
U07_00347,ORD00004914,2025-08-30,已完成,186.1,抖音,数码,88.33,15,0.0,
U07_00348,ORD00004915,2025-08-03,已完成,243.98,微信,数码,129.02,0,0.0,
U07_00349,ORD00004916,2025-08-05,已完成,274.17,其他,食品,131.03,0,0.0,
U07_00349,ORD00004917,2025-10-15,已完成,405.25,抖音,服饰,261.22,10,0.0,
U07_00350,ORD00004918,2025-08-28,已完成,73.68,其他,数码,31.44,15,64.69,2025-09-13
U07_00351,ORD00004919,2025-08-30,已完成,301.19,抖音,美妆,182.84,15,0.0,
U07_00351,ORD00004920,2025-09-12,已完成,205.03,微信,美妆,135.96,15,0.0,
U07_00352,ORD00004921,2025-08-29,已完成,468.73,小红书,服饰,194.36,10,0.0,
U07_00352,ORD00004922,2025-09-15,已支付,238.17,微信,美妆,137.35,0,0.0,
U07_00352,ORD00004923,2025-12-12,已完成,226.54,其他,食品,118.39,0,0.0,
U07_00352,ORD00004924,2026-01-25,已完成,285.28,其他,家居,130.36,5,0.0,
U07_00353,ORD00004925,2025-08-07,已完成,452.32,其他,食品,297.58,5,0.0,
U07_00353,ORD00004926,2025-09-20,已完成,258.46,其他,食品,163.49,15,0.0,
U07_00353,ORD00004927,2026-01-23,已完成,341.22,搜索引擎,数码,237.65,5,0.0,
U07_00354,ORD00004928,2025-08-16,已完成,93.63,微信,数码,50.41,0,0.0,
U07_00354,ORD00004929,2025-09-25,已完成,199.78,微信,美妆,138.48,10,0.0,
U07_00355,ORD00004930,2025-08-18,已支付,235.85,其他,服饰,149.66,0,0.0,
U07_00355,ORD00004931,2025-10-21,已支付,174.52,其他,食品,93.19,5,0.0,
U07_00355,ORD00004932,2025-11-29,已完成,304.69,微信,食品,132.73,5,0.0,
U07_00356,ORD00004933,2025-08-15,已支付,429.19,微信,服饰,190.61,5,0.0,
U07_00356,ORD00004934,2025-09-25,已支付,216.53,搜索引擎,美妆,134.98,15,0.0,
U07_00356,ORD00004935,2025-10-15,已完成,243.95,搜索引擎,服饰,165.93,5,0.0,
U07_00356,ORD00004936,2026-02-01,已支付,227.85,微信,美妆,135.95,0,0.0,
U07_00357,ORD00004937,2025-08-27,已完成,410.0,微信,美妆,192.1,15,0.0,
U07_00357,ORD00004938,2025-10-02,已完成,281.02,其他,数码,159.92,5,0.0,
U07_00357,ORD00004939,2025-11-23,已支付,144.77,微信,美妆,59.14,5,125.67,2025-12-22
U07_00358,ORD00004940,2025-08-15,已完成,129.42,微信,数码,73.98,10,0.0,
U07_00358,ORD00004941,2025-11-20,已支付,482.08,微信,食品,264.35,15,0.0,
U07_00359,ORD00004942,2025-08-08,已支付,138.01,其他,家居,89.29,5,0.0,
U07_00359,ORD00004943,2026-01-23,已支付,180.93,小红书,食品,83.22,0,94.19,2026-03-01
U07_00360,ORD00004944,2025-08-13,已支付,347.82,抖音,数码,221.55,10,0.0,
U07_00360,ORD00004945,2025-10-10,已支付,467.27,搜索引擎,数码,203.56,15,0.0,
U08_00001,ORD00004946,2025-09-02,已完成,480.7,其他,数码,293.74,15,0.0,
U08_00001,ORD00004947,2025-10-28,已支付,289.09,抖音,服饰,123.62,15,0.0,
U08_00001,ORD00004948,2026-01-30,已完成,219.29,抖音,美妆,152.94,10,0.0,
U08_00001,ORD00004949,2026-03-30,已完成,441.55,搜索引擎,家居,298.28,10,0.0,
U08_00002,ORD00004950,2025-09-30,已完成,52.82,其他,食品,31.84,10,0.0,
U08_00002,ORD00004951,2025-10-10,已支付,171.69,小红书,食品,71.96,0,0.0,
U08_00003,ORD00004952,2025-09-23,已支付,226.47,小红书,数码,111.39,0,0.0,
U08_00003,ORD00004953,2025-10-20,已支付,114.75,微信,家居,53.66,15,75.78,2025-12-07
U08_00003,ORD00004954,2025-11-21,已完成,60.61,小红书,家居,27.72,10,0.0,
U08_00004,ORD00004955,2025-09-26,已完成,473.14,搜索引擎,数码,307.32,0,0.0,
U08_00004,ORD00004956,2025-11-13,已完成,486.59,其他,美妆,241.34,5,0.0,
U08_00005,ORD00004957,2025-09-23,已支付,127.07,微信,食品,87.53,10,0.0,
U08_00005,ORD00004958,2025-10-01,已支付,356.04,微信,食品,154.37,10,0.0,
U08_00005,ORD00004959,2026-02-09,已完成,75.62,抖音,数码,32.63,10,0.0,
U08_00005,ORD00004960,2026-03-24,已支付,343.27,抖音,数码,184.29,10,0.0,
U08_00006,ORD00004961,2025-09-09,已完成,386.7,其他,美妆,227.43,10,383.78,2025-09-30
U08_00006,ORD00004962,2025-10-09,已完成,97.62,其他,美妆,40.58,15,56.14,2025-12-06
U08_00007,ORD00004963,2025-09-12,已完成,448.08,搜索引擎,美妆,194.61,15,0.0,
U08_00008,ORD00004964,2025-09-01,已完成,408.54,搜索引擎,服饰,182.83,0,0.0,
U08_00008,ORD00004965,2025-12-06,已完成,270.1,小红书,食品,141.9,0,0.0,
U08_00008,ORD00004966,2026-03-20,已完成,476.13,小红书,美妆,327.86,10,0.0,
U08_00009,ORD00004967,2025-09-06,已完成,319.07,其他,家居,197.06,10,0.0,
U08_00009,ORD00004968,2025-10-25,已完成,184.35,搜索引擎,数码,93.9,5,0.0,
U08_00009,ORD00004969,2026-02-14,已支付,470.84,搜索引擎,食品,297.05,10,0.0,
U08_00010,ORD00004970,2025-09-19,已完成,211.15,抖音,食品,126.52,15,0.0,
U08_00010,ORD00004971,2025-10-12,已支付,473.48,其他,服饰,196.81,15,0.0,
U08_00010,ORD00004972,2025-12-12,已完成,313.65,微信,服饰,125.95,10,0.0,
U08_00010,ORD00004973,2026-01-28,已完成,124.56,其他,食品,59.63,10,107.71,2026-02-10
U08_00011,ORD00004974,2025-09-13,已完成,233.25,其他,数码,93.77,15,0.0,
U08_00011,ORD00004975,2025-10-10,已完成,95.99,抖音,数码,42.49,15,77.49,2025-10-31
U08_00011,ORD00004976,2025-11-04,已支付,133.0,抖音,数码,84.14,5,0.0,
U08_00012,ORD00004977,2025-09-29,已完成,428.85,微信,美妆,287.08,15,0.0,
U08_00012,ORD00004978,2025-10-15,已完成,168.6,抖音,数码,110.58,0,0.0,
U08_00012,ORD00004979,2025-12-25,已完成,412.46,小红书,数码,239.02,10,0.0,
U08_00013,ORD00004980,2025-09-27,已完成,321.33,其他,食品,187.73,0,0.0,
U08_00013,ORD00004981,2025-10-25,已完成,340.31,小红书,家居,197.38,10,0.0,
U08_00013,ORD00004982,2026-01-01,已完成,307.1,搜索引擎,食品,126.91,10,0.0,
U08_00014,ORD00004983,2025-09-04,已完成,85.8,小红书,服饰,57.32,15,0.0,
U08_00014,ORD00004984,2025-12-28,已支付,74.21,微信,家居,44.59,10,0.0,
U08_00014,ORD00004985,2026-02-21,已完成,253.53,抖音,食品,150.76,10,0.0,
U08_00015,ORD00004986,2025-09-17,已完成,143.57,其他,食品,96.67,10,0.0,
U08_00015,ORD00004987,2025-10-10,已完成,123.31,其他,数码,74.33,10,0.0,
U08_00015,ORD00004988,2026-02-15,已完成,296.24,微信,食品,133.97,10,0.0,
U08_00016,ORD00004989,2025-09-04,已完成,322.8,搜索引擎,服饰,184.68,15,0.0,
U08_00017,ORD00004990,2025-09-28,已支付,356.79,微信,美妆,152.64,15,0.0,
U08_00017,ORD00004991,2025-10-04,已完成,127.33,搜索引擎,家居,71.63,10,0.0,
U08_00017,ORD00004992,2026-03-15,已支付,381.68,小红书,数码,232.04,10,0.0,
U08_00018,ORD00004993,2025-09-27,已支付,345.33,微信,家居,223.15,15,325.72,2025-11-09
U08_00018,ORD00004994,2025-12-01,已支付,126.37,小红书,美妆,59.09,0,0.0,
U08_00019,ORD00004995,2025-09-23,已完成,399.95,小红书,食品,230.0,10,0.0,
U08_00019,ORD00004996,2026-02-16,已支付,211.34,抖音,数码,139.48,10,0.0,
U08_00020,ORD00004997,2025-09-29,已完成,368.03,其他,家居,202.2,0,328.18,2025-11-22
U08_00020,ORD00004998,2025-12-08,已支付,155.14,小红书,数码,84.08,10,0.0,
U08_00020,ORD00004999,2026-02-03,已完成,333.27,小红书,服饰,177.52,15,0.0,
U08_00021,ORD00005000,2025-09-14,已支付,158.0,抖音,家居,98.55,15,0.0,
U08_00021,ORD00005001,2025-10-31,已完成,127.48,小红书,美妆,79.15,10,0.0,
U08_00021,ORD00005002,2026-03-16,已完成,281.71,搜索引擎,食品,186.78,10,0.0,
U08_00022,ORD00005003,2025-09-16,已完成,100.13,微信,家居,62.85,10,0.0,
U08_00022,ORD00005004,2025-10-26,已完成,439.51,小红书,食品,200.38,10,0.0,
U08_00023,ORD00005005,2025-09-08,已完成,433.33,搜索引擎,食品,275.42,5,0.0,
U08_00023,ORD00005006,2025-10-29,已支付,458.37,小红书,食品,298.81,15,0.0,
U08_00023,ORD00005007,2026-01-30,已支付,206.34,小红书,数码,89.67,15,167.98,2026-03-02
U08_00024,ORD00005008,2025-09-30,已完成,360.0,微信,服饰,210.56,10,0.0,
U08_00024,ORD00005009,2025-10-31,已完成,253.26,抖音,家居,149.46,15,0.0,
U08_00024,ORD00005010,2025-11-05,已完成,170.52,微信,食品,91.59,15,0.0,
U08_00024,ORD00005011,2025-12-05,已支付,422.66,微信,美妆,185.28,5,0.0,
U08_00024,ORD00005012,2026-01-08,已支付,171.89,其他,食品,116.4,15,97.34,2026-02-23
U08_00024,ORD00005013,2026-02-27,已支付,286.99,微信,食品,158.6,10,0.0,
U08_00025,ORD00005014,2025-09-19,已完成,175.1,微信,服饰,101.23,5,0.0,
U08_00026,ORD00005015,2025-09-22,已完成,98.49,其他,食品,64.12,15,0.0,
U08_00027,ORD00005016,2025-09-23,已完成,410.43,微信,食品,223.89,10,0.0,
U08_00027,ORD00005017,2025-10-29,已完成,280.23,搜索引擎,食品,155.04,15,0.0,
U08_00028,ORD00005018,2025-09-16,已完成,467.8,其他,美妆,228.34,0,0.0,
U08_00029,ORD00005019,2025-09-16,已支付,268.2,搜索引擎,美妆,179.33,5,0.0,
U08_00029,ORD00005020,2025-10-05,已完成,123.45,小红书,家居,53.66,10,0.0,
U08_00029,ORD00005021,2025-11-04,已完成,133.72,搜索引擎,数码,72.54,5,86.75,2025-11-18
U08_00029,ORD00005022,2026-03-22,已完成,73.38,其他,家居,38.81,5,0.0,
U08_00030,ORD00005023,2025-09-21,已完成,299.99,小红书,食品,164.05,15,0.0,
U08_00030,ORD00005024,2026-01-21,已完成,257.02,搜索引擎,数码,130.29,10,0.0,
U08_00030,ORD00005025,2026-02-20,已完成,176.52,抖音,家居,122.92,10,0.0,
U08_00031,ORD00005026,2025-09-19,已支付,367.62,抖音,美妆,210.84,0,0.0,
U08_00031,ORD00005027,2025-11-18,已完成,104.05,微信,数码,67.15,10,0.0,
U08_00031,ORD00005028,2025-12-09,已支付,135.36,微信,食品,80.86,10,0.0,
U08_00031,ORD00005029,2026-02-19,已完成,354.74,小红书,美妆,217.7,10,0.0,
U08_00032,ORD00005030,2025-09-28,已完成,304.3,小红书,食品,207.85,5,0.0,
U08_00032,ORD00005031,2026-01-01,已完成,325.81,抖音,服饰,138.25,15,0.0,
U08_00032,ORD00005032,2026-02-21,已完成,152.34,微信,食品,90.99,15,0.0,
U08_00033,ORD00005033,2025-09-19,已完成,381.53,抖音,数码,258.23,0,0.0,
U08_00033,ORD00005034,2026-03-10,已支付,433.14,小红书,服饰,247.18,10,0.0,
U08_00034,ORD00005035,2025-09-09,已完成,180.9,搜索引擎,服饰,106.2,5,0.0,
U08_00034,ORD00005036,2025-11-05,已完成,417.25,其他,服饰,234.55,0,0.0,
U08_00034,ORD00005037,2026-01-13,已支付,211.22,抖音,美妆,142.41,0,0.0,
U08_00034,ORD00005038,2026-03-05,已支付,260.05,小红书,数码,134.43,0,147.92,2026-04-14
U08_00035,ORD00005039,2025-09-12,已完成,91.45,搜索引擎,服饰,63.55,0,0.0,
U08_00035,ORD00005040,2025-10-28,已支付,190.51,小红书,家居,109.67,15,0.0,
U08_00035,ORD00005041,2026-02-23,已支付,296.05,抖音,服饰,189.64,10,0.0,
U08_00035,ORD00005042,2026-03-06,已支付,98.22,小红书,数码,56.74,0,0.0,
U08_00036,ORD00005043,2025-09-28,已完成,263.56,小红书,家居,116.03,0,0.0,
U08_00036,ORD00005044,2025-12-25,已完成,374.04,小红书,服饰,155.53,15,193.95,2026-02-23
U08_00037,ORD00005045,2025-09-06,已支付,354.42,小红书,食品,158.79,5,0.0,
U08_00038,ORD00005046,2025-09-08,已完成,415.29,微信,食品,220.0,0,0.0,
U08_00038,ORD00005047,2025-11-13,已完成,202.25,小红书,服饰,102.44,10,0.0,
U08_00039,ORD00005048,2025-09-28,已完成,106.56,抖音,服饰,55.71,15,0.0,
U08_00039,ORD00005049,2025-11-26,已完成,210.05,微信,数码,131.38,5,0.0,
U08_00040,ORD00005050,2025-09-12,已完成,180.04,微信,数码,96.32,0,0.0,
U08_00041,ORD00005051,2025-09-28,已完成,387.83,抖音,美妆,214.65,15,0.0,
U08_00041,ORD00005052,2025-10-13,已支付,430.64,微信,数码,202.56,10,0.0,
U08_00041,ORD00005053,2025-11-24,已完成,337.63,小红书,食品,231.11,10,227.44,2026-01-16
U08_00041,ORD00005054,2026-01-21,已支付,259.39,其他,服饰,179.68,0,0.0,
U08_00041,ORD00005055,2026-02-26,已完成,280.28,其他,数码,140.57,10,0.0,
U08_00042,ORD00005056,2025-09-21,已完成,302.83,其他,家居,155.02,10,0.0,
U08_00042,ORD00005057,2025-11-12,已支付,380.14,抖音,食品,257.2,10,0.0,
U08_00043,ORD00005058,2025-09-19,已完成,490.8,抖音,服饰,326.8,10,0.0,
U08_00044,ORD00005059,2025-09-25,已支付,280.21,搜索引擎,服饰,140.12,0,0.0,
U08_00044,ORD00005060,2025-12-04,已完成,98.38,小红书,食品,67.51,10,0.0,
U08_00044,ORD00005061,2026-01-23,已完成,339.13,微信,数码,198.42,5,0.0,
U08_00044,ORD00005062,2026-03-01,已完成,375.74,其他,服饰,232.38,10,0.0,
U08_00045,ORD00005063,2025-09-03,已完成,410.72,搜索引擎,美妆,233.23,15,0.0,
U08_00045,ORD00005064,2025-11-23,已完成,160.56,微信,食品,67.9,0,0.0,
U08_00045,ORD00005065,2025-12-31,已支付,98.76,其他,食品,67.88,5,52.21,2026-02-06
U08_00045,ORD00005066,2026-03-19,已支付,401.29,微信,美妆,187.26,10,218.98,2026-04-02
U08_00046,ORD00005067,2025-09-27,已支付,135.32,搜索引擎,美妆,55.5,5,0.0,
U08_00046,ORD00005068,2025-10-09,已支付,235.45,搜索引擎,服饰,126.59,0,0.0,
U08_00046,ORD00005069,2025-11-07,已支付,486.99,小红书,服饰,210.22,15,0.0,
U08_00046,ORD00005070,2025-12-10,已完成,236.2,搜索引擎,家居,97.83,0,0.0,
U08_00046,ORD00005071,2026-03-20,已完成,360.07,小红书,食品,149.97,10,0.0,
U08_00047,ORD00005072,2025-09-23,已支付,402.12,抖音,服饰,206.84,0,306.95,2025-10-24
U08_00047,ORD00005073,2025-12-16,已完成,78.06,小红书,数码,31.71,0,0.0,
U08_00047,ORD00005074,2026-01-13,已完成,301.82,微信,美妆,140.48,10,0.0,
U08_00047,ORD00005075,2026-02-27,已完成,84.49,搜索引擎,家居,56.97,10,0.0,
U08_00048,ORD00005076,2025-09-19,已完成,100.36,其他,家居,63.72,15,0.0,
U08_00048,ORD00005077,2025-11-04,已完成,176.73,小红书,数码,86.86,0,0.0,
U08_00049,ORD00005078,2025-09-05,已支付,460.45,搜索引擎,美妆,310.86,10,0.0,
U08_00049,ORD00005079,2025-10-03,已完成,454.21,微信,食品,247.73,5,0.0,
U08_00049,ORD00005080,2026-01-06,已支付,367.75,抖音,家居,248.99,5,0.0,
U08_00050,ORD00005081,2025-09-27,已完成,409.77,搜索引擎,食品,242.16,0,0.0,
U08_00050,ORD00005082,2025-11-29,已支付,126.78,小红书,服饰,56.1,10,0.0,
U08_00050,ORD00005083,2026-01-04,已支付,346.76,搜索引擎,服饰,204.17,10,0.0,
U08_00051,ORD00005084,2025-09-05,已支付,51.07,小红书,家居,20.68,0,0.0,
U08_00051,ORD00005085,2025-10-08,已完成,97.64,搜索引擎,食品,54.41,15,0.0,
U08_00051,ORD00005086,2025-12-24,已支付,270.14,抖音,美妆,108.94,5,0.0,
U08_00052,ORD00005087,2025-09-23,已完成,310.37,搜索引擎,数码,160.15,15,0.0,
U08_00052,ORD00005088,2025-10-06,已支付,476.29,微信,家居,291.83,15,0.0,
U08_00052,ORD00005089,2026-03-14,已完成,184.01,微信,家居,128.68,10,0.0,
U08_00053,ORD00005090,2025-09-24,已完成,187.11,抖音,数码,97.69,15,0.0,
U08_00054,ORD00005091,2025-09-07,已完成,336.03,小红书,数码,152.0,15,0.0,
U08_00055,ORD00005092,2025-09-16,已完成,437.56,微信,食品,275.9,10,0.0,
U08_00055,ORD00005093,2025-11-24,已完成,63.53,小红书,服饰,25.94,0,0.0,
U08_00056,ORD00005094,2025-09-30,已完成,140.56,小红书,数码,97.97,5,0.0,
U08_00056,ORD00005095,2025-12-13,已支付,237.76,其他,服饰,152.81,5,0.0,
U08_00057,ORD00005096,2025-09-29,已支付,335.48,其他,家居,201.07,5,201.6,2025-11-18
U08_00057,ORD00005097,2026-01-12,已完成,352.4,微信,美妆,191.9,0,0.0,
U08_00057,ORD00005098,2026-02-24,已完成,397.42,小红书,美妆,171.84,15,0.0,
U08_00058,ORD00005099,2025-09-06,已完成,296.97,搜索引擎,食品,128.87,10,263.68,2025-10-10
U08_00058,ORD00005100,2025-10-20,已完成,251.82,搜索引擎,家居,148.9,0,0.0,
U08_00058,ORD00005101,2025-12-26,已支付,216.79,抖音,美妆,89.22,10,171.07,2026-01-21
U08_00058,ORD00005102,2026-02-05,已支付,256.74,搜索引擎,食品,120.05,0,0.0,
U08_00059,ORD00005103,2025-09-15,已完成,339.46,其他,数码,199.79,10,0.0,
U08_00059,ORD00005104,2025-10-06,已支付,442.1,小红书,美妆,284.25,15,275.54,2025-12-02
U08_00059,ORD00005105,2025-11-11,已完成,152.91,微信,美妆,88.54,15,0.0,
U08_00059,ORD00005106,2026-01-24,已完成,452.83,搜索引擎,食品,199.34,5,0.0,
U08_00060,ORD00005107,2025-09-07,已支付,277.8,抖音,服饰,127.94,10,0.0,
U08_00060,ORD00005108,2025-11-18,已完成,376.82,微信,家居,244.91,10,0.0,
U08_00061,ORD00005109,2025-09-29,已完成,201.22,小红书,食品,128.57,10,0.0,
U08_00061,ORD00005110,2026-02-26,已完成,179.48,微信,数码,90.36,10,0.0,
U08_00061,ORD00005111,2026-03-10,已完成,336.28,搜索引擎,服饰,196.16,0,0.0,
U08_00062,ORD00005112,2025-09-26,已支付,175.89,微信,服饰,81.37,0,0.0,
U08_00062,ORD00005113,2025-12-24,已完成,244.0,其他,食品,110.54,5,0.0,
U08_00062,ORD00005114,2026-03-24,已支付,352.25,微信,数码,235.46,10,0.0,
U08_00063,ORD00005115,2025-09-28,已完成,346.45,小红书,服饰,228.62,10,0.0,
U08_00063,ORD00005116,2025-12-27,已支付,211.46,搜索引擎,美妆,104.34,10,0.0,
U08_00063,ORD00005117,2026-03-15,已完成,207.97,其他,数码,113.79,5,0.0,
U08_00064,ORD00005118,2025-09-29,已完成,182.29,微信,美妆,103.71,5,0.0,
U08_00064,ORD00005119,2025-11-18,已完成,272.96,抖音,数码,154.03,0,0.0,
U08_00065,ORD00005120,2025-09-17,已完成,356.39,微信,家居,151.52,0,0.0,
U08_00065,ORD00005121,2025-11-14,已支付,121.57,搜索引擎,食品,81.77,5,0.0,
U08_00066,ORD00005122,2025-09-01,已完成,339.85,其他,服饰,198.78,10,0.0,
U08_00066,ORD00005123,2025-10-23,已完成,262.45,搜索引擎,服饰,131.0,10,0.0,
U08_00066,ORD00005124,2025-11-19,已完成,247.81,搜索引擎,服饰,169.3,10,0.0,
U08_00066,ORD00005125,2025-12-30,已完成,338.74,搜索引擎,家居,236.79,10,0.0,
U08_00067,ORD00005126,2025-09-27,已完成,307.34,微信,服饰,141.88,0,0.0,
U08_00067,ORD00005127,2025-11-01,已完成,126.57,其他,美妆,79.05,5,0.0,
U08_00068,ORD00005128,2025-09-14,已支付,162.42,抖音,家居,76.22,10,0.0,
U08_00068,ORD00005129,2025-10-20,已完成,346.63,抖音,数码,183.11,10,0.0,
U08_00068,ORD00005130,2025-11-15,已支付,380.6,搜索引擎,美妆,179.69,10,0.0,
U08_00069,ORD00005131,2025-09-30,已支付,441.39,微信,食品,180.48,15,0.0,
U08_00070,ORD00005132,2025-09-10,已完成,454.41,其他,数码,293.8,10,282.75,2025-11-07
U08_00070,ORD00005133,2025-10-12,已支付,149.76,搜索引擎,数码,95.18,5,109.08,2025-11-13
U08_00071,ORD00005134,2025-09-02,已完成,134.08,搜索引擎,服饰,90.09,10,0.0,
U08_00071,ORD00005135,2025-10-13,已支付,309.01,微信,数码,186.07,0,0.0,
U08_00072,ORD00005136,2025-09-24,已完成,144.13,微信,美妆,74.32,10,0.0,
U08_00072,ORD00005137,2025-10-06,已完成,352.62,其他,服饰,142.53,10,0.0,
U08_00072,ORD00005138,2025-12-19,已完成,404.41,抖音,家居,208.81,0,0.0,
U08_00072,ORD00005139,2026-01-29,已支付,281.14,其他,美妆,121.37,5,0.0,
U08_00073,ORD00005140,2025-09-21,已支付,115.29,其他,家居,48.93,0,0.0,
U08_00073,ORD00005141,2026-03-14,已完成,199.61,搜索引擎,食品,85.67,10,0.0,
U08_00074,ORD00005142,2025-09-24,已完成,53.58,搜索引擎,食品,29.65,10,0.0,
U08_00074,ORD00005143,2025-10-05,已完成,187.8,其他,家居,119.22,10,0.0,
U08_00075,ORD00005144,2025-09-26,已完成,387.26,抖音,数码,211.54,15,312.57,2025-11-04
U08_00075,ORD00005145,2025-12-11,已支付,111.93,搜索引擎,数码,77.39,15,0.0,
U08_00076,ORD00005146,2025-09-14,已完成,346.66,微信,服饰,145.18,10,0.0,
U08_00076,ORD00005147,2025-12-07,已完成,318.26,微信,食品,170.82,15,0.0,
U08_00076,ORD00005148,2026-01-06,已完成,290.75,抖音,数码,192.05,5,0.0,
U08_00076,ORD00005149,2026-02-07,已完成,177.46,其他,服饰,71.64,15,0.0,
U08_00077,ORD00005150,2025-09-15,已完成,196.59,微信,食品,96.42,10,0.0,
U08_00077,ORD00005151,2025-11-28,已支付,449.98,其他,数码,314.18,5,0.0,
U08_00077,ORD00005152,2025-12-11,已完成,457.47,微信,美妆,253.0,15,0.0,
U08_00077,ORD00005153,2026-03-03,已完成,143.6,抖音,家居,90.36,15,0.0,
U08_00078,ORD00005154,2025-09-14,已完成,195.45,小红书,家居,102.7,10,0.0,
U08_00078,ORD00005155,2025-10-16,已完成,448.06,小红书,食品,189.74,10,0.0,
U08_00079,ORD00005156,2025-09-09,已完成,438.76,搜索引擎,数码,186.99,15,0.0,
U08_00080,ORD00005157,2025-09-06,已完成,477.16,抖音,数码,301.56,15,0.0,
U08_00080,ORD00005158,2025-10-13,已完成,248.27,微信,美妆,149.96,15,215.42,2025-12-05
U08_00080,ORD00005159,2025-12-16,已支付,455.9,小红书,美妆,284.85,0,0.0,
U08_00080,ORD00005160,2026-01-30,已完成,461.56,其他,数码,189.49,5,0.0,
U08_00081,ORD00005161,2025-09-16,已完成,139.14,小红书,美妆,86.12,5,0.0,
U08_00081,ORD00005162,2026-02-17,已完成,469.44,其他,服饰,254.66,10,0.0,
U08_00082,ORD00005163,2025-09-10,已支付,207.35,微信,服饰,114.08,15,0.0,
U08_00082,ORD00005164,2025-11-28,已完成,319.46,搜索引擎,美妆,171.69,10,0.0,
U08_00083,ORD00005165,2025-09-06,已完成,409.96,抖音,美妆,242.53,10,0.0,
U08_00084,ORD00005166,2025-09-22,已完成,282.54,其他,家居,146.73,10,0.0,
U08_00084,ORD00005167,2025-10-01,已完成,59.39,抖音,数码,27.09,15,0.0,
U08_00084,ORD00005168,2026-02-25,已完成,125.78,抖音,数码,78.02,15,0.0,
U08_00084,ORD00005169,2026-03-19,已完成,177.0,小红书,家居,90.64,15,0.0,
U08_00085,ORD00005170,2025-09-23,已支付,81.79,其他,数码,33.46,10,0.0,
U08_00085,ORD00005171,2025-11-25,已支付,192.8,搜索引擎,服饰,107.28,15,163.37,2026-01-10
U08_00085,ORD00005172,2026-02-21,已支付,473.02,微信,服饰,217.04,10,0.0,
U08_00086,ORD00005173,2025-09-24,已支付,152.01,小红书,家居,99.6,10,0.0,
U08_00086,ORD00005174,2025-11-27,已支付,425.72,微信,数码,243.9,10,0.0,
U08_00086,ORD00005175,2025-12-28,已完成,493.15,其他,美妆,204.73,10,0.0,
U08_00086,ORD00005176,2026-02-06,已完成,175.85,小红书,服饰,121.88,15,0.0,
U08_00086,ORD00005177,2026-03-08,已完成,409.2,小红书,食品,252.42,5,0.0,
U08_00087,ORD00005178,2025-09-05,已完成,190.09,其他,家居,92.71,15,0.0,
U08_00088,ORD00005179,2025-09-28,已支付,467.18,小红书,家居,301.04,10,0.0,
U08_00088,ORD00005180,2025-10-04,已支付,272.76,小红书,美妆,149.67,10,0.0,
U08_00089,ORD00005181,2025-09-16,已完成,357.74,小红书,食品,188.37,0,0.0,
U08_00089,ORD00005182,2025-12-13,已支付,417.41,微信,美妆,244.89,15,0.0,
U08_00090,ORD00005183,2025-09-16,已支付,73.18,搜索引擎,家居,38.58,10,0.0,
U08_00090,ORD00005184,2025-12-17,已完成,217.42,搜索引擎,美妆,135.94,15,0.0,
U08_00091,ORD00005185,2025-09-23,已完成,345.08,搜索引擎,服饰,200.67,0,321.38,2025-11-03
U08_00091,ORD00005186,2025-11-06,已完成,341.01,微信,食品,195.48,15,0.0,
U08_00092,ORD00005187,2025-09-23,已完成,486.21,其他,美妆,226.49,10,0.0,
U08_00092,ORD00005188,2025-11-29,已支付,478.16,其他,美妆,310.83,10,0.0,
U08_00093,ORD00005189,2025-09-10,已支付,320.47,小红书,数码,177.34,10,275.88,2025-09-29
U08_00093,ORD00005190,2025-10-18,已完成,436.54,小红书,服饰,227.35,15,0.0,
U08_00094,ORD00005191,2025-09-11,已完成,267.85,小红书,美妆,162.88,15,0.0,
U08_00094,ORD00005192,2025-10-31,已完成,238.35,小红书,数码,110.01,10,0.0,
U08_00094,ORD00005193,2026-01-03,已完成,112.16,微信,美妆,59.05,10,0.0,
U08_00095,ORD00005194,2025-09-24,已完成,341.09,其他,数码,181.82,0,0.0,
U08_00095,ORD00005195,2025-11-26,已完成,345.96,小红书,家居,189.38,15,0.0,
U08_00095,ORD00005196,2026-03-02,已支付,115.02,搜索引擎,食品,56.92,10,0.0,
U08_00096,ORD00005197,2025-09-15,已完成,344.86,其他,服饰,162.7,10,0.0,
U08_00096,ORD00005198,2026-01-26,已完成,325.77,小红书,家居,150.15,10,0.0,
U08_00097,ORD00005199,2025-09-18,已支付,373.87,小红书,食品,194.25,10,0.0,
U08_00097,ORD00005200,2025-11-28,已完成,373.96,微信,数码,258.04,0,0.0,
U08_00097,ORD00005201,2025-12-02,已支付,271.02,其他,数码,175.72,10,0.0,
U08_00098,ORD00005202,2025-09-05,已完成,101.3,其他,食品,58.86,0,0.0,
U08_00098,ORD00005203,2025-11-07,已支付,468.3,其他,食品,317.86,5,326.55,2025-11-26
U08_00098,ORD00005204,2026-01-22,已完成,334.03,搜索引擎,服饰,152.16,0,0.0,
U08_00099,ORD00005205,2025-09-25,已支付,292.23,小红书,家居,153.13,15,0.0,
U08_00099,ORD00005206,2025-11-20,已完成,70.43,搜索引擎,家居,41.95,15,0.0,
U08_00100,ORD00005207,2025-09-23,已完成,268.66,微信,数码,110.92,15,0.0,
U08_00100,ORD00005208,2025-10-08,已支付,158.73,搜索引擎,服饰,76.81,10,0.0,
U08_00101,ORD00005209,2025-09-27,已完成,233.99,其他,食品,121.22,5,144.87,2025-10-30
U08_00101,ORD00005210,2025-11-15,已完成,231.33,搜索引擎,数码,106.68,10,0.0,
U08_00101,ORD00005211,2026-02-15,已完成,112.94,其他,食品,76.64,10,0.0,
U08_00102,ORD00005212,2025-09-01,已支付,62.16,搜索引擎,服饰,36.46,10,0.0,
U08_00103,ORD00005213,2025-09-11,已完成,360.54,其他,美妆,244.78,0,0.0,
U08_00104,ORD00005214,2025-09-10,已完成,478.09,其他,家居,237.36,15,0.0,
U08_00105,ORD00005215,2025-09-05,已完成,122.32,抖音,食品,74.53,10,0.0,
U08_00105,ORD00005216,2025-10-02,已完成,54.72,微信,美妆,30.04,5,0.0,
U08_00106,ORD00005217,2025-09-29,已支付,361.79,抖音,食品,220.02,5,0.0,
U08_00106,ORD00005218,2025-10-28,已完成,299.34,搜索引擎,家居,178.03,0,0.0,
U08_00106,ORD00005219,2025-11-25,已完成,480.46,抖音,美妆,197.59,10,0.0,
U08_00107,ORD00005220,2025-09-12,已完成,288.38,其他,数码,195.58,10,0.0,
U08_00107,ORD00005221,2025-11-12,已完成,474.74,小红书,美妆,238.14,5,0.0,
U08_00108,ORD00005222,2025-09-07,已完成,329.86,抖音,服饰,208.5,10,0.0,
U08_00108,ORD00005223,2025-11-02,已支付,157.31,微信,家居,66.66,15,0.0,
U08_00109,ORD00005224,2025-09-20,已完成,216.2,搜索引擎,美妆,90.71,15,0.0,
U08_00109,ORD00005225,2025-10-05,已支付,283.5,其他,美妆,154.62,0,259.04,2025-10-16
U08_00109,ORD00005226,2026-03-09,已支付,191.29,其他,家居,107.8,10,0.0,
U08_00110,ORD00005227,2025-09-13,已完成,110.73,小红书,家居,63.44,5,0.0,
U08_00110,ORD00005228,2025-10-03,已完成,276.11,其他,数码,114.36,15,0.0,
U08_00110,ORD00005229,2025-12-14,已完成,74.02,其他,家居,45.19,10,0.0,
U08_00110,ORD00005230,2026-03-09,已支付,172.55,搜索引擎,食品,69.82,5,0.0,
U08_00111,ORD00005231,2025-09-15,已支付,81.22,抖音,食品,51.27,15,0.0,
U08_00111,ORD00005232,2025-12-13,已完成,221.25,搜索引擎,美妆,103.44,0,0.0,
U08_00112,ORD00005233,2025-09-04,已支付,212.32,小红书,食品,139.65,5,148.06,2025-10-07
U08_00112,ORD00005234,2025-12-27,已完成,212.04,其他,食品,147.44,10,0.0,
U08_00113,ORD00005235,2025-09-29,已支付,308.52,小红书,家居,199.87,15,247.1,2025-11-09
U08_00113,ORD00005236,2025-10-15,已完成,118.38,小红书,食品,67.49,10,0.0,
U08_00113,ORD00005237,2025-11-26,已完成,395.14,其他,美妆,225.21,15,287.58,2026-01-25
U08_00113,ORD00005238,2025-12-03,已完成,459.18,微信,数码,289.64,10,0.0,
U08_00113,ORD00005239,2026-01-27,已支付,334.56,搜索引擎,数码,138.76,15,0.0,
U08_00114,ORD00005240,2025-09-30,已完成,298.5,其他,家居,189.5,5,0.0,
U08_00114,ORD00005241,2025-12-16,已完成,290.31,微信,服饰,183.03,0,0.0,
U08_00114,ORD00005242,2026-01-29,已完成,131.3,搜索引擎,食品,69.97,5,0.0,
U08_00115,ORD00005243,2025-09-14,已支付,392.19,抖音,美妆,160.88,10,266.75,2025-10-29
U08_00116,ORD00005244,2025-09-27,已完成,217.61,微信,数码,145.31,0,0.0,
U08_00116,ORD00005245,2026-02-21,已支付,72.2,微信,家居,39.3,10,0.0,
U08_00117,ORD00005246,2025-09-26,已完成,176.92,微信,美妆,98.93,10,0.0,
U08_00117,ORD00005247,2025-10-14,已完成,91.7,微信,美妆,53.09,10,0.0,
U08_00117,ORD00005248,2025-11-28,已完成,426.0,搜索引擎,服饰,287.81,15,0.0,
U08_00118,ORD00005249,2025-09-08,已完成,399.77,搜索引擎,服饰,235.92,15,0.0,
U08_00118,ORD00005250,2025-10-20,已完成,450.25,小红书,食品,263.61,0,0.0,
U08_00118,ORD00005251,2025-12-29,已完成,410.95,小红书,服饰,176.99,15,0.0,
U08_00119,ORD00005252,2025-09-04,已完成,286.92,小红书,家居,148.52,10,0.0,
U08_00119,ORD00005253,2025-10-23,已完成,200.82,小红书,美妆,136.99,10,0.0,
U08_00119,ORD00005254,2025-11-07,已完成,84.75,抖音,美妆,58.78,10,0.0,
U08_00119,ORD00005255,2026-01-17,已完成,180.29,其他,数码,82.27,10,0.0,
U08_00120,ORD00005256,2025-09-20,已完成,450.0,抖音,家居,280.87,15,0.0,
U08_00121,ORD00005257,2025-09-17,已支付,495.12,小红书,美妆,336.63,10,0.0,
U08_00121,ORD00005258,2025-11-22,已完成,356.36,微信,服饰,175.09,10,0.0,
U08_00121,ORD00005259,2026-01-16,已支付,118.17,搜索引擎,食品,69.55,0,0.0,
U08_00122,ORD00005260,2025-09-26,已完成,431.87,微信,食品,222.61,10,0.0,
U08_00122,ORD00005261,2025-10-17,已完成,66.91,抖音,家居,33.11,10,0.0,
U08_00122,ORD00005262,2026-02-14,已完成,156.6,搜索引擎,美妆,88.35,0,0.0,
U08_00122,ORD00005263,2026-03-27,已完成,342.54,微信,食品,176.13,10,0.0,
U08_00123,ORD00005264,2025-09-08,已完成,271.51,抖音,食品,186.83,5,0.0,
U08_00123,ORD00005265,2025-10-14,已完成,473.35,微信,服饰,204.84,10,0.0,
U08_00123,ORD00005266,2026-02-20,已支付,89.88,抖音,美妆,43.15,15,0.0,
U08_00124,ORD00005267,2025-09-19,已完成,218.45,抖音,食品,129.48,10,0.0,
U08_00124,ORD00005268,2025-10-19,已支付,435.72,小红书,家居,259.45,10,0.0,
U08_00124,ORD00005269,2025-11-18,已支付,66.33,搜索引擎,服饰,43.89,5,0.0,
U08_00125,ORD00005270,2025-09-17,已完成,283.36,其他,数码,119.17,10,0.0,
U08_00125,ORD00005271,2026-01-20,已完成,321.86,搜索引擎,食品,172.74,0,0.0,
U08_00125,ORD00005272,2026-02-01,已完成,348.35,微信,美妆,178.81,0,0.0,
U08_00126,ORD00005273,2025-09-17,已完成,87.64,抖音,美妆,48.55,5,0.0,
U08_00126,ORD00005274,2026-01-15,已完成,132.5,搜索引擎,家居,61.22,15,0.0,
U08_00126,ORD00005275,2026-02-27,已完成,143.39,微信,家居,96.79,15,104.98,2026-03-31
U08_00127,ORD00005276,2025-09-27,已完成,113.38,其他,数码,59.58,10,101.69,2025-11-24
U08_00127,ORD00005277,2025-10-07,已完成,482.62,微信,美妆,274.61,5,0.0,
U08_00128,ORD00005278,2025-09-21,已支付,220.93,其他,家居,92.48,0,0.0,
U08_00128,ORD00005279,2025-10-09,已完成,447.12,小红书,美妆,272.83,0,0.0,
U08_00128,ORD00005280,2025-12-03,已完成,323.6,微信,服饰,212.41,5,0.0,
U08_00128,ORD00005281,2026-01-21,已完成,490.12,小红书,服饰,219.04,10,346.21,2026-03-06
U08_00129,ORD00005282,2025-09-06,已完成,125.26,搜索引擎,家居,69.67,5,0.0,
U08_00129,ORD00005283,2025-10-21,已完成,318.61,其他,家居,215.74,10,0.0,
U08_00129,ORD00005284,2025-11-21,已完成,267.16,其他,食品,176.37,10,0.0,
U08_00129,ORD00005285,2026-03-28,已支付,399.63,微信,服饰,221.37,10,0.0,
U08_00130,ORD00005286,2025-09-07,已完成,242.67,抖音,数码,126.76,10,121.73,2025-09-27
U08_00130,ORD00005287,2025-10-03,已完成,160.42,微信,数码,95.16,10,0.0,
U08_00130,ORD00005288,2025-12-03,已完成,185.59,微信,食品,115.28,5,0.0,
U08_00131,ORD00005289,2025-09-21,已完成,153.98,其他,数码,81.22,10,0.0,
U08_00131,ORD00005290,2025-10-10,已完成,146.81,小红书,食品,86.17,5,0.0,
U08_00131,ORD00005291,2025-11-03,已完成,270.58,搜索引擎,美妆,163.45,10,0.0,
U08_00132,ORD00005292,2025-09-23,已完成,380.69,抖音,食品,169.59,10,0.0,
U08_00132,ORD00005293,2025-10-29,已完成,97.43,小红书,美妆,54.92,0,0.0,
U08_00132,ORD00005294,2026-01-11,已完成,482.53,其他,家居,208.44,0,0.0,
U08_00132,ORD00005295,2026-02-18,已完成,209.79,小红书,服饰,100.24,10,0.0,
U08_00133,ORD00005296,2025-09-14,已完成,384.72,微信,食品,240.05,0,0.0,
U08_00133,ORD00005297,2025-11-02,已完成,170.0,搜索引擎,家居,74.36,10,0.0,
U08_00133,ORD00005298,2026-02-27,已支付,482.0,抖音,数码,290.98,10,0.0,
U08_00134,ORD00005299,2025-09-06,已完成,138.06,微信,食品,62.47,15,0.0,
U08_00134,ORD00005300,2025-12-23,已完成,224.1,抖音,食品,139.13,5,0.0,
U08_00135,ORD00005301,2025-09-18,已完成,95.09,搜索引擎,家居,46.4,10,0.0,
U08_00135,ORD00005302,2026-01-06,已完成,445.48,其他,数码,222.26,10,359.05,2026-02-24
U08_00136,ORD00005303,2025-09-03,已支付,319.87,其他,服饰,163.75,15,0.0,
U08_00137,ORD00005304,2025-09-19,已完成,499.19,其他,服饰,218.15,10,0.0,
U08_00137,ORD00005305,2025-10-08,已完成,483.45,小红书,食品,205.49,0,323.15,2025-11-18
U08_00138,ORD00005306,2025-09-30,已完成,253.89,搜索引擎,美妆,126.94,5,0.0,
U08_00139,ORD00005307,2025-09-30,已完成,289.87,抖音,美妆,186.69,10,0.0,
U08_00139,ORD00005308,2025-11-22,已完成,362.32,其他,食品,183.46,0,0.0,
U08_00139,ORD00005309,2025-12-20,已支付,470.69,小红书,美妆,291.93,10,318.58,2026-01-30
U08_00139,ORD00005310,2026-01-02,已完成,469.51,微信,家居,283.63,5,0.0,
U08_00140,ORD00005311,2025-09-19,已完成,393.5,其他,数码,222.09,10,0.0,
U08_00140,ORD00005312,2025-11-09,已支付,455.73,微信,食品,208.04,10,0.0,
U08_00140,ORD00005313,2025-12-12,已完成,368.24,抖音,服饰,253.93,10,0.0,
U08_00140,ORD00005314,2026-02-20,已支付,452.92,微信,美妆,195.77,0,0.0,
U08_00141,ORD00005315,2025-09-24,已完成,377.99,微信,美妆,245.12,10,0.0,
U08_00141,ORD00005316,2025-10-04,已支付,181.31,微信,美妆,92.01,0,0.0,
U08_00141,ORD00005317,2026-03-20,已完成,359.62,抖音,数码,241.9,15,0.0,
U08_00142,ORD00005318,2025-09-14,已支付,186.44,小红书,家居,82.16,10,0.0,
U08_00142,ORD00005319,2025-10-11,已完成,145.35,微信,数码,98.61,15,0.0,
U08_00142,ORD00005320,2025-12-10,已支付,368.53,小红书,家居,177.98,10,0.0,
U08_00143,ORD00005321,2025-09-21,已完成,201.84,其他,数码,118.63,15,110.8,2025-11-11
U08_00143,ORD00005322,2025-11-10,已完成,402.51,微信,数码,253.89,15,0.0,
U08_00143,ORD00005323,2026-03-20,已支付,392.83,搜索引擎,数码,212.29,0,0.0,
U08_00144,ORD00005324,2025-09-30,已支付,95.68,抖音,美妆,62.11,10,0.0,
U08_00144,ORD00005325,2025-11-15,已完成,74.69,小红书,服饰,44.9,10,0.0,
U08_00144,ORD00005326,2025-12-13,已完成,73.14,搜索引擎,食品,48.96,5,0.0,
U08_00144,ORD00005327,2026-01-12,已完成,139.24,抖音,食品,59.31,5,0.0,
U08_00144,ORD00005328,2026-03-30,已支付,440.91,搜索引擎,食品,220.9,15,0.0,
U08_00145,ORD00005329,2025-09-09,已完成,462.29,抖音,食品,194.23,5,326.97,2025-10-03
U08_00145,ORD00005330,2026-02-14,已完成,345.2,小红书,美妆,158.53,10,0.0,
U08_00146,ORD00005331,2025-09-01,已支付,498.56,其他,美妆,295.45,10,0.0,
U08_00146,ORD00005332,2025-10-13,已完成,338.27,搜索引擎,美妆,155.2,15,0.0,
U08_00146,ORD00005333,2025-11-29,已支付,458.13,微信,食品,210.16,0,0.0,
U08_00146,ORD00005334,2026-02-11,已支付,359.12,微信,数码,233.15,10,0.0,
U08_00147,ORD00005335,2025-09-25,已支付,325.55,搜索引擎,食品,150.9,10,0.0,
U08_00147,ORD00005336,2026-01-06,已支付,103.68,搜索引擎,食品,60.37,0,74.3,2026-01-21
U08_00147,ORD00005337,2026-02-23,已完成,475.37,微信,美妆,295.41,0,0.0,
U08_00148,ORD00005338,2025-09-15,已完成,276.37,抖音,美妆,111.24,15,0.0,
U08_00148,ORD00005339,2025-10-21,已支付,59.42,抖音,食品,27.15,10,0.0,
U08_00148,ORD00005340,2025-11-12,已完成,106.42,搜索引擎,食品,72.85,15,0.0,
U08_00148,ORD00005341,2026-02-28,已完成,232.8,小红书,服饰,159.23,10,0.0,
U08_00149,ORD00005342,2025-09-25,已支付,266.48,微信,服饰,183.04,15,0.0,
U08_00149,ORD00005343,2025-11-20,已完成,281.22,小红书,数码,172.33,0,0.0,
U08_00150,ORD00005344,2025-09-18,已完成,477.14,小红书,服饰,307.06,15,0.0,
U08_00151,ORD00005345,2025-09-28,已完成,293.03,搜索引擎,美妆,127.73,15,0.0,
U08_00152,ORD00005346,2025-09-13,已完成,63.16,其他,服饰,33.2,5,0.0,
U08_00152,ORD00005347,2025-11-25,已完成,88.08,抖音,食品,35.52,15,0.0,
U08_00152,ORD00005348,2026-01-24,已支付,201.81,抖音,家居,138.2,10,0.0,
U08_00152,ORD00005349,2026-03-19,已完成,56.72,搜索引擎,美妆,23.62,5,29.76,2026-04-28
U08_00153,ORD00005350,2025-09-07,已完成,61.03,其他,食品,39.85,5,0.0,
U08_00153,ORD00005351,2026-02-21,已完成,119.33,小红书,数码,81.83,15,71.88,2026-03-26
U08_00154,ORD00005352,2025-09-05,已支付,150.16,微信,美妆,86.03,10,0.0,
U08_00154,ORD00005353,2025-10-08,已完成,331.91,搜索引擎,数码,231.53,10,0.0,
U08_00155,ORD00005354,2025-09-15,已完成,473.98,抖音,家居,306.42,5,0.0,
U08_00155,ORD00005355,2025-10-19,已完成,396.67,抖音,食品,255.04,15,0.0,
U08_00155,ORD00005356,2025-11-17,已完成,219.56,搜索引擎,数码,118.09,5,0.0,
U08_00155,ORD00005357,2026-01-22,已支付,354.31,其他,美妆,231.47,10,0.0,
U08_00155,ORD00005358,2026-03-06,已完成,429.33,抖音,美妆,237.93,0,0.0,
U08_00156,ORD00005359,2025-09-08,已完成,464.94,抖音,家居,216.45,0,0.0,
U08_00156,ORD00005360,2025-10-03,已完成,365.34,小红书,数码,215.51,10,244.34,2025-10-13
U08_00156,ORD00005361,2026-03-10,已完成,177.29,抖音,家居,115.96,5,0.0,
U08_00157,ORD00005362,2025-09-18,已支付,449.08,其他,食品,309.61,5,0.0,
U08_00157,ORD00005363,2025-12-26,已完成,234.21,搜索引擎,数码,141.05,10,0.0,
U08_00157,ORD00005364,2026-01-24,已支付,286.8,搜索引擎,数码,143.15,0,0.0,
U08_00158,ORD00005365,2025-09-01,已支付,490.52,微信,美妆,304.54,15,361.96,2025-09-21
U08_00158,ORD00005366,2025-10-28,已支付,378.22,微信,数码,219.48,0,0.0,
U08_00158,ORD00005367,2026-02-14,已完成,155.42,搜索引擎,食品,85.16,0,0.0,
U08_00159,ORD00005368,2025-09-14,已完成,234.74,小红书,数码,129.14,15,0.0,
U08_00159,ORD00005369,2025-12-02,已完成,449.31,其他,食品,291.88,0,0.0,
U08_00160,ORD00005370,2025-09-30,已完成,104.33,搜索引擎,美妆,71.3,0,0.0,
U08_00161,ORD00005371,2025-09-06,已完成,279.61,其他,美妆,113.08,10,0.0,
U08_00161,ORD00005372,2025-11-08,已完成,415.46,抖音,数码,215.93,15,0.0,
U08_00162,ORD00005373,2025-09-18,已支付,300.2,搜索引擎,美妆,198.51,10,0.0,
U08_00162,ORD00005374,2025-11-18,已支付,153.3,抖音,食品,84.25,15,0.0,
U08_00162,ORD00005375,2025-12-27,已完成,393.29,抖音,家居,241.86,15,392.87,2026-01-16
U08_00163,ORD00005376,2025-09-23,已支付,184.13,抖音,食品,101.89,10,0.0,
U08_00163,ORD00005377,2025-10-25,已支付,183.0,其他,食品,94.16,15,0.0,
U08_00163,ORD00005378,2025-11-14,已完成,149.48,抖音,家居,85.79,0,0.0,
U08_00164,ORD00005379,2025-09-01,已完成,77.53,抖音,数码,33.43,10,0.0,
U08_00164,ORD00005380,2025-10-15,已完成,399.23,抖音,服饰,262.56,0,0.0,
U08_00164,ORD00005381,2025-11-22,已完成,375.5,微信,家居,212.87,10,0.0,
U08_00164,ORD00005382,2025-12-21,已完成,488.24,小红书,家居,331.68,10,0.0,
U08_00164,ORD00005383,2026-03-04,已完成,290.55,小红书,食品,166.26,10,0.0,
U08_00165,ORD00005384,2025-09-09,已完成,75.09,搜索引擎,服饰,38.37,5,0.0,
U08_00165,ORD00005385,2026-01-31,已完成,231.68,搜索引擎,美妆,94.45,10,0.0,
U08_00166,ORD00005386,2025-09-30,已完成,182.55,抖音,家居,79.02,5,131.33,2025-11-23
U08_00167,ORD00005387,2025-09-04,已支付,363.9,小红书,食品,232.22,10,0.0,
U08_00167,ORD00005388,2025-10-24,已完成,465.2,抖音,食品,277.52,10,0.0,
U08_00167,ORD00005389,2025-11-29,已完成,411.81,微信,服饰,267.47,10,0.0,
U08_00167,ORD00005390,2026-01-14,已完成,191.99,微信,服饰,99.24,15,0.0,
U08_00168,ORD00005391,2025-09-27,已完成,103.49,抖音,家居,42.61,15,0.0,
U08_00168,ORD00005392,2025-10-11,已完成,331.7,其他,服饰,209.11,5,0.0,
U08_00168,ORD00005393,2025-12-31,已完成,447.89,微信,服饰,203.67,10,0.0,
U08_00169,ORD00005394,2025-09-29,已支付,156.94,其他,食品,79.12,10,0.0,
U08_00170,ORD00005395,2025-09-24,已完成,480.33,微信,数码,300.47,10,0.0,
U08_00170,ORD00005396,2026-02-28,已支付,105.74,小红书,数码,64.18,0,0.0,
U08_00171,ORD00005397,2025-09-27,已完成,147.75,抖音,数码,84.15,10,0.0,
U08_00172,ORD00005398,2025-09-22,已完成,424.76,微信,服饰,183.42,10,0.0,
U08_00172,ORD00005399,2025-10-27,已支付,208.38,其他,美妆,117.63,0,0.0,
U08_00172,ORD00005400,2025-12-30,已完成,257.43,搜索引擎,数码,149.45,0,0.0,
U08_00173,ORD00005401,2025-09-30,已完成,100.14,微信,家居,63.04,10,0.0,
U08_00173,ORD00005402,2025-10-05,已完成,233.86,搜索引擎,数码,157.34,15,0.0,
U08_00174,ORD00005403,2025-09-11,已支付,133.35,微信,数码,69.78,10,0.0,
U08_00174,ORD00005404,2025-12-18,已支付,334.63,抖音,食品,180.25,10,190.45,2026-01-17
U08_00175,ORD00005405,2025-09-16,已完成,65.95,微信,食品,27.14,10,47.15,2025-10-12
U08_00175,ORD00005406,2025-10-27,已支付,290.42,搜索引擎,服饰,163.52,10,0.0,
U08_00175,ORD00005407,2026-01-08,已完成,449.22,其他,服饰,194.9,10,431.47,2026-03-04
U08_00175,ORD00005408,2026-02-06,已支付,59.88,其他,食品,28.28,10,0.0,
U08_00176,ORD00005409,2025-09-24,已完成,128.5,抖音,食品,76.99,0,0.0,
U08_00176,ORD00005410,2025-10-18,已完成,246.86,小红书,数码,152.63,10,0.0,
U08_00176,ORD00005411,2025-11-30,已完成,152.26,小红书,食品,63.07,10,0.0,
U08_00177,ORD00005412,2025-09-08,已支付,483.89,抖音,家居,219.49,0,0.0,
U08_00178,ORD00005413,2025-09-02,已支付,401.82,其他,美妆,217.66,0,0.0,
U08_00179,ORD00005414,2025-09-28,已完成,409.39,搜索引擎,服饰,277.6,10,208.62,2025-11-13
U08_00179,ORD00005415,2025-10-03,已完成,388.56,小红书,食品,180.53,10,0.0,
U08_00179,ORD00005416,2025-12-24,已完成,331.63,微信,服饰,136.0,10,0.0,
U08_00180,ORD00005417,2025-09-01,已完成,60.79,微信,美妆,25.32,10,0.0,
U08_00180,ORD00005418,2026-01-31,已完成,458.4,微信,服饰,283.35,5,0.0,
U08_00181,ORD00005419,2025-09-01,已支付,123.69,小红书,家居,66.21,10,0.0,
U08_00181,ORD00005420,2025-11-15,已支付,63.16,搜索引擎,美妆,39.37,15,0.0,
U08_00181,ORD00005421,2026-01-22,已支付,425.05,其他,数码,189.49,10,0.0,
U08_00181,ORD00005422,2026-02-21,已完成,259.48,搜索引擎,服饰,175.68,10,0.0,
U08_00182,ORD00005423,2025-09-13,已完成,224.59,微信,美妆,126.58,5,0.0,
U08_00182,ORD00005424,2025-10-10,已支付,120.29,其他,家居,71.56,10,0.0,
U08_00183,ORD00005425,2025-09-26,已支付,205.03,微信,服饰,102.85,15,0.0,
U08_00183,ORD00005426,2025-10-25,已完成,362.99,其他,数码,164.74,5,0.0,
U08_00183,ORD00005427,2025-12-21,已完成,327.62,搜索引擎,食品,186.04,10,0.0,
U08_00184,ORD00005428,2025-09-11,已支付,98.54,搜索引擎,数码,55.7,15,0.0,
U08_00184,ORD00005429,2025-11-18,已完成,456.03,搜索引擎,服饰,273.41,15,0.0,
U08_00184,ORD00005430,2026-02-01,已完成,136.97,搜索引擎,服饰,76.31,15,0.0,
U08_00185,ORD00005431,2025-09-02,已支付,443.7,搜索引擎,服饰,266.31,10,0.0,
U08_00185,ORD00005432,2025-12-01,已完成,198.73,其他,食品,121.4,10,0.0,
U08_00185,ORD00005433,2026-01-03,已完成,232.36,抖音,家居,111.2,15,0.0,
U08_00186,ORD00005434,2025-09-12,已完成,154.72,小红书,家居,68.04,10,0.0,
U08_00186,ORD00005435,2026-01-24,已完成,423.88,微信,美妆,224.25,10,0.0,
U08_00187,ORD00005436,2025-09-26,已完成,73.88,微信,家居,47.03,15,0.0,
U08_00187,ORD00005437,2025-11-29,已完成,416.67,搜索引擎,食品,208.52,5,236.19,2026-01-02
U08_00187,ORD00005438,2026-02-22,已支付,470.83,搜索引擎,数码,273.24,15,0.0,
U08_00187,ORD00005439,2026-03-18,已完成,157.32,搜索引擎,美妆,63.2,5,129.99,2026-04-29
U08_00188,ORD00005440,2025-09-02,已支付,76.94,其他,美妆,32.67,10,67.89,2025-10-16
U08_00188,ORD00005441,2025-10-22,已完成,191.77,搜索引擎,数码,125.82,10,0.0,
U08_00188,ORD00005442,2025-12-06,已完成,153.0,抖音,家居,89.03,5,0.0,
U08_00189,ORD00005443,2025-09-24,已完成,496.59,其他,家居,291.55,5,0.0,
U08_00189,ORD00005444,2026-02-19,已支付,491.22,微信,食品,263.27,10,0.0,
U08_00190,ORD00005445,2025-09-29,已完成,341.51,微信,服饰,184.37,5,0.0,
U08_00190,ORD00005446,2026-02-02,已支付,220.82,微信,服饰,149.94,0,0.0,
U08_00191,ORD00005447,2025-09-27,已完成,237.5,搜索引擎,食品,160.69,15,0.0,
U08_00191,ORD00005448,2026-01-09,已完成,170.56,小红书,家居,83.6,5,0.0,
U08_00192,ORD00005449,2025-09-02,已支付,310.65,小红书,家居,140.36,10,0.0,
U08_00192,ORD00005450,2025-11-03,已完成,114.46,抖音,数码,47.09,0,0.0,
U08_00192,ORD00005451,2026-01-13,已完成,279.33,搜索引擎,食品,114.42,10,0.0,
U08_00192,ORD00005452,2026-03-25,已完成,291.84,微信,美妆,196.06,15,0.0,
U08_00193,ORD00005453,2025-09-25,已完成,70.81,搜索引擎,数码,32.06,15,0.0,
U08_00193,ORD00005454,2026-01-15,已完成,479.81,微信,数码,318.69,10,254.75,2026-02-07
U08_00193,ORD00005455,2026-02-08,已完成,295.14,小红书,服饰,176.85,10,0.0,
U08_00194,ORD00005456,2025-09-16,已完成,156.25,其他,数码,97.52,10,111.16,2025-11-12
U08_00194,ORD00005457,2025-10-11,已完成,321.13,小红书,食品,187.49,10,0.0,
U08_00194,ORD00005458,2026-02-12,已完成,473.93,其他,数码,260.92,10,0.0,
U08_00194,ORD00005459,2026-03-18,已完成,103.77,抖音,服饰,44.97,10,0.0,
U08_00195,ORD00005460,2025-09-02,已完成,255.77,微信,食品,166.12,5,0.0,
U08_00195,ORD00005461,2026-02-08,已支付,427.84,搜索引擎,数码,219.12,15,0.0,
U08_00195,ORD00005462,2026-03-10,已支付,120.79,搜索引擎,数码,77.46,10,0.0,
U08_00196,ORD00005463,2025-09-09,已支付,484.88,小红书,美妆,270.8,10,0.0,
U08_00196,ORD00005464,2025-11-28,已支付,205.79,搜索引擎,数码,124.25,10,0.0,
U08_00196,ORD00005465,2026-03-06,已完成,270.89,微信,数码,114.12,5,0.0,
U08_00197,ORD00005466,2025-09-01,已完成,127.85,其他,家居,72.23,15,79.87,2025-10-07
U08_00197,ORD00005467,2026-03-21,已完成,331.25,抖音,家居,163.59,10,0.0,
U08_00198,ORD00005468,2025-09-22,已完成,333.77,搜索引擎,数码,160.25,5,0.0,
U08_00198,ORD00005469,2025-10-01,已支付,127.47,搜索引擎,美妆,85.01,0,0.0,
U08_00198,ORD00005470,2025-12-28,已完成,113.0,小红书,数码,49.53,0,0.0,
U08_00198,ORD00005471,2026-01-19,已完成,155.77,其他,家居,95.88,15,0.0,
U08_00199,ORD00005472,2025-09-28,已完成,251.14,微信,服饰,163.43,0,0.0,
U08_00199,ORD00005473,2025-10-26,已支付,259.6,抖音,美妆,131.29,10,0.0,
U08_00199,ORD00005474,2025-11-02,已支付,405.75,搜索引擎,家居,213.27,0,0.0,
U08_00200,ORD00005475,2025-09-06,已完成,259.18,抖音,数码,175.18,0,0.0,
U08_00200,ORD00005476,2025-10-05,已完成,359.92,搜索引擎,数码,241.12,10,0.0,
U08_00200,ORD00005477,2026-01-23,已完成,362.75,搜索引擎,家居,183.13,10,0.0,
U08_00201,ORD00005478,2025-09-11,已完成,244.07,搜索引擎,服饰,119.58,10,0.0,
U08_00201,ORD00005479,2026-03-06,已完成,371.43,抖音,美妆,182.56,0,0.0,
U08_00202,ORD00005480,2025-09-15,已完成,168.39,抖音,美妆,89.95,10,0.0,
U08_00202,ORD00005481,2025-10-26,已完成,130.23,其他,数码,89.55,5,0.0,
U08_00202,ORD00005482,2026-01-24,已完成,113.58,微信,美妆,79.39,5,0.0,
U08_00203,ORD00005483,2025-09-13,已完成,216.09,抖音,美妆,121.38,15,0.0,
U08_00203,ORD00005484,2025-10-01,已支付,449.23,搜索引擎,数码,260.35,0,0.0,
U08_00203,ORD00005485,2025-11-20,已完成,388.47,其他,家居,228.01,5,205.13,2025-12-25
U08_00204,ORD00005486,2025-09-08,已支付,88.79,微信,家居,44.04,10,45.23,2025-10-18
U08_00204,ORD00005487,2025-10-25,已完成,202.31,其他,数码,100.86,5,0.0,
U08_00205,ORD00005488,2025-09-09,已完成,165.25,抖音,数码,92.67,10,0.0,
U08_00205,ORD00005489,2025-10-17,已完成,215.09,其他,食品,149.79,10,0.0,
U08_00205,ORD00005490,2025-11-13,已完成,382.93,抖音,服饰,266.99,15,0.0,
U08_00206,ORD00005491,2025-09-16,已完成,347.5,小红书,服饰,145.96,15,224.92,2025-11-11
U08_00206,ORD00005492,2025-12-19,已完成,154.83,搜索引擎,数码,91.06,10,0.0,
U08_00207,ORD00005493,2025-09-30,已支付,377.29,抖音,服饰,219.45,10,0.0,
U08_00207,ORD00005494,2025-10-17,已支付,245.15,微信,服饰,158.42,0,0.0,
U08_00207,ORD00005495,2025-12-24,已完成,436.89,抖音,美妆,199.25,10,0.0,
U08_00208,ORD00005496,2025-09-18,已完成,414.0,小红书,数码,168.38,15,0.0,
U08_00208,ORD00005497,2025-10-31,已支付,167.83,其他,服饰,110.68,5,0.0,
U08_00208,ORD00005498,2025-11-22,已支付,231.93,搜索引擎,家居,138.64,10,0.0,
U08_00208,ORD00005499,2025-12-11,已完成,346.81,小红书,数码,221.81,15,313.73,2026-02-08
U08_00209,ORD00005500,2025-09-11,已完成,398.19,抖音,数码,222.43,5,0.0,
U08_00209,ORD00005501,2025-10-02,已完成,348.74,搜索引擎,数码,213.56,15,0.0,
U08_00209,ORD00005502,2025-11-04,已支付,373.57,微信,数码,246.06,10,0.0,
U08_00210,ORD00005503,2025-09-27,已完成,389.31,搜索引擎,家居,177.5,5,0.0,
U08_00210,ORD00005504,2025-10-16,已完成,312.33,其他,美妆,189.17,5,0.0,
U08_00210,ORD00005505,2025-11-22,已完成,263.22,抖音,美妆,176.25,15,169.05,2025-12-13
U08_00210,ORD00005506,2025-12-30,已完成,271.15,微信,食品,126.26,0,0.0,
U08_00210,ORD00005507,2026-02-21,已完成,326.0,抖音,美妆,179.49,10,165.5,2026-03-08
U08_00211,ORD00005508,2025-09-02,已支付,425.08,抖音,食品,257.67,5,0.0,
U08_00211,ORD00005509,2025-11-01,已支付,85.86,其他,数码,53.06,5,0.0,
U08_00211,ORD00005510,2026-03-05,已完成,259.73,微信,数码,142.23,5,0.0,
U08_00212,ORD00005511,2025-09-23,已完成,239.23,其他,食品,116.43,15,0.0,
U08_00212,ORD00005512,2025-11-29,已完成,359.73,搜索引擎,食品,202.74,5,0.0,
U08_00212,ORD00005513,2026-02-21,已完成,483.21,抖音,家居,208.4,10,0.0,
U08_00213,ORD00005514,2025-09-25,已完成,56.72,其他,数码,31.38,5,0.0,
U08_00213,ORD00005515,2025-10-14,已完成,104.58,其他,美妆,56.58,10,0.0,
U08_00214,ORD00005516,2025-09-28,已完成,304.94,抖音,家居,136.41,15,0.0,
U08_00215,ORD00005517,2025-09-24,已完成,240.9,微信,家居,157.06,15,0.0,
U08_00215,ORD00005518,2025-12-22,已完成,406.53,搜索引擎,食品,239.04,0,368.92,2026-02-03
U08_00215,ORD00005519,2026-01-21,已完成,378.95,其他,数码,240.29,5,0.0,
U08_00216,ORD00005520,2025-09-30,已支付,348.93,其他,服饰,157.97,15,0.0,
U08_00217,ORD00005521,2025-09-13,已完成,51.36,抖音,服饰,32.0,10,0.0,
U08_00217,ORD00005522,2025-11-08,已完成,148.03,其他,家居,87.55,10,0.0,
U08_00217,ORD00005523,2026-02-06,已支付,492.43,微信,食品,311.57,5,0.0,
U08_00218,ORD00005524,2025-09-16,已支付,229.26,其他,家居,143.74,0,0.0,
U08_00218,ORD00005525,2025-11-20,已支付,379.36,抖音,服饰,234.32,10,0.0,
U08_00219,ORD00005526,2025-09-25,已完成,187.95,微信,服饰,110.4,10,145.28,2025-10-23
U08_00219,ORD00005527,2025-12-23,已支付,247.93,其他,食品,156.54,10,0.0,
U08_00220,ORD00005528,2025-09-27,已支付,404.4,微信,美妆,249.63,0,0.0,
U08_00220,ORD00005529,2025-10-23,已完成,400.71,微信,美妆,253.13,15,0.0,
U08_00220,ORD00005530,2026-02-23,已完成,160.97,搜索引擎,服饰,105.3,10,134.97,2026-04-13
U08_00220,ORD00005531,2026-03-15,已完成,103.45,其他,家居,44.83,10,0.0,
U08_00221,ORD00005532,2025-09-06,已支付,372.39,其他,家居,153.99,0,0.0,
U08_00221,ORD00005533,2025-11-03,已支付,159.03,搜索引擎,美妆,110.96,10,0.0,
U08_00221,ORD00005534,2025-12-10,已完成,223.15,小红书,食品,147.37,0,220.53,2026-02-03
U08_00221,ORD00005535,2026-02-14,已完成,425.94,抖音,数码,214.52,10,0.0,
U08_00222,ORD00005536,2025-09-30,已完成,493.01,微信,家居,251.07,0,408.18,2025-11-04
U08_00222,ORD00005537,2025-10-23,已完成,138.38,微信,家居,63.65,10,0.0,
U08_00222,ORD00005538,2025-11-15,已完成,471.76,微信,美妆,225.77,10,369.54,2025-12-21
U08_00223,ORD00005539,2025-09-21,已完成,245.82,其他,美妆,129.82,15,0.0,
U08_00223,ORD00005540,2025-10-03,已完成,189.02,其他,服饰,95.01,10,0.0,
U08_00223,ORD00005541,2026-03-01,已支付,350.89,抖音,家居,161.02,10,0.0,
U08_00224,ORD00005542,2025-09-29,已支付,220.38,微信,服饰,101.95,5,0.0,
U08_00224,ORD00005543,2025-11-30,已支付,255.09,其他,美妆,105.8,10,0.0,
U08_00225,ORD00005544,2025-09-25,已支付,155.99,抖音,家居,86.56,15,0.0,
U08_00225,ORD00005545,2025-11-01,已完成,213.07,小红书,数码,144.66,0,0.0,
U08_00225,ORD00005546,2026-01-08,已完成,418.21,其他,数码,267.74,5,0.0,
U08_00226,ORD00005547,2025-09-24,已完成,403.41,微信,家居,174.81,10,0.0,
U08_00226,ORD00005548,2025-10-25,已完成,384.79,搜索引擎,数码,243.14,0,0.0,
U08_00226,ORD00005549,2025-12-07,已完成,460.14,微信,食品,321.11,10,0.0,
U08_00226,ORD00005550,2026-02-15,已完成,229.99,抖音,服饰,139.05,10,0.0,
U08_00226,ORD00005551,2026-03-16,已完成,113.29,小红书,食品,77.56,5,0.0,
U08_00227,ORD00005552,2025-09-08,已完成,379.24,小红书,食品,192.81,0,0.0,
U08_00227,ORD00005553,2026-01-10,已完成,491.72,抖音,家居,299.66,0,0.0,
U08_00228,ORD00005554,2025-09-16,已完成,90.53,其他,家居,58.82,10,0.0,
U08_00228,ORD00005555,2025-10-21,已完成,107.86,抖音,服饰,52.38,10,0.0,
U08_00228,ORD00005556,2025-11-16,已支付,51.76,搜索引擎,数码,28.83,10,0.0,
U08_00228,ORD00005557,2026-01-05,已完成,481.1,搜索引擎,家居,228.84,15,0.0,
U08_00229,ORD00005558,2025-09-06,已完成,203.18,其他,服饰,87.61,10,0.0,
U08_00230,ORD00005559,2025-09-15,已完成,240.92,抖音,食品,111.9,10,0.0,
U08_00230,ORD00005560,2025-10-24,已完成,65.13,小红书,数码,39.56,5,0.0,
U08_00230,ORD00005561,2025-12-27,已完成,170.88,微信,美妆,95.91,5,0.0,
U08_00230,ORD00005562,2026-03-18,已完成,343.44,微信,服饰,199.57,15,0.0,
U08_00231,ORD00005563,2025-09-18,已完成,402.88,搜索引擎,服饰,251.06,15,0.0,
U08_00231,ORD00005564,2025-11-23,已完成,242.96,小红书,服饰,109.81,0,0.0,
U08_00231,ORD00005565,2025-12-20,已完成,439.65,微信,家居,248.13,15,0.0,
U08_00232,ORD00005566,2025-09-30,已完成,283.48,微信,服饰,177.72,5,0.0,
U08_00232,ORD00005567,2026-01-06,已完成,59.6,其他,家居,32.31,10,0.0,
U08_00232,ORD00005568,2026-02-02,已支付,311.12,抖音,美妆,136.52,5,0.0,
U08_00233,ORD00005569,2025-09-09,已支付,395.29,微信,服饰,181.3,10,0.0,
U08_00233,ORD00005570,2025-10-24,已完成,120.57,其他,家居,79.53,10,79.28,2025-11-04
U08_00233,ORD00005571,2025-11-22,已支付,461.14,小红书,食品,207.89,10,0.0,
U08_00234,ORD00005572,2025-09-08,已完成,199.83,小红书,服饰,116.64,10,0.0,
U08_00234,ORD00005573,2025-10-27,已支付,126.83,搜索引擎,服饰,52.6,0,0.0,
U08_00234,ORD00005574,2025-11-16,已完成,397.49,抖音,服饰,171.41,0,0.0,
U08_00234,ORD00005575,2025-12-13,已支付,56.08,微信,家居,31.01,10,0.0,
U08_00234,ORD00005576,2026-03-12,已完成,87.92,搜索引擎,美妆,40.09,10,69.13,2026-04-30
U08_00235,ORD00005577,2025-09-23,已完成,255.52,抖音,美妆,155.07,10,0.0,
U08_00235,ORD00005578,2025-10-19,已支付,454.13,搜索引擎,数码,213.63,10,0.0,
U08_00236,ORD00005579,2025-09-05,已完成,192.24,其他,数码,110.1,10,0.0,
U08_00236,ORD00005580,2025-10-05,已支付,493.62,搜索引擎,服饰,335.35,15,323.87,2025-11-26
U08_00237,ORD00005581,2025-09-11,已完成,352.92,搜索引擎,美妆,238.9,10,0.0,
U08_00237,ORD00005582,2025-10-22,已完成,441.29,抖音,家居,242.27,0,0.0,
U08_00238,ORD00005583,2025-09-13,已完成,416.65,抖音,服饰,279.5,10,0.0,
U08_00238,ORD00005584,2025-10-31,已完成,202.28,其他,家居,119.22,10,0.0,
U08_00238,ORD00005585,2025-12-30,已支付,99.6,小红书,家居,59.52,10,0.0,
U08_00238,ORD00005586,2026-02-10,已完成,115.6,其他,家居,77.51,0,0.0,
U08_00239,ORD00005587,2025-09-09,已完成,318.83,搜索引擎,食品,213.09,10,0.0,
U08_00239,ORD00005588,2025-10-16,已完成,142.38,微信,家居,73.78,15,0.0,
U08_00239,ORD00005589,2025-11-07,已支付,405.06,抖音,美妆,271.54,0,0.0,
U08_00239,ORD00005590,2025-12-04,已完成,421.6,其他,数码,169.25,15,0.0,
U08_00240,ORD00005591,2025-09-25,已完成,169.48,其他,家居,114.55,10,0.0,
U08_00241,ORD00005592,2025-09-15,已完成,319.15,其他,家居,160.82,5,0.0,
U08_00241,ORD00005593,2025-10-21,已支付,454.2,微信,家居,218.43,10,0.0,
U08_00241,ORD00005594,2025-11-10,已支付,327.66,抖音,美妆,135.92,0,0.0,
U08_00241,ORD00005595,2026-03-18,已完成,365.68,搜索引擎,服饰,166.92,5,0.0,
U08_00242,ORD00005596,2025-09-25,已完成,125.8,小红书,美妆,80.48,10,0.0,
U08_00242,ORD00005597,2025-10-19,已完成,418.4,抖音,家居,238.52,15,0.0,
U08_00242,ORD00005598,2025-12-19,已完成,97.05,抖音,食品,56.98,10,0.0,
U08_00242,ORD00005599,2026-02-13,已支付,197.67,微信,食品,122.02,10,0.0,
U08_00243,ORD00005600,2025-09-07,已支付,317.28,搜索引擎,服饰,135.01,10,0.0,
U08_00243,ORD00005601,2025-10-29,已支付,304.11,抖音,数码,144.07,15,0.0,
U08_00243,ORD00005602,2026-02-21,已完成,465.12,小红书,数码,273.99,10,371.68,2026-03-05
U08_00244,ORD00005603,2025-09-07,已完成,60.3,搜索引擎,服饰,35.47,10,0.0,
U08_00244,ORD00005604,2025-11-11,已支付,462.99,其他,美妆,260.79,0,0.0,
U08_00245,ORD00005605,2025-09-18,已完成,63.26,小红书,食品,44.23,10,0.0,
U08_00245,ORD00005606,2026-01-28,已支付,346.3,搜索引擎,服饰,152.95,10,0.0,
U08_00245,ORD00005607,2026-02-11,已完成,165.48,搜索引擎,家居,109.61,10,0.0,
U08_00246,ORD00005608,2025-09-03,已支付,317.79,抖音,美妆,133.2,10,0.0,
U08_00246,ORD00005609,2025-11-23,已完成,445.3,微信,食品,305.94,10,0.0,
U08_00246,ORD00005610,2026-03-04,已完成,239.45,小红书,家居,113.46,10,0.0,
U08_00247,ORD00005611,2025-09-26,已完成,459.49,搜索引擎,服饰,190.43,15,0.0,
U08_00247,ORD00005612,2025-10-09,已完成,339.92,微信,服饰,154.5,5,0.0,
U08_00247,ORD00005613,2026-03-05,已完成,174.85,其他,数码,109.65,15,0.0,
U08_00248,ORD00005614,2025-09-11,已支付,69.18,其他,美妆,44.22,15,0.0,
U08_00248,ORD00005615,2026-03-28,已完成,458.51,搜索引擎,美妆,272.28,10,457.91,2026-05-05
U08_00249,ORD00005616,2025-09-06,已完成,436.62,小红书,数码,219.62,10,0.0,
U08_00249,ORD00005617,2025-11-21,已完成,407.38,抖音,家居,277.56,15,0.0,
U08_00249,ORD00005618,2025-12-25,已完成,431.52,小红书,食品,255.93,0,0.0,
U08_00249,ORD00005619,2026-02-27,已支付,498.87,微信,美妆,307.74,15,0.0,
U08_00249,ORD00005620,2026-03-30,已完成,396.96,小红书,美妆,244.34,10,0.0,
U08_00250,ORD00005621,2025-09-11,已完成,231.62,搜索引擎,数码,141.08,5,0.0,
U08_00250,ORD00005622,2026-01-04,已完成,399.49,搜索引擎,食品,190.79,5,0.0,
U08_00250,ORD00005623,2026-02-05,已完成,419.22,微信,食品,277.17,10,0.0,
U08_00251,ORD00005624,2025-09-03,已完成,220.19,抖音,数码,100.9,10,0.0,
U08_00251,ORD00005625,2025-10-14,已完成,391.17,搜索引擎,美妆,221.26,10,226.08,2025-10-29
U08_00252,ORD00005626,2025-09-26,已完成,420.52,抖音,数码,179.26,5,0.0,
U08_00252,ORD00005627,2026-03-19,已完成,371.0,微信,食品,214.39,10,0.0,
U08_00253,ORD00005628,2025-09-29,已支付,246.64,搜索引擎,数码,127.38,10,0.0,
U08_00253,ORD00005629,2025-10-27,已完成,96.47,小红书,食品,52.64,5,0.0,
U08_00254,ORD00005630,2025-09-11,已支付,221.28,小红书,数码,153.53,10,0.0,
U08_00254,ORD00005631,2025-10-05,已完成,133.21,搜索引擎,美妆,92.37,5,0.0,
U08_00254,ORD00005632,2025-12-07,已完成,347.93,其他,家居,159.28,10,0.0,
U08_00254,ORD00005633,2026-02-03,已完成,79.73,搜索引擎,美妆,39.47,10,0.0,
U08_00255,ORD00005634,2025-09-30,已完成,356.73,搜索引擎,服饰,165.41,0,0.0,
U08_00255,ORD00005635,2025-10-21,已支付,478.04,抖音,服饰,291.38,0,0.0,
U08_00255,ORD00005636,2026-02-02,已完成,325.65,抖音,美妆,141.47,10,0.0,
U08_00256,ORD00005637,2025-09-30,已完成,71.07,其他,服饰,40.91,15,0.0,
U08_00256,ORD00005638,2025-10-07,已完成,296.74,小红书,数码,171.86,5,0.0,
U08_00257,ORD00005639,2025-09-01,已完成,124.94,微信,家居,79.56,5,0.0,
U08_00257,ORD00005640,2025-11-25,已完成,498.81,搜索引擎,服饰,289.1,15,0.0,
U08_00257,ORD00005641,2026-01-12,已支付,483.17,抖音,食品,331.69,10,0.0,
U08_00257,ORD00005642,2026-03-21,已完成,397.04,搜索引擎,食品,199.61,5,0.0,
U08_00258,ORD00005643,2025-09-22,已完成,486.75,抖音,家居,321.32,0,0.0,
U08_00258,ORD00005644,2026-02-07,已支付,339.31,其他,食品,162.86,10,0.0,
U08_00259,ORD00005645,2025-09-22,已完成,408.44,搜索引擎,家居,229.04,10,0.0,
U08_00259,ORD00005646,2025-11-11,已支付,86.17,微信,服饰,41.25,0,0.0,
U08_00259,ORD00005647,2026-01-05,已完成,220.75,小红书,家居,91.97,0,136.24,2026-02-18
U08_00259,ORD00005648,2026-02-13,已完成,403.59,小红书,家居,241.73,0,0.0,
U08_00260,ORD00005649,2025-09-24,已完成,465.72,其他,美妆,275.35,5,0.0,
U08_00260,ORD00005650,2025-12-14,已完成,407.29,其他,服饰,216.85,5,0.0,
U08_00260,ORD00005651,2026-01-20,已支付,325.34,搜索引擎,数码,151.01,15,240.57,2026-02-12
U08_00261,ORD00005652,2025-09-03,已完成,392.34,其他,数码,249.12,10,0.0,
U08_00262,ORD00005653,2025-09-01,已支付,249.09,微信,食品,146.15,10,129.13,2025-10-13
U08_00262,ORD00005654,2025-10-04,已完成,358.11,其他,食品,171.73,5,0.0,
U08_00262,ORD00005655,2026-01-30,已支付,472.26,搜索引擎,数码,295.66,5,0.0,
U08_00263,ORD00005656,2025-09-29,已完成,187.26,抖音,食品,123.88,15,0.0,
U08_00263,ORD00005657,2025-11-02,已完成,81.36,其他,食品,38.88,5,0.0,
U08_00263,ORD00005658,2025-12-26,已完成,51.49,抖音,家居,22.53,5,0.0,
U08_00264,ORD00005659,2025-09-18,已完成,95.06,其他,数码,40.27,0,74.81,2025-11-06
U08_00264,ORD00005660,2025-11-19,已完成,365.63,抖音,数码,217.96,5,0.0,
U08_00265,ORD00005661,2025-09-30,已支付,402.16,小红书,家居,213.79,15,0.0,
U08_00265,ORD00005662,2025-10-23,已支付,233.94,抖音,家居,113.9,0,0.0,
U08_00266,ORD00005663,2025-09-14,已完成,133.38,其他,美妆,79.99,10,0.0,
U08_00266,ORD00005664,2025-10-07,已完成,213.91,小红书,食品,144.39,0,0.0,
U08_00266,ORD00005665,2025-12-24,已完成,166.3,抖音,服饰,87.95,5,0.0,
U08_00267,ORD00005666,2025-09-07,已完成,333.43,抖音,美妆,160.17,5,0.0,
U08_00267,ORD00005667,2025-10-26,已完成,198.72,抖音,食品,136.44,15,0.0,
U08_00267,ORD00005668,2025-12-13,已完成,414.71,微信,食品,282.47,10,287.71,2026-01-30
U08_00268,ORD00005669,2025-09-17,已完成,417.38,小红书,数码,258.02,0,0.0,
U08_00269,ORD00005670,2025-09-27,已完成,289.43,其他,家居,199.8,15,0.0,
U08_00269,ORD00005671,2025-10-13,已支付,334.59,微信,食品,168.02,5,0.0,
U08_00269,ORD00005672,2025-12-06,已完成,347.11,微信,美妆,216.61,15,0.0,
U08_00270,ORD00005673,2025-09-01,已支付,257.23,小红书,美妆,115.38,10,254.55,2025-10-21
U08_00270,ORD00005674,2025-11-21,已完成,329.24,其他,家居,211.1,0,0.0,
U08_00271,ORD00005675,2025-09-03,已支付,71.22,抖音,食品,34.1,10,0.0,
U08_00271,ORD00005676,2025-10-12,已支付,438.93,搜索引擎,家居,198.04,10,0.0,
U08_00271,ORD00005677,2025-11-04,已完成,395.47,抖音,家居,217.44,0,0.0,
U08_00272,ORD00005678,2025-09-12,已支付,431.2,其他,数码,182.51,15,0.0,
U08_00272,ORD00005679,2025-10-21,已完成,139.79,抖音,服饰,82.42,10,0.0,
U08_00272,ORD00005680,2025-11-01,已支付,188.67,小红书,数码,102.51,15,153.11,2025-12-18
U08_00273,ORD00005681,2025-09-29,已完成,191.5,其他,食品,133.71,10,0.0,
U08_00274,ORD00005682,2025-09-08,已支付,400.38,搜索引擎,服饰,193.77,15,0.0,
U08_00274,ORD00005683,2025-11-15,已完成,95.6,抖音,美妆,46.74,15,0.0,
U08_00275,ORD00005684,2025-09-05,已完成,189.82,其他,服饰,127.5,0,0.0,
U08_00275,ORD00005685,2025-11-21,已完成,161.61,微信,美妆,100.14,5,149.65,2025-12-02
U08_00275,ORD00005686,2025-12-30,已支付,411.74,抖音,食品,233.46,5,0.0,
U08_00275,ORD00005687,2026-03-03,已支付,383.69,搜索引擎,食品,158.71,0,0.0,
U08_00276,ORD00005688,2025-09-23,已支付,302.04,搜索引擎,美妆,211.0,15,0.0,
U08_00276,ORD00005689,2025-11-05,已支付,134.97,抖音,数码,74.26,5,0.0,
U08_00277,ORD00005690,2025-09-24,已完成,53.94,其他,数码,37.25,15,0.0,
U08_00277,ORD00005691,2025-12-07,已完成,234.37,小红书,食品,114.0,10,0.0,
U08_00277,ORD00005692,2026-01-06,已支付,223.78,微信,服饰,148.45,10,0.0,
U08_00277,ORD00005693,2026-03-28,已支付,50.68,搜索引擎,数码,32.06,5,0.0,
U08_00278,ORD00005694,2025-09-25,已支付,398.21,搜索引擎,美妆,243.0,10,0.0,
U08_00278,ORD00005695,2025-10-23,已支付,158.37,微信,食品,102.68,10,0.0,
U08_00279,ORD00005696,2025-09-21,已支付,59.16,微信,服饰,27.23,10,0.0,
U08_00279,ORD00005697,2025-11-05,已完成,300.71,其他,数码,145.41,5,0.0,
U08_00279,ORD00005698,2025-12-13,已支付,298.48,微信,美妆,200.67,10,0.0,
U08_00280,ORD00005699,2025-09-20,已完成,74.85,微信,数码,36.37,10,0.0,
U08_00280,ORD00005700,2025-11-29,已完成,337.1,其他,数码,219.44,15,0.0,
U08_00280,ORD00005701,2026-01-22,已支付,57.33,搜索引擎,家居,34.66,5,46.95,2026-03-19
U08_00280,ORD00005702,2026-03-09,已完成,239.87,其他,数码,141.39,5,0.0,
U08_00281,ORD00005703,2025-09-06,已完成,104.42,其他,美妆,57.87,0,0.0,
U08_00282,ORD00005704,2025-09-05,已完成,152.44,微信,数码,83.61,5,0.0,
U08_00283,ORD00005705,2025-09-22,已支付,86.67,其他,食品,54.36,10,0.0,
U08_00283,ORD00005706,2025-12-22,已支付,480.0,微信,服饰,210.27,10,0.0,
U08_00283,ORD00005707,2026-02-19,已支付,305.18,抖音,家居,129.5,10,0.0,
U08_00283,ORD00005708,2026-03-30,已完成,458.15,微信,数码,216.23,5,288.63,2026-05-21
U08_00284,ORD00005709,2025-09-12,已完成,421.43,搜索引擎,美妆,201.11,5,0.0,
U08_00285,ORD00005710,2025-09-26,已支付,168.52,微信,家居,80.26,5,0.0,
U08_00285,ORD00005711,2025-11-16,已支付,163.88,抖音,家居,107.82,10,0.0,
U08_00285,ORD00005712,2026-03-02,已完成,388.29,抖音,家居,258.81,0,0.0,
U08_00286,ORD00005713,2025-09-21,已支付,477.91,搜索引擎,服饰,261.06,15,0.0,
U08_00287,ORD00005714,2025-09-30,已完成,380.72,小红书,食品,205.72,5,0.0,
U08_00287,ORD00005715,2026-02-18,已完成,375.52,抖音,食品,261.97,10,0.0,
U08_00288,ORD00005716,2025-09-22,已支付,424.2,小红书,服饰,218.02,0,0.0,
U08_00288,ORD00005717,2025-11-24,已支付,354.44,搜索引擎,数码,146.45,10,0.0,
U08_00288,ORD00005718,2025-12-19,已完成,408.91,小红书,服饰,206.89,5,0.0,
U08_00288,ORD00005719,2026-01-15,已完成,372.48,抖音,美妆,249.33,15,0.0,
U08_00289,ORD00005720,2025-09-01,已完成,78.64,搜索引擎,服饰,41.98,10,0.0,
U08_00289,ORD00005721,2025-10-08,已完成,215.77,微信,食品,89.1,15,0.0,
U08_00290,ORD00005722,2025-09-16,已支付,477.14,搜索引擎,家居,291.2,15,0.0,
U08_00290,ORD00005723,2025-12-26,已完成,124.57,小红书,美妆,60.53,10,0.0,
U08_00290,ORD00005724,2026-01-07,已完成,150.96,抖音,食品,65.85,10,0.0,
U08_00290,ORD00005725,2026-03-26,已完成,138.19,其他,美妆,81.2,0,0.0,
U08_00291,ORD00005726,2025-09-12,已完成,171.26,小红书,美妆,73.92,5,0.0,
U08_00292,ORD00005727,2025-09-21,已完成,436.17,其他,家居,293.35,10,0.0,
U08_00292,ORD00005728,2025-10-28,已支付,495.04,小红书,家居,266.7,5,0.0,
U08_00292,ORD00005729,2026-02-17,已支付,155.88,搜索引擎,数码,99.83,10,0.0,
U08_00292,ORD00005730,2026-03-02,已完成,238.8,其他,服饰,97.76,15,0.0,
U08_00293,ORD00005731,2025-09-30,已完成,68.14,其他,美妆,31.81,0,0.0,
U08_00294,ORD00005732,2025-09-18,已完成,387.4,微信,家居,253.37,10,299.4,2025-10-03
U08_00294,ORD00005733,2025-10-11,已完成,168.23,微信,服饰,75.69,5,0.0,
U08_00294,ORD00005734,2026-03-17,已完成,185.64,小红书,服饰,121.83,0,0.0,
U08_00295,ORD00005735,2025-09-30,已完成,411.1,抖音,食品,224.23,10,0.0,
U08_00295,ORD00005736,2025-10-25,已完成,481.86,抖音,美妆,333.13,5,0.0,
U08_00295,ORD00005737,2025-11-03,已支付,377.71,小红书,服饰,194.56,5,0.0,
U08_00296,ORD00005738,2025-09-15,已完成,99.32,抖音,食品,56.77,10,0.0,
U08_00297,ORD00005739,2025-09-25,已完成,388.32,微信,家居,226.83,10,0.0,
U08_00298,ORD00005740,2025-09-26,已完成,121.23,搜索引擎,数码,53.07,0,0.0,
U08_00298,ORD00005741,2025-10-08,已完成,390.26,抖音,美妆,226.0,10,289.21,2025-12-01
U08_00298,ORD00005742,2025-12-29,已支付,102.61,搜索引擎,数码,66.79,5,0.0,
U08_00299,ORD00005743,2025-09-24,已完成,71.45,抖音,家居,48.12,5,42.83,2025-11-12
U08_00299,ORD00005744,2025-11-28,已完成,166.19,微信,食品,80.99,10,0.0,
U08_00300,ORD00005745,2025-09-23,已完成,319.87,搜索引擎,美妆,144.71,10,0.0,
U08_00300,ORD00005746,2025-10-30,已支付,226.37,微信,数码,116.86,10,0.0,
U08_00300,ORD00005747,2026-01-14,已完成,324.17,搜索引擎,服饰,181.39,5,252.98,2026-02-13
U08_00301,ORD00005748,2025-09-29,已支付,427.84,搜索引擎,家居,197.36,0,0.0,
U08_00301,ORD00005749,2025-11-03,已完成,129.55,小红书,服饰,90.02,5,0.0,
U08_00301,ORD00005750,2026-03-14,已完成,265.22,小红书,食品,108.76,15,0.0,
U08_00302,ORD00005751,2025-09-24,已完成,95.97,小红书,家居,44.14,10,0.0,
U08_00302,ORD00005752,2025-10-16,已支付,352.6,微信,美妆,225.4,5,0.0,
U08_00302,ORD00005753,2025-11-06,已完成,209.68,微信,数码,127.73,0,0.0,
U08_00302,ORD00005754,2026-01-06,已完成,275.15,搜索引擎,家居,163.69,5,0.0,
U08_00303,ORD00005755,2025-09-22,已完成,259.92,搜索引擎,数码,120.05,5,0.0,
U08_00303,ORD00005756,2025-10-20,已完成,324.23,抖音,数码,214.86,15,0.0,
U08_00303,ORD00005757,2026-03-24,已完成,343.85,其他,家居,211.09,15,0.0,
U08_00304,ORD00005758,2025-09-04,已支付,300.48,小红书,美妆,193.49,0,0.0,
U08_00305,ORD00005759,2025-09-30,已支付,306.49,微信,食品,126.2,15,0.0,
U08_00305,ORD00005760,2026-01-29,已完成,94.65,其他,服饰,61.59,10,0.0,
U08_00306,ORD00005761,2025-09-06,已完成,112.64,微信,美妆,77.68,10,0.0,
U08_00306,ORD00005762,2025-10-20,已支付,161.82,小红书,数码,99.58,0,0.0,
U08_00306,ORD00005763,2025-11-09,已完成,446.11,微信,美妆,269.11,10,0.0,
U08_00306,ORD00005764,2025-12-19,已完成,192.74,搜索引擎,服饰,84.76,10,0.0,
U08_00307,ORD00005765,2025-09-07,已完成,303.59,搜索引擎,数码,208.85,10,0.0,
U08_00307,ORD00005766,2025-10-06,已完成,231.95,其他,家居,126.38,10,0.0,
U08_00307,ORD00005767,2026-02-20,已完成,483.28,其他,美妆,209.46,15,0.0,
U08_00307,ORD00005768,2026-03-21,已完成,350.53,小红书,家居,177.63,10,340.71,2026-04-23
U08_00308,ORD00005769,2025-09-13,已支付,199.79,其他,食品,119.79,10,0.0,
U08_00308,ORD00005770,2025-10-21,已支付,172.08,小红书,食品,78.1,5,0.0,
U08_00308,ORD00005771,2025-11-05,已完成,110.67,抖音,服饰,63.97,10,0.0,
U08_00309,ORD00005772,2025-09-20,已完成,159.19,其他,食品,89.48,0,0.0,
U08_00309,ORD00005773,2025-10-01,已完成,347.5,微信,美妆,221.77,10,0.0,
U08_00309,ORD00005774,2025-12-06,已支付,239.94,微信,食品,158.57,0,0.0,
U08_00309,ORD00005775,2026-02-09,已完成,251.09,小红书,服饰,145.0,15,0.0,
U08_00310,ORD00005776,2025-09-23,已支付,323.91,微信,数码,176.82,10,0.0,
U08_00311,ORD00005777,2025-09-14,已完成,281.74,抖音,美妆,116.34,15,0.0,
U08_00312,ORD00005778,2025-09-26,已支付,131.31,微信,食品,71.22,15,0.0,
U08_00312,ORD00005779,2025-10-16,已完成,465.65,其他,食品,250.82,15,0.0,
U08_00312,ORD00005780,2026-01-18,已支付,406.11,小红书,数码,267.44,10,0.0,
U08_00313,ORD00005781,2025-09-03,已完成,376.71,搜索引擎,服饰,187.05,10,204.26,2025-10-24
U08_00313,ORD00005782,2025-10-31,已支付,493.34,其他,家居,221.29,15,260.69,2025-12-03
U08_00313,ORD00005783,2025-11-26,已完成,314.55,微信,服饰,128.32,10,0.0,
U08_00313,ORD00005784,2025-12-24,已完成,392.76,搜索引擎,服饰,189.81,15,0.0,
U08_00313,ORD00005785,2026-02-06,已完成,157.44,其他,家居,78.79,10,0.0,
U08_00314,ORD00005786,2025-09-08,已支付,344.27,小红书,食品,164.91,5,0.0,
U08_00315,ORD00005787,2025-09-24,已完成,53.59,搜索引擎,食品,36.5,15,0.0,
U08_00315,ORD00005788,2026-01-19,已完成,59.57,抖音,美妆,26.54,10,56.47,2026-03-17
U08_00316,ORD00005789,2025-09-03,已完成,259.92,微信,食品,104.99,10,0.0,
U08_00316,ORD00005790,2025-12-05,已完成,479.03,抖音,数码,291.46,15,0.0,
U08_00317,ORD00005791,2025-09-12,已支付,78.09,抖音,食品,33.23,5,0.0,
U08_00317,ORD00005792,2025-10-15,已完成,197.46,抖音,家居,113.67,5,0.0,
U08_00317,ORD00005793,2026-01-06,已完成,179.88,其他,美妆,104.66,5,0.0,
U08_00318,ORD00005794,2025-09-16,已完成,447.22,微信,食品,184.85,15,0.0,
U08_00318,ORD00005795,2025-11-18,已完成,459.58,微信,美妆,220.41,0,0.0,
U08_00318,ORD00005796,2026-02-05,已支付,482.2,小红书,食品,225.09,10,0.0,
U08_00319,ORD00005797,2025-09-04,已支付,426.66,小红书,服饰,207.36,0,0.0,
U08_00319,ORD00005798,2025-10-13,已支付,176.09,搜索引擎,家居,109.15,15,0.0,
U08_00319,ORD00005799,2026-01-23,已支付,254.25,小红书,服饰,168.24,5,0.0,
U08_00319,ORD00005800,2026-02-26,已完成,286.59,微信,食品,174.46,15,0.0,
U08_00320,ORD00005801,2025-09-01,已支付,80.61,其他,美妆,33.85,10,0.0,
U08_00321,ORD00005802,2025-09-12,已完成,156.48,微信,食品,62.95,10,0.0,
U08_00321,ORD00005803,2025-11-20,已支付,436.93,其他,家居,302.01,10,0.0,
U08_00321,ORD00005804,2026-02-05,已支付,66.91,搜索引擎,美妆,42.04,10,0.0,
U08_00321,ORD00005805,2026-03-27,已完成,385.58,抖音,数码,203.92,10,0.0,
U08_00322,ORD00005806,2025-09-04,已完成,412.02,其他,服饰,165.57,10,0.0,
U08_00322,ORD00005807,2025-10-03,已支付,68.2,搜索引擎,食品,28.52,10,0.0,
U08_00323,ORD00005808,2025-09-27,已支付,113.99,微信,食品,51.25,0,0.0,
U08_00323,ORD00005809,2025-10-03,已完成,57.96,小红书,家居,39.94,15,0.0,
U08_00324,ORD00005810,2025-09-02,已完成,259.53,其他,服饰,104.53,15,0.0,
U08_00324,ORD00005811,2025-10-25,已支付,286.01,其他,食品,181.12,5,268.35,2025-12-14
U08_00324,ORD00005812,2025-11-10,已支付,259.09,小红书,美妆,105.44,10,0.0,
U08_00324,ORD00005813,2026-01-29,已完成,161.9,其他,数码,73.02,10,0.0,
U08_00325,ORD00005814,2025-09-08,已完成,120.19,微信,美妆,77.61,5,0.0,
U08_00325,ORD00005815,2025-11-07,已完成,254.96,抖音,美妆,170.93,5,0.0,
U08_00326,ORD00005816,2025-09-01,已完成,162.03,微信,美妆,67.54,10,0.0,
U08_00326,ORD00005817,2025-11-19,已支付,272.75,抖音,食品,178.22,0,0.0,
U08_00326,ORD00005818,2025-12-02,已完成,213.61,其他,家居,88.21,10,0.0,
U08_00326,ORD00005819,2026-01-09,已支付,68.46,抖音,美妆,39.29,15,0.0,
U08_00327,ORD00005820,2025-09-13,已完成,276.72,微信,家居,166.06,15,0.0,
U08_00327,ORD00005821,2025-10-12,已支付,133.28,微信,服饰,71.88,15,0.0,
U08_00327,ORD00005822,2026-03-06,已支付,272.42,小红书,数码,136.86,0,0.0,
U08_00328,ORD00005823,2025-09-05,已支付,368.59,微信,数码,238.63,10,0.0,
U08_00328,ORD00005824,2025-11-14,已完成,223.42,小红书,家居,130.46,10,0.0,
U08_00329,ORD00005825,2025-09-06,已支付,386.02,微信,服饰,239.08,5,0.0,
U08_00329,ORD00005826,2025-11-06,已支付,164.05,搜索引擎,数码,79.89,5,0.0,
U08_00330,ORD00005827,2025-09-12,已支付,141.84,微信,服饰,87.86,5,0.0,
U08_00330,ORD00005828,2025-11-28,已支付,398.29,微信,家居,273.34,10,0.0,
U08_00331,ORD00005829,2025-09-21,已支付,407.73,抖音,食品,267.85,10,0.0,
U08_00331,ORD00005830,2025-12-01,已完成,338.11,其他,美妆,207.51,10,0.0,
U08_00332,ORD00005831,2025-09-10,已支付,336.9,小红书,服饰,147.58,10,0.0,
U08_00332,ORD00005832,2025-10-20,已完成,59.49,抖音,美妆,29.39,10,0.0,
U08_00332,ORD00005833,2026-02-16,已完成,468.88,其他,家居,301.01,10,0.0,
U08_00333,ORD00005834,2025-09-28,已支付,221.51,其他,家居,95.54,10,164.8,2025-11-23
U08_00334,ORD00005835,2025-09-29,已完成,236.59,搜索引擎,数码,109.81,0,0.0,
U08_00334,ORD00005836,2025-10-02,已完成,225.66,搜索引擎,家居,115.6,0,0.0,
U08_00335,ORD00005837,2025-09-28,已支付,232.46,抖音,家居,131.46,5,0.0,
U08_00335,ORD00005838,2025-10-15,已支付,87.6,小红书,数码,54.34,5,0.0,
U08_00335,ORD00005839,2025-11-27,已完成,363.7,搜索引擎,食品,230.77,5,0.0,
U08_00335,ORD00005840,2025-12-31,已完成,131.42,其他,家居,84.57,5,0.0,
U08_00335,ORD00005841,2026-02-14,已完成,370.77,搜索引擎,数码,254.55,5,0.0,
U08_00335,ORD00005842,2026-03-02,已完成,340.71,抖音,美妆,164.89,15,0.0,
U08_00336,ORD00005843,2025-09-13,已支付,392.87,抖音,家居,243.22,0,0.0,
U08_00337,ORD00005844,2025-09-20,已完成,135.3,小红书,食品,76.33,5,0.0,
U08_00337,ORD00005845,2026-03-12,已完成,343.08,抖音,服饰,219.71,10,0.0,
U08_00338,ORD00005846,2025-09-14,已支付,164.37,其他,服饰,109.39,0,0.0,
U08_00338,ORD00005847,2025-11-14,已完成,296.75,微信,数码,128.55,0,0.0,
U08_00338,ORD00005848,2025-12-21,已完成,53.75,搜索引擎,家居,29.05,5,0.0,
U08_00339,ORD00005849,2025-09-09,已完成,198.17,小红书,服饰,97.18,5,0.0,
U08_00339,ORD00005850,2025-12-18,已完成,492.59,小红书,食品,259.63,15,0.0,
U08_00340,ORD00005851,2025-09-10,已支付,164.5,其他,美妆,79.17,0,0.0,
U08_00340,ORD00005852,2025-12-27,已完成,53.5,抖音,服饰,33.57,10,0.0,
U08_00340,ORD00005853,2026-02-24,已完成,270.48,小红书,食品,109.77,10,0.0,
U08_00341,ORD00005854,2025-09-12,已完成,498.89,小红书,食品,227.29,5,0.0,
U08_00341,ORD00005855,2025-10-28,已完成,255.32,其他,家居,177.01,10,0.0,
U08_00341,ORD00005856,2026-03-29,已完成,199.62,抖音,数码,130.6,5,0.0,
U08_00342,ORD00005857,2025-09-06,已支付,251.28,其他,美妆,134.13,15,0.0,
U08_00342,ORD00005858,2025-12-30,已完成,264.56,搜索引擎,食品,106.58,10,0.0,
U08_00342,ORD00005859,2026-01-03,已支付,432.18,抖音,美妆,288.05,5,0.0,
U08_00342,ORD00005860,2026-02-05,已完成,146.66,小红书,数码,101.37,5,0.0,
U08_00343,ORD00005861,2025-09-21,已完成,144.87,抖音,美妆,71.06,5,0.0,
U08_00343,ORD00005862,2025-10-24,已完成,235.12,搜索引擎,家居,132.35,15,0.0,
U08_00344,ORD00005863,2025-09-10,已支付,327.35,微信,美妆,190.43,15,0.0,
U08_00345,ORD00005864,2025-09-20,已完成,225.44,其他,食品,123.81,15,0.0,
U08_00345,ORD00005865,2025-10-07,已支付,89.93,搜索引擎,美妆,53.44,10,0.0,
U08_00345,ORD00005866,2025-12-27,已支付,184.74,抖音,美妆,117.84,0,0.0,
U08_00345,ORD00005867,2026-03-20,已支付,407.14,微信,家居,218.59,10,0.0,
U08_00346,ORD00005868,2025-09-30,已完成,353.56,微信,食品,213.07,0,0.0,
U08_00346,ORD00005869,2025-10-04,已完成,489.75,微信,家居,332.28,15,0.0,
U08_00346,ORD00005870,2026-02-08,已支付,167.32,小红书,数码,85.28,5,0.0,
U08_00347,ORD00005871,2025-09-14,已完成,430.61,小红书,数码,186.27,10,0.0,
U08_00347,ORD00005872,2026-01-19,已支付,242.11,搜索引擎,美妆,126.5,10,0.0,
U08_00348,ORD00005873,2025-09-07,已完成,153.56,微信,服饰,103.87,10,0.0,
U08_00348,ORD00005874,2026-03-22,已支付,124.25,其他,数码,72.63,10,0.0,
U08_00349,ORD00005875,2025-09-07,已支付,389.09,抖音,家居,230.24,5,0.0,
U08_00349,ORD00005876,2025-10-24,已完成,86.12,搜索引擎,食品,44.54,10,0.0,
U08_00349,ORD00005877,2025-11-27,已完成,251.61,小红书,数码,175.14,10,133.77,2025-12-12
U08_00350,ORD00005878,2025-09-22,已完成,296.86,抖音,家居,131.49,10,0.0,
U08_00350,ORD00005879,2025-11-04,已支付,204.28,搜索引擎,食品,125.84,10,0.0,
U08_00350,ORD00005880,2025-12-25,已支付,172.34,其他,食品,98.8,10,0.0,
U08_00351,ORD00005881,2025-09-26,已完成,104.62,小红书,服饰,45.68,15,59.16,2025-11-03
U08_00351,ORD00005882,2025-10-10,已支付,211.04,微信,家居,146.81,5,0.0,
U08_00351,ORD00005883,2025-12-15,已完成,63.48,搜索引擎,食品,27.59,5,0.0,
U08_00351,ORD00005884,2026-01-19,已支付,491.42,其他,数码,202.03,10,0.0,
U08_00351,ORD00005885,2026-02-25,已支付,104.23,微信,食品,68.66,5,0.0,
U08_00352,ORD00005886,2025-09-24,已完成,408.6,小红书,美妆,241.86,5,0.0,
U08_00352,ORD00005887,2025-10-03,已完成,53.55,微信,数码,28.41,15,0.0,
U08_00353,ORD00005888,2025-09-22,已完成,70.73,其他,数码,46.0,10,0.0,
U08_00353,ORD00005889,2025-10-28,已完成,275.38,搜索引擎,家居,176.93,10,0.0,
U08_00354,ORD00005890,2025-09-30,已完成,177.11,小红书,食品,123.48,0,0.0,
U08_00354,ORD00005891,2025-10-20,已完成,452.75,搜索引擎,数码,208.84,15,0.0,
U08_00354,ORD00005892,2025-11-05,已完成,226.11,抖音,美妆,138.74,5,0.0,
U08_00355,ORD00005893,2025-09-23,已完成,194.15,其他,家居,83.64,15,0.0,
U08_00355,ORD00005894,2026-03-14,已支付,164.74,其他,食品,71.72,15,0.0,
U08_00356,ORD00005895,2025-09-26,已完成,406.24,抖音,美妆,268.55,10,0.0,
U08_00356,ORD00005896,2025-11-30,已支付,392.42,其他,食品,210.48,15,0.0,
U08_00356,ORD00005897,2025-12-20,已支付,252.73,小红书,美妆,126.57,5,0.0,
U08_00356,ORD00005898,2026-02-20,已支付,306.8,抖音,数码,141.91,15,0.0,
U08_00357,ORD00005899,2025-09-23,已支付,382.9,搜索引擎,食品,266.23,10,0.0,
U08_00358,ORD00005900,2025-09-17,已完成,53.85,抖音,家居,25.07,0,0.0,
U08_00359,ORD00005901,2025-09-02,已完成,163.1,搜索引擎,食品,85.49,10,0.0,
U08_00359,ORD00005902,2025-10-13,已支付,387.14,其他,美妆,179.22,5,0.0,
U08_00360,ORD00005903,2025-09-02,已完成,457.39,抖音,数码,315.79,5,0.0,
U08_00360,ORD00005904,2026-01-01,已支付,186.01,小红书,服饰,104.38,10,0.0,
U08_00360,ORD00005905,2026-03-08,已支付,140.4,小红书,服饰,88.68,10,0.0,
U08_00361,ORD00005906,2025-09-23,已完成,381.49,其他,数码,220.93,0,0.0,
U08_00361,ORD00005907,2025-11-05,已完成,449.6,抖音,食品,189.0,5,0.0,
U08_00361,ORD00005908,2026-02-18,已支付,450.01,微信,家居,186.67,15,0.0,
U08_00362,ORD00005909,2025-09-03,已完成,491.89,小红书,服饰,285.88,10,0.0,
U08_00362,ORD00005910,2026-01-14,已完成,302.43,抖音,数码,128.92,10,0.0,
U08_00363,ORD00005911,2025-09-30,已支付,245.17,搜索引擎,美妆,131.61,5,0.0,
U08_00363,ORD00005912,2025-11-22,已完成,236.32,抖音,食品,137.48,10,0.0,
U08_00363,ORD00005913,2026-02-23,已支付,480.05,小红书,数码,278.77,5,0.0,
U08_00363,ORD00005914,2026-03-20,已支付,270.69,其他,家居,149.25,10,0.0,
U08_00364,ORD00005915,2025-09-21,已支付,116.23,其他,家居,48.73,0,0.0,
U08_00364,ORD00005916,2026-01-24,已完成,408.86,搜索引擎,家居,243.75,15,0.0,
U08_00364,ORD00005917,2026-02-20,已完成,450.6,其他,家居,222.01,0,0.0,
U08_00365,ORD00005918,2025-09-09,已完成,162.67,小红书,食品,81.63,15,0.0,
U08_00365,ORD00005919,2025-10-26,已完成,273.17,搜索引擎,美妆,136.44,10,0.0,
U08_00365,ORD00005920,2026-02-20,已支付,79.59,抖音,美妆,42.32,0,0.0,
U08_00366,ORD00005921,2025-09-19,已完成,250.09,微信,美妆,143.41,5,218.51,2025-10-08
U08_00366,ORD00005922,2025-11-12,已完成,70.73,抖音,美妆,41.17,15,0.0,
U08_00367,ORD00005923,2025-09-03,已完成,475.65,其他,家居,257.12,15,0.0,
U08_00367,ORD00005924,2026-02-14,已完成,106.4,其他,服饰,70.29,10,0.0,
U08_00368,ORD00005925,2025-09-21,已完成,89.65,抖音,美妆,61.39,10,0.0,
U08_00368,ORD00005926,2026-01-02,已完成,224.11,其他,数码,96.14,15,0.0,
U08_00368,ORD00005927,2026-03-29,已支付,118.39,抖音,美妆,75.56,10,0.0,
U08_00369,ORD00005928,2025-09-30,已完成,237.45,搜索引擎,家居,96.73,10,218.82,2025-11-11
U08_00369,ORD00005929,2025-10-21,已完成,314.09,抖音,食品,157.13,0,0.0,
U08_00369,ORD00005930,2025-11-10,已完成,265.72,其他,家居,173.23,10,0.0,
U08_00369,ORD00005931,2026-01-08,已完成,122.48,微信,美妆,81.02,10,0.0,
U08_00370,ORD00005932,2025-09-21,已完成,74.52,小红书,服饰,33.72,0,0.0,
U08_00370,ORD00005933,2025-10-05,已完成,157.42,小红书,食品,73.1,10,0.0,
U08_00371,ORD00005934,2025-09-27,已支付,402.78,其他,数码,218.31,0,0.0,
U08_00371,ORD00005935,2025-12-13,已完成,94.96,微信,家居,44.39,10,0.0,
U08_00372,ORD00005936,2025-09-05,已完成,428.28,微信,服饰,277.27,10,0.0,
U08_00372,ORD00005937,2025-11-08,已完成,75.4,微信,家居,48.63,5,0.0,
U08_00373,ORD00005938,2025-09-11,已支付,51.45,小红书,食品,34.06,5,0.0,
U08_00373,ORD00005939,2025-11-24,已完成,318.44,其他,食品,184.41,10,0.0,
U08_00373,ORD00005940,2026-01-07,已完成,80.24,其他,服饰,51.7,10,0.0,
U08_00374,ORD00005941,2025-09-25,已完成,298.14,小红书,美妆,196.85,0,0.0,
U08_00374,ORD00005942,2025-10-07,已支付,294.79,其他,数码,144.19,15,0.0,
U08_00374,ORD00005943,2025-12-06,已完成,480.02,抖音,家居,299.01,15,0.0,
U08_00374,ORD00005944,2026-03-14,已支付,100.99,微信,美妆,45.46,0,0.0,
U08_00375,ORD00005945,2025-09-19,已完成,457.06,抖音,服饰,310.21,10,0.0,
U08_00375,ORD00005946,2026-02-01,已完成,302.72,搜索引擎,数码,194.14,5,0.0,
U08_00376,ORD00005947,2025-09-19,已完成,243.69,小红书,数码,110.28,10,0.0,
U08_00376,ORD00005948,2026-01-11,已完成,109.07,抖音,数码,75.84,10,0.0,
U08_00376,ORD00005949,2026-02-01,已完成,453.93,小红书,食品,268.87,0,0.0,
U08_00377,ORD00005950,2025-09-23,已完成,200.35,微信,美妆,112.58,10,0.0,
U08_00377,ORD00005951,2025-10-18,已支付,262.83,其他,家居,163.98,0,0.0,
U08_00378,ORD00005952,2025-09-30,已支付,153.01,抖音,数码,64.93,10,0.0,
U08_00378,ORD00005953,2025-10-04,已支付,336.18,其他,食品,193.51,10,289.44,2025-11-28
U08_00378,ORD00005954,2025-11-10,已完成,271.04,其他,服饰,161.27,5,0.0,
U08_00378,ORD00005955,2026-02-22,已完成,436.34,抖音,食品,194.26,10,0.0,
U08_00379,ORD00005956,2025-09-26,已支付,162.95,小红书,美妆,82.53,5,0.0,
U08_00379,ORD00005957,2025-10-09,已支付,299.86,其他,数码,152.48,10,0.0,
U08_00379,ORD00005958,2026-01-22,已完成,271.61,抖音,数码,186.2,0,0.0,
U08_00379,ORD00005959,2026-03-18,已完成,97.82,其他,美妆,59.29,0,80.35,2026-03-28
U08_00380,ORD00005960,2025-09-16,已支付,204.95,搜索引擎,数码,141.89,15,145.14,2025-10-09
U08_00380,ORD00005961,2025-10-10,已完成,382.77,微信,数码,261.58,5,0.0,
U08_00380,ORD00005962,2025-11-25,已完成,335.39,抖音,家居,182.33,10,0.0,
U08_00380,ORD00005963,2025-12-05,已完成,287.71,抖音,数码,161.11,0,0.0,
U08_00381,ORD00005964,2025-09-17,已完成,290.92,小红书,服饰,183.84,15,0.0,
U08_00381,ORD00005965,2025-10-12,已完成,204.45,其他,服饰,90.52,10,0.0,
U08_00381,ORD00005966,2026-03-07,已完成,480.79,小红书,数码,216.38,10,0.0,
U08_00382,ORD00005967,2025-09-10,已完成,324.32,微信,美妆,152.99,5,0.0,
U08_00382,ORD00005968,2025-10-18,已支付,195.68,抖音,数码,88.87,10,0.0,
U08_00382,ORD00005969,2025-12-17,已支付,94.74,其他,美妆,47.96,10,0.0,
U08_00383,ORD00005970,2025-09-22,已完成,282.29,搜索引擎,食品,173.08,15,0.0,
U08_00383,ORD00005971,2025-10-19,已支付,166.64,抖音,数码,80.66,0,0.0,
U08_00383,ORD00005972,2025-11-25,已支付,67.19,微信,服饰,29.9,0,40.87,2025-12-21
U08_00383,ORD00005973,2026-03-28,已完成,395.42,微信,家居,196.37,15,0.0,
U08_00384,ORD00005974,2025-09-09,已完成,101.56,搜索引擎,美妆,67.39,10,0.0,
U08_00384,ORD00005975,2025-10-15,已支付,461.86,小红书,家居,262.97,5,0.0,
U08_00384,ORD00005976,2025-12-21,已完成,214.55,其他,美妆,92.58,10,0.0,
U08_00384,ORD00005977,2026-02-15,已完成,175.15,搜索引擎,食品,104.62,10,0.0,
U08_00385,ORD00005978,2025-09-25,已完成,321.85,搜索引擎,数码,224.88,0,0.0,
U08_00385,ORD00005979,2025-12-10,已完成,431.08,抖音,数码,198.45,5,300.49,2025-12-23
U08_00385,ORD00005980,2026-03-11,已完成,288.7,其他,服饰,185.27,10,0.0,
U08_00386,ORD00005981,2025-09-08,已支付,79.81,微信,服饰,36.16,10,0.0,
U08_00386,ORD00005982,2025-10-10,已完成,321.44,微信,数码,166.74,15,163.31,2025-11-04
U08_00386,ORD00005983,2025-11-06,已完成,460.23,抖音,家居,254.17,15,0.0,
U08_00387,ORD00005984,2025-09-23,已支付,444.09,小红书,食品,229.75,15,0.0,
U08_00387,ORD00005985,2026-01-04,已完成,383.84,搜索引擎,服饰,187.05,15,0.0,
U08_00388,ORD00005986,2025-09-27,已支付,339.18,搜索引擎,美妆,151.75,15,242.71,2025-11-13
U08_00388,ORD00005987,2025-10-13,已完成,247.67,搜索引擎,服饰,112.92,5,0.0,
U08_00389,ORD00005988,2025-09-01,已完成,395.62,搜索引擎,家居,198.79,5,0.0,
U08_00389,ORD00005989,2025-11-14,已完成,111.94,其他,服饰,58.17,10,0.0,
U08_00389,ORD00005990,2025-12-13,已支付,149.35,其他,数码,61.47,15,0.0,
U08_00389,ORD00005991,2026-01-25,已完成,420.71,其他,服饰,238.4,0,0.0,
U08_00390,ORD00005992,2025-09-14,已支付,149.45,搜索引擎,家居,68.08,0,0.0,
U08_00390,ORD00005993,2025-10-13,已支付,113.89,搜索引擎,服饰,67.52,10,0.0,
U08_00390,ORD00005994,2025-12-02,已完成,208.97,小红书,食品,126.57,10,0.0,
U09_00001,ORD00005995,2025-10-01,已支付,66.58,微信,服饰,32.51,10,0.0,
U09_00002,ORD00005996,2025-10-28,已完成,342.93,其他,美妆,177.09,15,0.0,
U09_00003,ORD00005997,2025-10-26,已完成,446.95,搜索引擎,数码,276.98,15,0.0,
U09_00003,ORD00005998,2025-11-28,已完成,217.47,抖音,服饰,117.98,15,0.0,
U09_00003,ORD00005999,2025-12-01,已支付,343.01,小红书,家居,165.57,5,0.0,
U09_00003,ORD00006000,2026-01-15,已支付,192.82,小红书,美妆,85.76,10,0.0,
U09_00003,ORD00006001,2026-04-16,已支付,267.52,其他,家居,158.48,10,0.0,
U09_00004,ORD00006002,2025-10-04,已支付,462.54,抖音,服饰,209.18,15,0.0,
U09_00004,ORD00006003,2025-11-06,已完成,298.52,小红书,数码,119.74,10,0.0,
U09_00004,ORD00006004,2025-12-10,已支付,182.38,搜索引擎,食品,94.18,0,154.92,2026-01-12
U09_00005,ORD00006005,2025-10-12,已完成,488.08,其他,家居,314.47,10,0.0,
U09_00005,ORD00006006,2025-12-22,已支付,378.53,抖音,数码,181.51,10,0.0,
U09_00005,ORD00006007,2026-02-13,已完成,394.8,搜索引擎,食品,226.14,10,0.0,
U09_00005,ORD00006008,2026-03-11,已支付,305.54,搜索引擎,美妆,209.76,0,0.0,
U09_00006,ORD00006009,2025-10-10,已完成,260.81,搜索引擎,食品,108.09,10,0.0,
U09_00006,ORD00006010,2025-11-11,已完成,412.92,其他,食品,237.91,15,0.0,
U09_00006,ORD00006011,2025-12-20,已完成,428.42,其他,美妆,181.36,15,0.0,
U09_00006,ORD00006012,2026-02-02,已支付,62.93,搜索引擎,服饰,26.67,15,0.0,
U09_00006,ORD00006013,2026-04-06,已支付,122.07,搜索引擎,食品,49.74,5,0.0,
U09_00007,ORD00006014,2025-10-07,已完成,280.23,小红书,数码,123.57,10,183.66,2025-10-27
U09_00007,ORD00006015,2026-04-24,已完成,447.08,抖音,家居,181.94,10,0.0,
U09_00008,ORD00006016,2025-10-03,已完成,447.81,微信,食品,255.59,15,0.0,
U09_00008,ORD00006017,2025-12-25,已支付,225.27,小红书,服饰,118.2,10,0.0,
U09_00009,ORD00006018,2025-10-06,已完成,233.42,微信,服饰,129.17,10,0.0,
U09_00009,ORD00006019,2026-01-29,已完成,94.7,抖音,食品,57.55,0,0.0,
U09_00009,ORD00006020,2026-02-17,已支付,476.23,微信,服饰,324.95,10,395.02,2026-02-28
U09_00010,ORD00006021,2025-10-24,已完成,296.23,搜索引擎,美妆,167.55,5,193.04,2025-11-06
U09_00010,ORD00006022,2026-01-14,已完成,164.26,搜索引擎,家居,92.33,10,0.0,
U09_00011,ORD00006023,2025-10-07,已完成,319.46,其他,美妆,141.42,15,0.0,
U09_00011,ORD00006024,2026-02-23,已完成,278.18,微信,数码,180.72,10,0.0,
U09_00012,ORD00006025,2025-10-02,已支付,153.45,搜索引擎,数码,95.63,15,0.0,
U09_00012,ORD00006026,2026-01-03,已完成,165.29,搜索引擎,家居,113.42,5,0.0,
U09_00012,ORD00006027,2026-03-01,已完成,420.1,抖音,美妆,264.53,5,0.0,
U09_00013,ORD00006028,2025-10-22,已完成,298.22,小红书,数码,153.89,10,0.0,
U09_00013,ORD00006029,2025-11-16,已完成,285.75,抖音,美妆,167.06,10,0.0,
U09_00013,ORD00006030,2026-01-15,已完成,191.68,微信,美妆,128.29,5,0.0,
U09_00013,ORD00006031,2026-02-11,已完成,447.17,小红书,食品,188.26,5,0.0,
U09_00013,ORD00006032,2026-03-19,已完成,256.18,搜索引擎,美妆,175.91,10,0.0,
U09_00013,ORD00006033,2026-04-11,已完成,336.49,微信,服饰,155.22,0,0.0,
U09_00014,ORD00006034,2025-10-09,已完成,105.7,微信,美妆,56.52,15,0.0,
U09_00014,ORD00006035,2026-02-25,已支付,131.92,抖音,食品,60.44,0,0.0,
U09_00015,ORD00006036,2025-10-21,已支付,389.15,小红书,美妆,171.05,10,0.0,
U09_00015,ORD00006037,2025-11-25,已完成,151.02,微信,美妆,100.21,0,0.0,
U09_00015,ORD00006038,2026-02-06,已完成,328.74,其他,服饰,150.61,15,0.0,
U09_00015,ORD00006039,2026-04-19,已支付,216.12,小红书,家居,94.02,15,0.0,
U09_00016,ORD00006040,2025-10-11,已完成,294.25,搜索引擎,美妆,161.77,5,0.0,
U09_00016,ORD00006041,2025-11-17,已支付,241.31,搜索引擎,服饰,166.72,10,0.0,
U09_00016,ORD00006042,2026-03-17,已支付,428.12,微信,食品,298.68,15,0.0,
U09_00016,ORD00006043,2026-04-04,已完成,97.43,小红书,美妆,59.33,10,0.0,
U09_00017,ORD00006044,2025-10-04,已支付,200.38,其他,食品,128.8,15,0.0,
U09_00017,ORD00006045,2025-12-03,已支付,101.05,小红书,家居,69.1,5,0.0,
U09_00017,ORD00006046,2026-02-06,已支付,433.0,小红书,食品,244.77,10,0.0,
U09_00018,ORD00006047,2025-10-12,已完成,180.5,微信,食品,91.45,10,0.0,
U09_00019,ORD00006048,2025-10-28,已完成,69.75,其他,家居,39.91,10,0.0,
U09_00020,ORD00006049,2025-10-29,已完成,187.04,抖音,数码,90.52,0,0.0,
U09_00021,ORD00006050,2025-10-21,已支付,109.74,其他,美妆,76.03,10,0.0,
U09_00021,ORD00006051,2025-11-25,已支付,273.67,其他,美妆,150.42,0,0.0,
U09_00021,ORD00006052,2025-12-19,已完成,149.18,搜索引擎,美妆,68.75,15,0.0,
U09_00022,ORD00006053,2025-10-04,已支付,367.38,抖音,数码,162.85,15,0.0,
U09_00022,ORD00006054,2025-11-08,已支付,112.96,微信,美妆,57.3,10,0.0,
U09_00022,ORD00006055,2025-12-06,已完成,268.8,抖音,美妆,121.82,0,0.0,
U09_00023,ORD00006056,2025-10-21,已完成,464.24,微信,服饰,290.51,0,0.0,
U09_00023,ORD00006057,2025-11-23,已完成,81.75,搜索引擎,美妆,53.1,0,0.0,
U09_00023,ORD00006058,2026-04-20,已支付,335.37,微信,服饰,167.84,0,199.6,2026-05-31
U09_00024,ORD00006059,2025-10-06,已支付,75.66,微信,美妆,31.17,5,0.0,
U09_00024,ORD00006060,2025-12-03,已支付,250.23,小红书,食品,125.8,15,0.0,
U09_00024,ORD00006061,2026-01-11,已支付,214.09,抖音,食品,87.73,5,0.0,
U09_00025,ORD00006062,2025-10-28,已完成,241.18,微信,服饰,129.55,10,0.0,
U09_00025,ORD00006063,2026-02-08,已支付,142.83,微信,家居,99.92,0,0.0,
U09_00026,ORD00006064,2025-10-07,已支付,88.43,其他,美妆,50.82,10,0.0,
U09_00026,ORD00006065,2026-01-25,已完成,186.94,抖音,数码,81.11,10,0.0,
U09_00026,ORD00006066,2026-04-26,已完成,225.47,微信,服饰,126.59,5,0.0,
U09_00027,ORD00006067,2025-10-11,已支付,397.24,小红书,数码,219.46,10,0.0,
U09_00027,ORD00006068,2025-11-07,已支付,330.9,微信,服饰,215.18,15,0.0,
U09_00027,ORD00006069,2026-02-06,已支付,165.07,小红书,美妆,109.78,5,0.0,
U09_00027,ORD00006070,2026-03-31,已完成,52.39,其他,食品,27.14,10,0.0,
U09_00028,ORD00006071,2025-10-19,已完成,415.88,微信,美妆,185.01,15,0.0,
U09_00029,ORD00006072,2025-10-29,已完成,243.27,小红书,家居,139.86,5,0.0,
U09_00029,ORD00006073,2025-11-25,已完成,202.54,搜索引擎,数码,137.57,5,146.08,2026-01-04
U09_00030,ORD00006074,2025-10-10,已完成,115.91,小红书,服饰,69.92,10,80.86,2025-11-05
U09_00030,ORD00006075,2025-11-08,已完成,61.99,微信,服饰,38.17,15,0.0,
U09_00030,ORD00006076,2026-02-12,已支付,398.92,搜索引擎,家居,185.65,5,0.0,
U09_00031,ORD00006077,2025-10-26,已完成,374.8,搜索引擎,数码,237.87,15,0.0,
U09_00031,ORD00006078,2026-01-17,已支付,190.35,搜索引擎,服饰,115.65,5,0.0,
U09_00031,ORD00006079,2026-03-25,已完成,381.23,微信,家居,169.03,0,0.0,
U09_00032,ORD00006080,2025-10-15,已支付,251.73,其他,美妆,143.53,10,0.0,
U09_00032,ORD00006081,2025-12-23,已完成,298.14,搜索引擎,美妆,135.13,15,0.0,
U09_00032,ORD00006082,2026-02-14,已完成,262.49,其他,服饰,182.52,5,0.0,
U09_00032,ORD00006083,2026-04-13,已完成,432.86,微信,服饰,208.97,0,0.0,
U09_00033,ORD00006084,2025-10-21,已支付,434.91,搜索引擎,食品,265.11,10,257.11,2025-11-21
U09_00033,ORD00006085,2025-11-12,已支付,406.19,搜索引擎,食品,223.69,15,0.0,
U09_00033,ORD00006086,2026-01-31,已支付,311.57,小红书,数码,217.99,0,0.0,
U09_00033,ORD00006087,2026-02-01,已完成,230.01,小红书,服饰,145.02,10,0.0,
U09_00034,ORD00006088,2025-10-05,已完成,471.75,抖音,数码,235.09,5,0.0,
U09_00034,ORD00006089,2025-11-12,已完成,295.23,其他,食品,168.21,15,0.0,
U09_00034,ORD00006090,2026-01-27,已完成,436.54,微信,食品,219.08,0,0.0,
U09_00035,ORD00006091,2025-10-21,已支付,221.56,其他,美妆,115.7,10,0.0,
U09_00035,ORD00006092,2026-01-21,已支付,481.35,其他,数码,265.31,10,0.0,
U09_00035,ORD00006093,2026-04-04,已完成,98.29,抖音,数码,55.32,15,0.0,
U09_00036,ORD00006094,2025-10-20,已完成,350.22,微信,家居,213.69,10,0.0,
U09_00036,ORD00006095,2025-11-12,已支付,449.87,抖音,服饰,296.05,10,0.0,
U09_00037,ORD00006096,2025-10-18,已支付,364.41,抖音,食品,251.4,0,0.0,
U09_00037,ORD00006097,2025-11-13,已完成,224.88,其他,数码,133.08,10,0.0,
U09_00037,ORD00006098,2026-01-08,已支付,182.5,微信,食品,80.76,15,0.0,
U09_00037,ORD00006099,2026-04-25,已支付,198.09,抖音,服饰,100.04,10,0.0,
U09_00038,ORD00006100,2025-10-20,已完成,491.04,搜索引擎,家居,241.7,0,0.0,
U09_00038,ORD00006101,2025-12-25,已完成,379.42,其他,服饰,160.43,10,0.0,
U09_00039,ORD00006102,2025-10-15,已完成,181.56,搜索引擎,家居,102.1,0,0.0,
U09_00039,ORD00006103,2025-12-31,已支付,456.13,其他,服饰,210.14,0,0.0,
U09_00040,ORD00006104,2025-10-26,已支付,118.62,搜索引擎,食品,64.36,10,0.0,
U09_00040,ORD00006105,2026-01-26,已完成,298.84,其他,美妆,169.92,10,0.0,
U09_00041,ORD00006106,2025-10-12,已支付,259.82,搜索引擎,数码,148.79,10,0.0,
U09_00041,ORD00006107,2025-11-21,已完成,240.86,小红书,家居,129.0,10,232.4,2025-12-06
U09_00041,ORD00006108,2025-12-01,已完成,106.3,搜索引擎,服饰,67.7,5,0.0,
U09_00042,ORD00006109,2025-10-25,已完成,320.98,搜索引擎,家居,148.24,10,0.0,
U09_00042,ORD00006110,2026-04-26,已完成,428.52,小红书,食品,258.09,15,306.88,2026-06-15
U09_00043,ORD00006111,2025-10-19,已完成,457.2,抖音,服饰,267.59,10,0.0,
U09_00043,ORD00006112,2026-01-09,已完成,76.31,其他,美妆,31.67,0,0.0,
U09_00044,ORD00006113,2025-10-14,已完成,329.29,搜索引擎,家居,173.18,15,0.0,
U09_00044,ORD00006114,2025-12-06,已完成,414.34,小红书,美妆,187.83,5,0.0,
U09_00044,ORD00006115,2026-02-07,已完成,239.19,抖音,美妆,131.56,0,0.0,
U09_00045,ORD00006116,2025-10-06,已完成,239.95,其他,美妆,104.66,10,0.0,
U09_00045,ORD00006117,2026-02-20,已支付,421.97,微信,食品,237.53,10,0.0,
U09_00046,ORD00006118,2025-10-13,已完成,62.27,抖音,服饰,37.72,10,0.0,
U09_00046,ORD00006119,2025-12-06,已完成,296.89,微信,食品,199.33,0,0.0,
U09_00047,ORD00006120,2025-10-11,已支付,328.35,抖音,美妆,146.12,5,0.0,
U09_00047,ORD00006121,2025-12-22,已完成,330.79,抖音,食品,179.78,15,0.0,
U09_00047,ORD00006122,2026-02-22,已完成,473.22,抖音,服饰,219.23,10,0.0,
U09_00048,ORD00006123,2025-10-30,已完成,127.84,搜索引擎,服饰,86.59,0,0.0,
U09_00049,ORD00006124,2025-10-26,已完成,270.02,搜索引擎,服饰,139.42,0,0.0,
U09_00049,ORD00006125,2025-11-09,已完成,225.31,微信,家居,113.31,5,0.0,
U09_00049,ORD00006126,2025-12-24,已支付,353.46,搜索引擎,食品,217.92,15,0.0,
U09_00050,ORD00006127,2025-10-06,已支付,125.19,搜索引擎,美妆,86.12,0,0.0,
U09_00050,ORD00006128,2025-11-08,已完成,436.0,其他,服饰,267.15,10,0.0,
U09_00050,ORD00006129,2026-01-18,已完成,137.38,微信,服饰,67.1,10,114.86,2026-03-17
U09_00051,ORD00006130,2025-10-01,已完成,495.9,微信,食品,268.05,10,0.0,
U09_00051,ORD00006131,2025-11-15,已完成,420.21,其他,服饰,215.56,15,0.0,
U09_00051,ORD00006132,2025-12-08,已完成,312.66,抖音,家居,142.0,10,0.0,
U09_00051,ORD00006133,2026-02-07,已支付,110.58,抖音,家居,47.63,10,0.0,
U09_00052,ORD00006134,2025-10-02,已支付,442.7,抖音,家居,221.17,0,0.0,
U09_00052,ORD00006135,2025-12-22,已支付,77.82,其他,美妆,31.56,10,0.0,
U09_00052,ORD00006136,2026-04-08,已完成,54.42,其他,食品,23.88,0,0.0,
U09_00053,ORD00006137,2025-10-25,已完成,207.41,其他,服饰,112.71,0,0.0,
U09_00053,ORD00006138,2025-11-14,已完成,271.08,小红书,家居,123.53,10,0.0,
U09_00053,ORD00006139,2025-12-01,已完成,364.76,抖音,美妆,251.03,10,305.8,2026-01-02
U09_00054,ORD00006140,2025-10-06,已完成,131.59,微信,美妆,75.74,10,0.0,
U09_00054,ORD00006141,2025-11-30,已支付,456.98,小红书,数码,194.54,10,0.0,
U09_00055,ORD00006142,2025-10-13,已完成,79.64,微信,食品,36.35,10,0.0,
U09_00055,ORD00006143,2025-11-08,已支付,129.44,搜索引擎,数码,54.66,0,0.0,
U09_00055,ORD00006144,2026-01-12,已支付,84.68,抖音,家居,38.31,10,0.0,
U09_00056,ORD00006145,2025-10-17,已完成,272.49,其他,食品,118.07,10,0.0,
U09_00056,ORD00006146,2025-11-09,已完成,119.74,抖音,数码,50.03,10,0.0,
U09_00056,ORD00006147,2026-02-16,已支付,61.58,其他,数码,38.08,15,0.0,
U09_00057,ORD00006148,2025-10-24,已完成,309.24,抖音,服饰,192.82,10,0.0,
U09_00057,ORD00006149,2025-11-08,已支付,266.06,抖音,服饰,120.88,15,0.0,
U09_00057,ORD00006150,2026-02-16,已完成,74.07,抖音,数码,32.85,10,0.0,
U09_00057,ORD00006151,2026-03-18,已完成,142.92,其他,美妆,80.73,5,0.0,
U09_00058,ORD00006152,2025-10-04,已完成,426.75,微信,数码,201.14,10,0.0,
U09_00058,ORD00006153,2026-02-02,已支付,266.79,搜索引擎,数码,125.22,5,0.0,
U09_00059,ORD00006154,2025-10-17,已支付,252.69,抖音,食品,136.05,5,0.0,
U09_00059,ORD00006155,2025-11-16,已支付,351.76,其他,美妆,193.92,0,340.94,2026-01-08
U09_00060,ORD00006156,2025-10-24,已完成,65.5,小红书,食品,43.57,10,0.0,
U09_00060,ORD00006157,2026-02-17,已完成,195.19,抖音,服饰,96.13,0,0.0,
U09_00061,ORD00006158,2025-10-21,已完成,200.8,微信,食品,122.41,10,0.0,
U09_00061,ORD00006159,2025-12-09,已支付,68.65,其他,食品,35.14,10,0.0,
U09_00061,ORD00006160,2026-02-17,已完成,322.84,抖音,美妆,190.48,0,0.0,
U09_00062,ORD00006161,2025-10-11,已完成,159.53,微信,服饰,80.06,10,0.0,
U09_00062,ORD00006162,2026-01-27,已完成,202.42,微信,数码,111.3,15,0.0,
U09_00063,ORD00006163,2025-10-26,已完成,245.69,微信,服饰,114.84,5,0.0,
U09_00063,ORD00006164,2026-01-30,已完成,348.63,抖音,家居,151.83,15,0.0,
U09_00064,ORD00006165,2025-10-10,已完成,239.63,搜索引擎,家居,151.08,5,0.0,
U09_00065,ORD00006166,2025-10-20,已完成,101.69,微信,食品,59.42,15,0.0,
U09_00065,ORD00006167,2026-04-23,已完成,479.8,抖音,服饰,201.31,10,0.0,
U09_00066,ORD00006168,2025-10-26,已完成,282.92,微信,数码,195.48,10,0.0,
U09_00066,ORD00006169,2025-11-30,已完成,465.06,搜索引擎,食品,202.67,5,0.0,
U09_00066,ORD00006170,2026-01-19,已完成,61.01,微信,家居,34.09,10,0.0,
U09_00066,ORD00006171,2026-03-09,已支付,483.66,微信,美妆,241.26,10,0.0,
U09_00067,ORD00006172,2025-10-29,已完成,372.0,微信,数码,194.39,10,0.0,
U09_00067,ORD00006173,2025-11-14,已完成,305.13,其他,服饰,154.16,0,0.0,
U09_00068,ORD00006174,2025-10-06,已完成,392.04,抖音,家居,193.04,10,0.0,
U09_00068,ORD00006175,2025-12-28,已完成,100.01,微信,服饰,51.28,10,0.0,
U09_00069,ORD00006176,2025-10-06,已完成,284.43,搜索引擎,服饰,115.35,5,0.0,
U09_00069,ORD00006177,2025-11-24,已完成,216.94,搜索引擎,服饰,104.11,10,0.0,
U09_00069,ORD00006178,2026-02-07,已完成,122.69,抖音,家居,56.03,10,67.36,2026-03-31
U09_00070,ORD00006179,2025-10-04,已支付,342.86,抖音,数码,195.54,5,176.43,2025-11-05
U09_00070,ORD00006180,2026-03-07,已支付,291.61,抖音,美妆,175.0,15,0.0,
U09_00071,ORD00006181,2025-10-19,已支付,98.61,微信,美妆,64.66,15,0.0,
U09_00071,ORD00006182,2026-01-31,已完成,212.56,抖音,食品,143.15,10,0.0,
U09_00071,ORD00006183,2026-04-26,已支付,104.42,搜索引擎,食品,66.36,10,63.89,2026-05-16
U09_00072,ORD00006184,2025-10-17,已完成,190.74,搜索引擎,服饰,99.55,5,0.0,
U09_00072,ORD00006185,2025-12-27,已支付,444.49,抖音,服饰,207.54,5,0.0,
U09_00072,ORD00006186,2026-03-28,已完成,301.16,小红书,美妆,207.0,10,0.0,
U09_00073,ORD00006187,2025-10-01,已完成,119.76,其他,美妆,50.99,0,0.0,
U09_00073,ORD00006188,2026-02-11,已完成,219.64,其他,食品,103.88,5,0.0,
U09_00074,ORD00006189,2025-10-15,已支付,231.79,微信,数码,128.54,10,0.0,
U09_00074,ORD00006190,2026-03-11,已完成,166.41,小红书,数码,108.47,15,0.0,
U09_00074,ORD00006191,2026-04-24,已支付,53.1,搜索引擎,数码,28.51,15,0.0,
U09_00075,ORD00006192,2025-10-21,已完成,129.47,小红书,家居,61.4,0,0.0,
U09_00075,ORD00006193,2026-01-01,已完成,98.87,抖音,服饰,43.58,10,0.0,
U09_00076,ORD00006194,2025-10-10,已完成,93.97,小红书,服饰,48.48,15,48.73,2025-11-05
U09_00076,ORD00006195,2025-12-22,已支付,263.68,微信,美妆,166.02,15,0.0,
U09_00076,ORD00006196,2026-02-11,已完成,208.19,小红书,家居,99.69,5,0.0,
U09_00077,ORD00006197,2025-10-13,已完成,224.15,其他,美妆,93.45,15,0.0,
U09_00077,ORD00006198,2025-12-05,已支付,221.27,抖音,食品,128.77,10,0.0,
U09_00077,ORD00006199,2026-01-26,已完成,440.75,抖音,食品,258.57,10,0.0,
U09_00078,ORD00006200,2025-10-01,已完成,298.43,微信,家居,153.99,10,0.0,
U09_00079,ORD00006201,2025-10-14,已完成,461.32,微信,美妆,290.13,5,249.55,2025-12-07
U09_00079,ORD00006202,2025-11-06,已支付,325.57,抖音,食品,216.4,0,232.86,2025-12-23
U09_00079,ORD00006203,2026-01-01,已完成,94.21,小红书,美妆,58.75,15,0.0,
U09_00079,ORD00006204,2026-02-06,已完成,134.34,抖音,家居,74.6,5,0.0,
U09_00080,ORD00006205,2025-10-17,已完成,263.59,小红书,数码,128.27,5,224.43,2025-11-10
U09_00080,ORD00006206,2025-11-04,已支付,336.88,搜索引擎,服饰,174.19,0,0.0,
U09_00080,ORD00006207,2026-03-28,已完成,441.2,其他,食品,224.59,5,0.0,
U09_00081,ORD00006208,2025-10-11,已完成,335.93,微信,食品,196.69,10,0.0,
U09_00081,ORD00006209,2025-11-14,已完成,468.31,小红书,食品,227.92,10,0.0,
U09_00081,ORD00006210,2026-04-28,已完成,168.41,小红书,食品,73.37,10,0.0,
U09_00082,ORD00006211,2025-10-29,已支付,360.66,小红书,数码,205.7,15,0.0,
U09_00082,ORD00006212,2025-11-16,已完成,308.29,抖音,家居,127.83,10,0.0,
U09_00082,ORD00006213,2026-01-11,已完成,284.26,微信,数码,142.04,10,0.0,
U09_00083,ORD00006214,2025-10-28,已支付,439.88,其他,美妆,209.5,15,0.0,
U09_00083,ORD00006215,2025-11-28,已完成,228.37,微信,美妆,107.48,10,0.0,
U09_00083,ORD00006216,2025-12-10,已完成,499.56,微信,服饰,227.14,10,0.0,
U09_00083,ORD00006217,2026-01-09,已完成,129.83,小红书,数码,87.72,10,0.0,
U09_00083,ORD00006218,2026-02-18,已完成,151.21,抖音,食品,62.09,0,0.0,
U09_00084,ORD00006219,2025-10-21,已完成,332.05,抖音,服饰,226.76,10,0.0,
U09_00084,ORD00006220,2026-01-20,已完成,240.34,其他,美妆,158.64,5,0.0,
U09_00085,ORD00006221,2025-10-15,已完成,483.5,微信,食品,316.66,10,0.0,
U09_00085,ORD00006222,2025-11-14,已完成,499.85,其他,数码,320.72,5,288.8,2025-11-28
U09_00085,ORD00006223,2026-02-02,已支付,147.6,其他,美妆,80.7,5,0.0,
U09_00086,ORD00006224,2025-10-26,已完成,480.54,其他,服饰,278.91,10,0.0,
U09_00087,ORD00006225,2025-10-22,已完成,278.18,搜索引擎,食品,188.96,5,214.61,2025-11-15
U09_00087,ORD00006226,2025-12-06,已支付,270.67,抖音,美妆,172.29,10,0.0,
U09_00087,ORD00006227,2026-01-12,已完成,187.2,搜索引擎,家居,130.8,5,0.0,
U09_00088,ORD00006228,2025-10-29,已完成,176.85,小红书,食品,102.18,5,0.0,
U09_00088,ORD00006229,2025-11-27,已支付,461.23,微信,家居,291.12,10,0.0,
U09_00088,ORD00006230,2026-01-06,已完成,427.97,其他,数码,175.72,0,0.0,
U09_00089,ORD00006231,2025-10-28,已完成,99.72,微信,食品,46.74,10,0.0,
U09_00089,ORD00006232,2025-11-21,已支付,294.75,搜索引擎,美妆,190.89,15,0.0,
U09_00090,ORD00006233,2025-10-25,已完成,367.88,抖音,家居,238.45,0,300.13,2025-11-15
U09_00090,ORD00006234,2026-01-04,已完成,141.3,微信,家居,70.15,10,0.0,
U09_00091,ORD00006235,2025-10-16,已完成,202.45,其他,美妆,94.03,15,179.78,2025-11-23
U09_00091,ORD00006236,2025-11-12,已完成,234.54,小红书,食品,120.9,5,0.0,
U09_00091,ORD00006237,2025-12-18,已完成,323.55,抖音,数码,189.37,0,0.0,
U09_00091,ORD00006238,2026-01-26,已完成,82.52,抖音,服饰,36.29,15,0.0,
U09_00091,ORD00006239,2026-03-22,已支付,311.98,搜索引擎,食品,216.18,15,0.0,
U09_00091,ORD00006240,2026-04-24,已完成,276.32,搜索引擎,数码,152.08,5,0.0,
U09_00092,ORD00006241,2025-10-16,已完成,164.08,其他,食品,109.95,5,142.88,2025-11-13
U09_00093,ORD00006242,2025-10-16,已支付,99.82,微信,家居,42.03,15,0.0,
U09_00094,ORD00006243,2025-10-08,已完成,360.48,其他,食品,218.58,5,243.4,2025-12-07
U09_00094,ORD00006244,2025-11-19,已完成,259.52,抖音,家居,171.81,5,0.0,
U09_00094,ORD00006245,2026-01-30,已支付,281.29,其他,食品,171.96,5,0.0,
U09_00095,ORD00006246,2025-10-22,已完成,154.1,小红书,食品,75.79,10,0.0,
U09_00095,ORD00006247,2026-04-03,已支付,477.03,抖音,家居,244.1,5,449.17,2026-05-20
U09_00096,ORD00006248,2025-10-12,已完成,471.95,搜索引擎,家居,264.18,5,0.0,
U09_00096,ORD00006249,2025-11-17,已完成,345.73,小红书,食品,239.83,5,0.0,
U09_00096,ORD00006250,2025-12-19,已支付,197.91,微信,家居,88.96,10,0.0,
U09_00096,ORD00006251,2026-01-15,已支付,58.67,抖音,美妆,24.88,15,0.0,
U09_00097,ORD00006252,2025-10-27,已完成,121.26,抖音,家居,65.6,15,65.4,2025-11-17
U09_00098,ORD00006253,2025-10-27,已完成,391.34,小红书,数码,257.89,0,275.21,2025-12-20
U09_00099,ORD00006254,2025-10-12,已完成,381.5,微信,美妆,161.02,15,0.0,
U09_00099,ORD00006255,2025-11-18,已完成,224.1,抖音,美妆,100.0,5,0.0,
U09_00099,ORD00006256,2025-12-31,已支付,267.67,小红书,家居,174.59,5,0.0,
U09_00100,ORD00006257,2025-10-19,已完成,232.45,微信,食品,149.18,0,0.0,
U09_00100,ORD00006258,2025-11-22,已完成,57.02,其他,食品,28.51,0,0.0,
U09_00100,ORD00006259,2026-02-22,已完成,322.43,其他,服饰,203.38,0,0.0,
U09_00101,ORD00006260,2025-10-28,已支付,333.25,搜索引擎,食品,179.59,10,0.0,
U09_00101,ORD00006261,2025-12-04,已完成,300.19,其他,美妆,165.07,10,0.0,
U09_00101,ORD00006262,2026-04-28,已完成,268.7,搜索引擎,美妆,141.63,10,0.0,
U09_00102,ORD00006263,2025-10-17,已支付,454.72,微信,美妆,240.6,10,0.0,
U09_00102,ORD00006264,2025-12-31,已完成,300.5,其他,食品,204.16,10,0.0,
U09_00102,ORD00006265,2026-02-28,已支付,437.59,抖音,食品,299.47,10,0.0,
U09_00103,ORD00006266,2025-10-18,已支付,202.97,抖音,美妆,87.62,10,0.0,
U09_00103,ORD00006267,2026-03-17,已完成,494.73,微信,家居,280.93,10,0.0,
U09_00104,ORD00006268,2025-10-15,已支付,218.53,微信,食品,130.61,15,130.25,2025-12-14
U09_00104,ORD00006269,2026-01-06,已支付,358.86,搜索引擎,家居,203.85,10,0.0,
U09_00105,ORD00006270,2025-10-21,已完成,335.41,抖音,美妆,216.59,15,0.0,
U09_00105,ORD00006271,2025-12-21,已完成,115.63,小红书,家居,71.66,0,0.0,
U09_00105,ORD00006272,2026-04-07,已完成,291.76,抖音,食品,195.67,15,203.67,2026-05-31
U09_00106,ORD00006273,2025-10-29,已支付,132.79,小红书,数码,89.51,5,0.0,
U09_00106,ORD00006274,2026-02-14,已支付,125.67,微信,数码,82.59,10,0.0,
U09_00107,ORD00006275,2025-10-05,已完成,408.8,微信,食品,168.45,15,0.0,
U09_00107,ORD00006276,2026-02-01,已完成,158.23,微信,食品,78.66,5,0.0,
U09_00108,ORD00006277,2025-10-31,已完成,277.98,搜索引擎,家居,169.84,5,0.0,
U09_00108,ORD00006278,2026-03-31,已支付,310.52,微信,数码,163.31,5,0.0,
U09_00109,ORD00006279,2025-10-03,已完成,459.55,搜索引擎,家居,312.99,15,0.0,
U09_00109,ORD00006280,2025-12-25,已支付,459.65,其他,家居,204.02,5,0.0,
U09_00109,ORD00006281,2026-01-07,已完成,310.23,其他,服饰,176.44,15,0.0,
U09_00109,ORD00006282,2026-04-24,已完成,185.07,小红书,美妆,83.63,10,180.91,2026-06-12
U09_00110,ORD00006283,2025-10-19,已完成,147.71,搜索引擎,服饰,65.41,0,0.0,
U09_00110,ORD00006284,2025-11-02,已支付,65.99,微信,数码,30.05,10,0.0,
U09_00110,ORD00006285,2026-02-28,已完成,281.33,小红书,食品,122.82,10,0.0,
U09_00110,ORD00006286,2026-04-27,已完成,293.55,微信,食品,165.92,5,0.0,
U09_00111,ORD00006287,2025-10-26,已支付,438.76,微信,家居,247.81,15,0.0,
U09_00111,ORD00006288,2026-02-16,已完成,176.06,搜索引擎,食品,99.56,10,0.0,
U09_00111,ORD00006289,2026-03-07,已完成,126.94,微信,美妆,71.24,10,0.0,
U09_00112,ORD00006290,2025-10-15,已完成,92.12,小红书,服饰,56.1,15,0.0,
U09_00113,ORD00006291,2025-10-26,已完成,88.19,抖音,美妆,39.25,10,0.0,
U09_00113,ORD00006292,2025-11-04,已支付,120.64,抖音,美妆,71.3,0,0.0,
U09_00113,ORD00006293,2025-12-13,已完成,130.37,其他,数码,56.11,10,0.0,
U09_00113,ORD00006294,2026-01-13,已完成,302.45,抖音,服饰,163.53,0,0.0,
U09_00113,ORD00006295,2026-03-02,已完成,463.09,小红书,家居,203.41,10,0.0,
U09_00114,ORD00006296,2025-10-10,已支付,51.9,搜索引擎,食品,26.12,15,0.0,
U09_00114,ORD00006297,2026-01-30,已完成,271.2,搜索引擎,数码,170.88,15,252.41,2026-03-17
U09_00114,ORD00006298,2026-04-09,已完成,225.19,微信,食品,91.25,15,0.0,
U09_00115,ORD00006299,2025-10-19,已完成,331.08,微信,数码,198.68,15,0.0,
U09_00115,ORD00006300,2025-11-05,已完成,478.5,其他,美妆,205.65,0,0.0,
U09_00116,ORD00006301,2025-10-01,已支付,272.58,微信,数码,124.7,5,0.0,
U09_00116,ORD00006302,2025-12-09,已支付,114.34,微信,家居,62.53,15,0.0,
U09_00117,ORD00006303,2025-10-04,已完成,239.52,微信,家居,159.3,0,0.0,
U09_00117,ORD00006304,2026-01-04,已完成,169.74,微信,服饰,100.34,10,0.0,
U09_00117,ORD00006305,2026-02-16,已完成,85.77,抖音,服饰,47.19,0,0.0,
U09_00118,ORD00006306,2025-10-12,已支付,336.5,微信,家居,196.43,15,0.0,
U09_00119,ORD00006307,2025-10-30,已支付,248.53,抖音,数码,118.47,10,0.0,
U09_00120,ORD00006308,2025-10-01,已完成,145.63,抖音,服饰,71.44,5,0.0,
U09_00120,ORD00006309,2025-11-12,已支付,139.82,微信,数码,61.62,10,0.0,
U09_00120,ORD00006310,2026-01-10,已完成,307.49,抖音,食品,140.68,10,0.0,
U09_00120,ORD00006311,2026-02-20,已完成,480.48,微信,服饰,219.85,10,0.0,
U09_00121,ORD00006312,2025-10-18,已完成,458.0,其他,服饰,249.33,10,0.0,
U09_00121,ORD00006313,2025-11-11,已完成,256.47,抖音,家居,144.05,10,174.13,2025-12-28
U09_00121,ORD00006314,2025-12-22,已完成,469.97,微信,美妆,217.83,10,0.0,
U09_00121,ORD00006315,2026-03-23,已支付,323.43,抖音,家居,158.32,5,0.0,
U09_00122,ORD00006316,2025-10-31,已支付,136.04,抖音,食品,86.7,5,0.0,
U09_00122,ORD00006317,2026-04-09,已完成,81.55,搜索引擎,食品,49.61,0,0.0,
U09_00123,ORD00006318,2025-10-26,已支付,147.52,抖音,美妆,94.86,0,0.0,
U09_00123,ORD00006319,2025-12-18,已完成,69.9,其他,数码,33.18,10,0.0,
U09_00124,ORD00006320,2025-10-04,已支付,261.38,搜索引擎,食品,116.79,0,239.73,2025-11-17
U09_00124,ORD00006321,2025-11-03,已完成,94.78,其他,服饰,64.87,10,0.0,
U09_00124,ORD00006322,2026-01-08,已完成,265.2,其他,食品,119.84,10,0.0,
U09_00125,ORD00006323,2025-10-20,已完成,228.77,抖音,数码,123.17,0,0.0,
U09_00125,ORD00006324,2026-01-24,已完成,453.9,搜索引擎,服饰,206.7,5,0.0,
U09_00125,ORD00006325,2026-02-20,已完成,100.07,抖音,食品,46.07,15,0.0,
U09_00126,ORD00006326,2025-10-01,已完成,393.38,抖音,数码,157.61,10,338.04,2025-11-15
U09_00126,ORD00006327,2025-11-18,已完成,176.62,其他,数码,120.14,10,0.0,
U09_00126,ORD00006328,2025-12-16,已支付,183.3,小红书,食品,79.32,5,0.0,
U09_00126,ORD00006329,2026-02-14,已完成,458.83,抖音,家居,221.43,15,230.15,2026-04-07
U09_00127,ORD00006330,2025-10-05,已支付,201.25,小红书,家居,100.3,10,0.0,
U09_00127,ORD00006331,2026-03-29,已完成,499.31,其他,美妆,250.71,10,0.0,
U09_00127,ORD00006332,2026-04-26,已完成,142.58,搜索引擎,数码,87.08,10,0.0,
U09_00128,ORD00006333,2025-10-31,已完成,357.24,搜索引擎,服饰,199.57,15,0.0,
U09_00128,ORD00006334,2025-11-30,已支付,465.14,小红书,家居,291.6,15,0.0,
U09_00128,ORD00006335,2025-12-19,已完成,256.5,抖音,数码,126.28,0,153.5,2026-02-12
U09_00129,ORD00006336,2025-10-08,已完成,306.52,其他,数码,137.43,15,0.0,
U09_00130,ORD00006337,2025-10-26,已支付,221.87,搜索引擎,食品,108.31,5,0.0,
U09_00130,ORD00006338,2025-12-09,已完成,294.33,其他,数码,135.89,10,0.0,
U09_00130,ORD00006339,2026-02-28,已完成,385.73,抖音,服饰,261.87,5,0.0,
U09_00131,ORD00006340,2025-10-08,已完成,315.74,抖音,服饰,147.41,10,0.0,
U09_00131,ORD00006341,2025-12-23,已完成,116.43,其他,食品,68.23,10,0.0,
U09_00132,ORD00006342,2025-10-26,已完成,165.39,抖音,家居,84.01,0,0.0,
U09_00133,ORD00006343,2025-10-30,已支付,282.3,搜索引擎,食品,182.34,5,0.0,
U09_00133,ORD00006344,2026-02-16,已支付,106.22,抖音,美妆,65.85,10,0.0,
U09_00133,ORD00006345,2026-04-24,已完成,152.29,小红书,家居,74.51,15,117.44,2026-05-22
U09_00134,ORD00006346,2025-10-28,已完成,189.72,搜索引擎,美妆,117.66,0,0.0,
U09_00134,ORD00006347,2025-12-19,已完成,403.62,其他,家居,174.8,5,0.0,
U09_00135,ORD00006348,2025-10-31,已完成,248.98,微信,食品,108.35,10,0.0,
U09_00136,ORD00006349,2025-10-06,已完成,99.14,微信,服饰,64.26,15,0.0,
U09_00136,ORD00006350,2026-03-17,已完成,147.96,搜索引擎,美妆,93.66,0,0.0,
U09_00137,ORD00006351,2025-10-15,已完成,393.65,抖音,服饰,234.92,5,0.0,
U09_00137,ORD00006352,2025-11-24,已完成,480.41,其他,美妆,193.23,5,0.0,
U09_00138,ORD00006353,2025-10-22,已支付,198.97,小红书,食品,116.74,15,0.0,
U09_00138,ORD00006354,2025-11-12,已完成,212.98,微信,家居,121.38,5,204.74,2026-01-03
U09_00139,ORD00006355,2025-10-28,已完成,126.28,抖音,数码,56.42,15,0.0,
U09_00140,ORD00006356,2025-10-05,已支付,120.99,其他,服饰,49.78,10,0.0,
U09_00140,ORD00006357,2026-02-17,已完成,345.58,搜索引擎,数码,229.5,10,0.0,
U09_00141,ORD00006358,2025-10-08,已支付,255.18,小红书,数码,166.67,15,0.0,
U09_00141,ORD00006359,2025-11-03,已完成,248.2,搜索引擎,服饰,144.58,10,0.0,
U09_00142,ORD00006360,2025-10-03,已完成,444.02,其他,服饰,269.62,15,0.0,
U09_00142,ORD00006361,2025-11-16,已完成,72.91,搜索引擎,数码,43.23,5,0.0,
U09_00142,ORD00006362,2026-02-13,已支付,331.91,搜索引擎,食品,178.07,0,0.0,
U09_00143,ORD00006363,2025-10-11,已支付,151.87,其他,服饰,95.6,10,0.0,
U09_00143,ORD00006364,2025-11-06,已支付,278.08,抖音,服饰,164.52,15,0.0,
U09_00143,ORD00006365,2025-12-14,已完成,76.08,抖音,食品,36.04,10,0.0,
U09_00144,ORD00006366,2025-10-27,已支付,156.02,其他,食品,66.56,0,0.0,
U09_00145,ORD00006367,2025-10-02,已完成,242.26,搜索引擎,美妆,165.85,10,0.0,
U09_00145,ORD00006368,2025-12-10,已完成,485.66,微信,数码,209.76,10,0.0,
U09_00145,ORD00006369,2026-01-01,已支付,405.99,小红书,美妆,277.81,10,0.0,
U09_00145,ORD00006370,2026-03-30,已支付,63.54,微信,数码,35.21,5,0.0,
U09_00146,ORD00006371,2025-10-21,已完成,329.23,小红书,数码,194.46,0,0.0,
U09_00146,ORD00006372,2025-12-11,已支付,406.46,搜索引擎,美妆,169.26,10,0.0,
U09_00147,ORD00006373,2025-10-16,已完成,436.04,抖音,家居,274.79,15,0.0,
U09_00147,ORD00006374,2025-11-01,已支付,242.6,搜索引擎,食品,164.69,0,132.88,2025-12-15
U09_00147,ORD00006375,2025-12-18,已支付,378.51,微信,食品,153.9,0,306.65,2026-01-14
U09_00147,ORD00006376,2026-01-17,已完成,496.69,小红书,美妆,330.99,5,0.0,
U09_00148,ORD00006377,2025-10-12,已完成,456.01,抖音,美妆,231.42,5,0.0,
U09_00148,ORD00006378,2025-11-10,已完成,445.32,搜索引擎,家居,288.16,0,0.0,
U09_00148,ORD00006379,2026-03-31,已完成,336.22,其他,服饰,182.07,10,0.0,
U09_00149,ORD00006380,2025-10-14,已完成,62.1,微信,服饰,42.09,10,0.0,
U09_00150,ORD00006381,2025-10-16,已支付,305.42,抖音,数码,176.2,10,0.0,
U09_00150,ORD00006382,2025-11-24,已完成,163.8,其他,数码,78.14,10,135.31,2026-01-08
U09_00150,ORD00006383,2025-12-15,已支付,435.91,抖音,数码,240.04,10,0.0,
U09_00150,ORD00006384,2026-01-16,已支付,417.45,搜索引擎,食品,226.38,10,0.0,
U09_00150,ORD00006385,2026-02-22,已完成,468.72,抖音,家居,265.69,0,0.0,
U09_00151,ORD00006386,2025-10-03,已支付,64.21,其他,家居,27.08,10,52.91,2025-10-27
U09_00151,ORD00006387,2025-12-04,已支付,69.78,微信,食品,37.52,10,0.0,
U09_00151,ORD00006388,2026-01-11,已完成,435.75,搜索引擎,服饰,204.41,5,0.0,
U09_00151,ORD00006389,2026-04-22,已完成,403.49,其他,食品,170.58,0,0.0,
U09_00152,ORD00006390,2025-10-22,已支付,355.63,小红书,美妆,156.32,10,0.0,
U09_00152,ORD00006391,2025-11-10,已完成,412.49,抖音,家居,186.36,0,0.0,
U09_00153,ORD00006392,2025-10-24,已完成,404.25,小红书,数码,199.09,15,0.0,
U09_00153,ORD00006393,2025-11-14,已完成,405.07,微信,家居,279.25,5,0.0,
U09_00153,ORD00006394,2025-12-18,已完成,82.33,小红书,服饰,34.04,15,0.0,
U09_00153,ORD00006395,2026-03-22,已完成,491.41,搜索引擎,服饰,303.04,5,0.0,
U09_00153,ORD00006396,2026-04-26,已完成,126.5,微信,家居,82.23,5,0.0,
U09_00154,ORD00006397,2025-10-11,已支付,472.71,抖音,食品,233.57,10,0.0,
U09_00154,ORD00006398,2025-11-01,已完成,272.7,小红书,数码,184.57,15,0.0,
U09_00155,ORD00006399,2025-10-04,已支付,286.15,抖音,服饰,157.8,0,0.0,
U09_00156,ORD00006400,2025-10-11,已完成,290.93,微信,数码,171.67,15,0.0,
U09_00157,ORD00006401,2025-10-05,已完成,428.03,搜索引擎,美妆,285.25,10,0.0,
U09_00157,ORD00006402,2026-01-21,已完成,261.3,小红书,家居,179.22,15,190.19,2026-02-09
U09_00157,ORD00006403,2026-02-28,已完成,428.76,其他,服饰,296.37,15,0.0,
U09_00158,ORD00006404,2025-10-23,已支付,131.59,其他,美妆,61.67,5,0.0,
U09_00158,ORD00006405,2025-11-13,已完成,293.98,搜索引擎,美妆,182.71,10,0.0,
U09_00159,ORD00006406,2025-10-30,已完成,277.86,抖音,家居,161.61,5,253.93,2025-12-26
U09_00159,ORD00006407,2025-11-24,已完成,64.2,搜索引擎,家居,31.03,5,0.0,
U09_00159,ORD00006408,2025-12-31,已完成,361.0,微信,美妆,228.76,15,0.0,
U09_00160,ORD00006409,2025-10-25,已完成,391.0,小红书,美妆,232.53,0,0.0,
U09_00161,ORD00006410,2025-10-02,已完成,78.08,微信,服饰,36.36,10,0.0,
U09_00161,ORD00006411,2025-11-05,已完成,386.85,微信,家居,159.28,15,354.29,2026-01-03
U09_00161,ORD00006412,2025-12-19,已支付,466.2,其他,美妆,291.75,10,0.0,
U09_00161,ORD00006413,2026-01-29,已完成,278.11,小红书,美妆,112.22,5,0.0,
U09_00161,ORD00006414,2026-02-25,已完成,302.66,小红书,服饰,183.94,15,0.0,
U09_00162,ORD00006415,2025-10-13,已完成,468.82,其他,服饰,219.27,10,0.0,
U09_00162,ORD00006416,2025-11-11,已支付,371.54,微信,食品,153.61,10,0.0,
U09_00163,ORD00006417,2025-10-28,已完成,313.05,抖音,家居,215.3,5,0.0,
U09_00163,ORD00006418,2025-11-13,已完成,91.73,抖音,家居,40.07,15,0.0,
U09_00163,ORD00006419,2025-12-23,已完成,371.01,抖音,服饰,237.46,5,0.0,
U09_00163,ORD00006420,2026-04-08,已支付,110.33,其他,服饰,54.93,0,0.0,
U09_00164,ORD00006421,2025-10-18,已完成,446.6,小红书,服饰,209.2,0,0.0,
U09_00164,ORD00006422,2026-02-11,已支付,160.59,小红书,美妆,100.25,10,0.0,
U09_00164,ORD00006423,2026-04-18,已完成,274.84,微信,服饰,141.26,10,0.0,
U09_00165,ORD00006424,2025-10-01,已支付,427.7,微信,家居,175.56,0,0.0,
U09_00165,ORD00006425,2025-12-20,已完成,141.22,微信,数码,62.78,10,0.0,
U09_00165,ORD00006426,2026-04-03,已完成,299.04,抖音,数码,169.98,10,0.0,
U09_00166,ORD00006427,2025-10-10,已完成,388.53,微信,美妆,179.05,0,0.0,
U09_00167,ORD00006428,2025-10-31,已完成,321.35,微信,数码,136.21,10,173.65,2025-12-21
U09_00167,ORD00006429,2026-02-15,已完成,143.07,小红书,数码,59.16,15,0.0,
U09_00168,ORD00006430,2025-10-20,已完成,402.08,搜索引擎,服饰,244.55,15,0.0,
U09_00168,ORD00006431,2026-04-19,已完成,435.81,小红书,食品,222.69,0,0.0,
U09_00169,ORD00006432,2025-10-09,已完成,384.92,其他,食品,176.26,15,0.0,
U09_00169,ORD00006433,2025-11-08,已完成,473.38,微信,食品,322.08,10,0.0,
U09_00170,ORD00006434,2025-10-09,已完成,414.16,微信,美妆,186.67,10,0.0,
U09_00170,ORD00006435,2026-01-29,已完成,191.88,小红书,数码,121.32,0,0.0,
U09_00170,ORD00006436,2026-02-12,已完成,242.4,抖音,美妆,155.65,5,0.0,
U09_00171,ORD00006437,2025-10-31,已完成,142.99,其他,美妆,99.46,15,0.0,
U09_00171,ORD00006438,2025-12-07,已支付,383.57,小红书,美妆,196.05,5,0.0,
U09_00171,ORD00006439,2026-01-17,已完成,313.61,抖音,家居,214.31,10,0.0,
U09_00172,ORD00006440,2025-10-20,已支付,343.66,其他,美妆,143.98,10,0.0,
U09_00172,ORD00006441,2026-03-01,已完成,436.29,其他,家居,282.2,10,0.0,
U09_00173,ORD00006442,2025-10-24,已完成,277.91,小红书,数码,121.02,0,0.0,
U09_00173,ORD00006443,2026-03-18,已支付,161.67,其他,美妆,110.39,10,0.0,
U09_00174,ORD00006444,2025-10-25,已完成,253.36,其他,美妆,151.43,10,0.0,
U09_00174,ORD00006445,2026-01-10,已支付,238.43,微信,家居,114.93,5,0.0,
U09_00175,ORD00006446,2025-10-09,已完成,62.71,搜索引擎,美妆,38.73,10,0.0,
U09_00175,ORD00006447,2026-03-27,已支付,467.85,其他,家居,317.18,10,304.38,2026-04-30
U09_00176,ORD00006448,2025-10-18,已完成,398.96,其他,美妆,257.12,15,0.0,
U09_00177,ORD00006449,2025-10-09,已支付,74.33,微信,食品,35.23,10,0.0,
U09_00177,ORD00006450,2025-11-14,已支付,254.6,小红书,服饰,164.23,5,0.0,
U09_00177,ORD00006451,2025-12-22,已完成,250.22,搜索引擎,食品,138.13,0,0.0,
U09_00178,ORD00006452,2025-10-10,已支付,187.66,微信,家居,98.93,10,158.91,2025-12-04
U09_00178,ORD00006453,2025-11-04,已完成,72.11,微信,美妆,29.78,0,0.0,
U09_00178,ORD00006454,2025-12-07,已完成,421.82,抖音,服饰,211.68,10,0.0,
U09_00178,ORD00006455,2026-03-29,已完成,392.21,其他,食品,248.85,10,0.0,
U09_00179,ORD00006456,2025-10-26,已支付,380.74,搜索引擎,美妆,213.3,10,0.0,
U09_00179,ORD00006457,2025-12-24,已完成,192.3,小红书,服饰,100.15,5,0.0,
U09_00180,ORD00006458,2025-10-16,已完成,474.39,搜索引擎,食品,325.24,0,0.0,
U09_00181,ORD00006459,2025-10-07,已支付,137.83,搜索引擎,美妆,93.71,10,0.0,
U09_00181,ORD00006460,2025-11-01,已完成,99.59,小红书,食品,68.95,5,0.0,
U09_00181,ORD00006461,2026-04-22,已支付,269.07,小红书,美妆,130.93,15,0.0,
U09_00182,ORD00006462,2025-10-17,已完成,210.28,搜索引擎,美妆,131.11,0,0.0,
U09_00182,ORD00006463,2025-11-11,已完成,385.39,小红书,数码,251.8,5,0.0,
U09_00182,ORD00006464,2025-12-15,已完成,366.22,搜索引擎,家居,233.36,10,0.0,
U09_00182,ORD00006465,2026-01-05,已完成,484.84,抖音,美妆,248.01,10,344.12,2026-02-16
U09_00182,ORD00006466,2026-02-06,已完成,229.68,其他,家居,143.08,0,179.75,2026-04-02
U09_00183,ORD00006467,2025-10-18,已完成,459.92,抖音,食品,297.33,5,0.0,
U09_00184,ORD00006468,2025-10-24,已完成,292.25,小红书,食品,183.9,15,0.0,
U09_00185,ORD00006469,2025-10-17,已完成,230.85,微信,服饰,129.56,5,0.0,
U09_00185,ORD00006470,2025-12-15,已完成,99.97,搜索引擎,食品,65.0,15,0.0,
U09_00185,ORD00006471,2026-03-29,已完成,359.62,搜索引擎,美妆,232.21,10,0.0,
U09_00185,ORD00006472,2026-04-15,已完成,280.74,微信,食品,169.88,0,0.0,
U09_00186,ORD00006473,2025-10-25,已支付,121.86,其他,服饰,56.77,5,0.0,
U09_00186,ORD00006474,2025-12-22,已支付,96.35,其他,服饰,62.59,10,67.19,2026-01-13
U09_00186,ORD00006475,2026-01-12,已完成,303.57,小红书,数码,201.75,0,0.0,
U09_00187,ORD00006476,2025-10-09,已完成,373.85,微信,数码,205.73,0,187.63,2025-12-08
U09_00188,ORD00006477,2025-10-01,已支付,81.09,搜索引擎,服饰,46.33,15,0.0,
U09_00188,ORD00006478,2026-01-30,已支付,291.87,抖音,服饰,198.76,15,0.0,
U09_00189,ORD00006479,2025-10-24,已支付,356.03,小红书,美妆,199.4,10,0.0,
U09_00190,ORD00006480,2025-10-29,已完成,55.93,小红书,食品,37.56,5,48.75,2025-11-13
U09_00190,ORD00006481,2026-01-31,已完成,368.08,微信,食品,176.03,15,0.0,
U09_00191,ORD00006482,2025-10-27,已完成,130.12,微信,食品,88.57,10,0.0,
U09_00192,ORD00006483,2025-10-27,已支付,421.01,微信,食品,263.39,10,0.0,
U09_00192,ORD00006484,2025-11-01,已完成,107.42,微信,数码,75.02,5,0.0,
U09_00192,ORD00006485,2026-01-10,已完成,439.03,其他,家居,287.67,10,246.46,2026-03-07
U09_00193,ORD00006486,2025-10-20,已完成,120.61,其他,服饰,68.22,10,0.0,
U09_00193,ORD00006487,2025-11-16,已完成,150.3,搜索引擎,食品,91.1,10,0.0,
U09_00193,ORD00006488,2025-12-30,已完成,117.96,其他,家居,64.34,0,0.0,
U09_00193,ORD00006489,2026-01-13,已完成,52.47,搜索引擎,美妆,35.38,5,0.0,
U09_00193,ORD00006490,2026-04-26,已支付,430.36,抖音,美妆,282.83,15,0.0,
U09_00194,ORD00006491,2025-10-10,已完成,54.62,其他,数码,33.11,10,0.0,
U09_00194,ORD00006492,2025-12-02,已完成,247.47,抖音,家居,142.55,5,0.0,
U09_00194,ORD00006493,2026-01-29,已完成,184.91,小红书,美妆,111.76,10,0.0,
U09_00194,ORD00006494,2026-03-12,已完成,192.99,抖音,家居,124.06,0,0.0,
U09_00195,ORD00006495,2025-10-26,已完成,388.94,抖音,美妆,200.16,0,0.0,
U09_00195,ORD00006496,2025-11-10,已支付,100.71,其他,食品,60.55,5,51.64,2025-12-05
U09_00195,ORD00006497,2025-12-29,已完成,382.76,其他,家居,235.92,0,0.0,
U09_00195,ORD00006498,2026-01-23,已完成,293.11,微信,数码,198.71,10,0.0,
U09_00195,ORD00006499,2026-03-04,已完成,370.95,搜索引擎,美妆,235.36,10,326.47,2026-04-21
U09_00196,ORD00006500,2025-10-19,已完成,202.76,微信,家居,122.62,0,0.0,
U09_00197,ORD00006501,2025-10-03,已支付,409.29,微信,美妆,278.18,5,0.0,
U09_00197,ORD00006502,2025-12-23,已支付,104.97,其他,美妆,69.02,15,0.0,
U09_00197,ORD00006503,2026-01-22,已完成,97.75,微信,食品,63.0,0,0.0,
U09_00197,ORD00006504,2026-02-04,已完成,416.24,微信,美妆,252.77,0,0.0,
U09_00197,ORD00006505,2026-03-30,已支付,482.92,小红书,美妆,290.85,10,0.0,
U09_00198,ORD00006506,2025-10-13,已支付,478.54,抖音,家居,284.39,0,0.0,
U09_00198,ORD00006507,2026-01-25,已完成,215.64,其他,服饰,128.18,10,0.0,
U09_00198,ORD00006508,2026-04-24,已完成,499.44,搜索引擎,家居,247.03,10,0.0,
U09_00199,ORD00006509,2025-10-29,已完成,392.85,搜索引擎,家居,209.55,0,0.0,
U09_00199,ORD00006510,2025-11-01,已完成,93.61,小红书,食品,38.05,10,0.0,
U09_00199,ORD00006511,2025-12-24,已完成,124.29,抖音,服饰,78.51,10,0.0,
U09_00199,ORD00006512,2026-01-18,已支付,241.4,搜索引擎,美妆,136.25,15,0.0,
U09_00200,ORD00006513,2025-10-31,已支付,450.24,微信,食品,290.75,5,228.27,2025-12-05
U09_00201,ORD00006514,2025-10-02,已完成,95.13,微信,家居,60.79,5,0.0,
U09_00201,ORD00006515,2025-11-25,已支付,58.04,其他,家居,23.44,10,0.0,
U09_00201,ORD00006516,2026-01-29,已完成,263.19,其他,服饰,108.09,15,0.0,
U09_00201,ORD00006517,2026-03-04,已完成,126.61,小红书,数码,72.04,0,0.0,
U09_00202,ORD00006518,2025-10-08,已完成,136.37,其他,数码,66.73,5,0.0,
U09_00202,ORD00006519,2026-01-04,已支付,72.67,微信,数码,44.59,0,49.53,2026-01-30
U09_00203,ORD00006520,2025-10-09,已完成,164.95,微信,家居,82.84,10,0.0,
U09_00203,ORD00006521,2025-11-27,已支付,261.87,微信,美妆,124.94,5,0.0,
U09_00204,ORD00006522,2025-10-28,已支付,367.06,抖音,家居,223.88,5,0.0,
U09_00204,ORD00006523,2025-11-09,已完成,473.28,抖音,美妆,201.65,10,0.0,
U09_00205,ORD00006524,2025-10-09,已完成,459.17,小红书,家居,208.98,10,0.0,
U09_00205,ORD00006525,2025-11-17,已完成,450.58,搜索引擎,家居,314.03,10,0.0,
U09_00205,ORD00006526,2026-01-28,已完成,175.21,其他,食品,115.18,10,0.0,
U09_00206,ORD00006527,2025-10-03,已完成,446.72,其他,美妆,205.12,10,384.43,2025-11-03
U09_00206,ORD00006528,2026-01-04,已支付,123.87,微信,服饰,54.02,10,0.0,
U09_00207,ORD00006529,2025-10-29,已完成,219.2,小红书,服饰,142.18,10,0.0,
U09_00207,ORD00006530,2025-11-30,已完成,355.98,微信,家居,230.01,5,0.0,
U09_00207,ORD00006531,2025-12-12,已支付,228.4,微信,食品,111.6,15,0.0,
U09_00208,ORD00006532,2025-10-24,已支付,459.11,小红书,家居,321.04,10,0.0,
U09_00209,ORD00006533,2025-10-23,已完成,95.66,搜索引擎,服饰,49.54,15,0.0,
U09_00209,ORD00006534,2026-01-07,已完成,159.63,抖音,服饰,80.98,10,0.0,
U09_00209,ORD00006535,2026-02-19,已支付,420.62,小红书,家居,226.24,15,0.0,
U09_00209,ORD00006536,2026-03-29,已完成,313.09,微信,食品,163.43,5,0.0,
U09_00210,ORD00006537,2025-10-06,已完成,276.46,小红书,家居,136.76,10,0.0,
U09_00210,ORD00006538,2026-03-24,已支付,147.12,抖音,美妆,89.72,15,108.12,2026-05-07
U09_00211,ORD00006539,2025-10-16,已完成,222.4,微信,食品,134.56,10,147.7,2025-11-30
U09_00211,ORD00006540,2026-01-22,已完成,382.81,其他,家居,229.29,10,0.0,
U09_00212,ORD00006541,2025-10-17,已完成,430.73,搜索引擎,美妆,221.66,10,0.0,
U09_00213,ORD00006542,2025-10-07,已支付,433.38,小红书,食品,287.31,5,0.0,
U09_00213,ORD00006543,2026-01-04,已完成,462.04,搜索引擎,数码,318.99,5,0.0,
U09_00214,ORD00006544,2025-10-15,已支付,154.25,抖音,服饰,89.81,15,0.0,
U09_00214,ORD00006545,2026-01-26,已完成,349.82,抖音,食品,183.32,15,0.0,
U09_00215,ORD00006546,2025-10-31,已完成,261.32,小红书,数码,113.79,10,0.0,
U09_00216,ORD00006547,2025-10-23,已完成,164.83,微信,食品,111.79,15,0.0,
U09_00216,ORD00006548,2025-11-14,已完成,171.9,抖音,食品,105.78,5,0.0,
U09_00216,ORD00006549,2026-01-20,已支付,457.18,抖音,家居,229.53,15,0.0,
U09_00217,ORD00006550,2025-10-01,已完成,149.49,搜索引擎,服饰,70.51,0,0.0,
U09_00217,ORD00006551,2025-11-07,已支付,421.12,微信,美妆,250.23,0,0.0,
U09_00217,ORD00006552,2025-12-22,已支付,223.46,小红书,食品,116.02,15,0.0,
U09_00218,ORD00006553,2025-10-03,已支付,69.31,搜索引擎,食品,31.76,10,0.0,
U09_00218,ORD00006554,2025-11-23,已完成,345.17,微信,食品,140.99,10,239.67,2025-12-28
U09_00218,ORD00006555,2026-03-01,已完成,228.82,小红书,家居,114.04,10,0.0,
U09_00218,ORD00006556,2026-04-26,已完成,388.47,其他,美妆,253.62,0,0.0,
U09_00219,ORD00006557,2025-10-30,已完成,52.74,其他,家居,34.47,15,0.0,
U09_00219,ORD00006558,2026-04-25,已完成,315.45,其他,家居,173.66,0,0.0,
U09_00220,ORD00006559,2025-10-05,已支付,256.31,微信,食品,155.46,10,0.0,
U09_00220,ORD00006560,2025-11-30,已完成,293.64,微信,服饰,183.4,10,0.0,
U09_00220,ORD00006561,2025-12-02,已完成,482.69,小红书,服饰,278.72,10,308.26,2026-01-03
U09_00221,ORD00006562,2025-10-12,已完成,380.03,小红书,美妆,197.83,5,0.0,
U09_00221,ORD00006563,2025-11-30,已支付,87.71,其他,服饰,40.23,15,0.0,
U09_00221,ORD00006564,2025-12-15,已支付,159.06,微信,服饰,99.61,5,0.0,
U09_00221,ORD00006565,2026-01-19,已支付,393.84,抖音,美妆,196.93,0,0.0,
U09_00221,ORD00006566,2026-02-23,已完成,159.09,其他,数码,73.38,15,0.0,
U09_00221,ORD00006567,2026-04-28,已完成,157.38,搜索引擎,美妆,101.43,5,0.0,
U09_00222,ORD00006568,2025-10-06,已完成,57.46,其他,数码,39.96,15,0.0,
U09_00222,ORD00006569,2025-11-18,已支付,241.17,其他,服饰,123.95,5,0.0,
U09_00222,ORD00006570,2026-03-09,已完成,216.52,抖音,美妆,106.72,10,0.0,
U09_00223,ORD00006571,2025-10-23,已完成,75.04,抖音,家居,30.68,10,0.0,
U09_00223,ORD00006572,2025-12-21,已完成,459.58,微信,食品,319.49,10,0.0,
U09_00224,ORD00006573,2025-10-31,已完成,437.3,小红书,服饰,290.19,15,367.09,2025-11-15
U09_00224,ORD00006574,2025-11-23,已完成,352.68,抖音,数码,230.37,5,0.0,
U09_00224,ORD00006575,2025-12-13,已完成,273.65,小红书,美妆,144.54,10,0.0,
U09_00224,ORD00006576,2026-03-01,已完成,143.27,搜索引擎,数码,89.4,5,0.0,
U09_00225,ORD00006577,2025-10-24,已完成,287.26,其他,食品,115.67,5,0.0,
U09_00226,ORD00006578,2025-10-06,已完成,82.83,搜索引擎,服饰,34.75,10,0.0,
U09_00226,ORD00006579,2025-12-26,已完成,384.49,搜索引擎,服饰,266.35,15,0.0,
U09_00226,ORD00006580,2026-02-07,已完成,74.51,搜索引擎,美妆,30.39,15,0.0,
U09_00227,ORD00006581,2025-10-16,已完成,180.79,其他,食品,95.77,10,137.24,2025-11-05
U09_00227,ORD00006582,2025-11-15,已完成,63.78,微信,数码,30.59,10,0.0,
U09_00227,ORD00006583,2026-04-02,已完成,311.63,微信,食品,146.47,10,0.0,
U09_00228,ORD00006584,2025-10-15,已支付,428.88,其他,家居,247.52,10,0.0,
U09_00228,ORD00006585,2025-11-04,已支付,284.47,抖音,服饰,184.62,0,0.0,
U09_00228,ORD00006586,2026-01-19,已支付,153.2,微信,服饰,93.6,10,0.0,
U09_00228,ORD00006587,2026-04-01,已完成,437.78,抖音,家居,267.6,5,0.0,
U09_00229,ORD00006588,2025-10-20,已完成,491.16,其他,家居,307.01,10,0.0,
U09_00229,ORD00006589,2025-11-07,已支付,356.85,抖音,食品,165.89,10,0.0,
U09_00229,ORD00006590,2026-01-15,已完成,405.54,其他,美妆,238.92,15,0.0,
U09_00230,ORD00006591,2025-10-22,已支付,411.55,微信,食品,233.03,10,0.0,
U09_00230,ORD00006592,2025-11-06,已支付,216.79,抖音,食品,98.84,10,0.0,
U09_00230,ORD00006593,2026-01-19,已完成,127.81,抖音,美妆,76.08,10,0.0,
U09_00231,ORD00006594,2025-10-26,已完成,320.62,其他,食品,152.97,15,0.0,
U09_00231,ORD00006595,2025-11-24,已支付,274.16,搜索引擎,食品,131.06,15,0.0,
U09_00231,ORD00006596,2026-02-13,已完成,235.12,微信,服饰,156.1,15,0.0,
U09_00231,ORD00006597,2026-04-25,已支付,203.05,搜索引擎,食品,127.12,15,0.0,
U09_00232,ORD00006598,2025-10-11,已完成,266.25,小红书,服饰,137.14,15,0.0,
U09_00232,ORD00006599,2025-11-30,已完成,115.34,微信,家居,49.47,5,0.0,
U09_00232,ORD00006600,2026-01-20,已完成,310.09,抖音,家居,171.22,10,0.0,
U09_00232,ORD00006601,2026-02-20,已完成,234.98,搜索引擎,数码,108.33,5,0.0,
U09_00233,ORD00006602,2025-10-19,已完成,334.1,抖音,美妆,184.86,5,0.0,
U09_00233,ORD00006603,2025-11-06,已完成,138.8,微信,服饰,84.26,10,0.0,
U09_00233,ORD00006604,2025-12-30,已完成,270.83,小红书,服饰,186.35,5,0.0,
U09_00233,ORD00006605,2026-04-05,已支付,204.77,搜索引擎,美妆,105.9,10,0.0,
U09_00234,ORD00006606,2025-10-03,已完成,103.56,搜索引擎,美妆,62.23,15,0.0,
U09_00234,ORD00006607,2025-11-11,已支付,326.96,搜索引擎,数码,150.24,0,0.0,
U09_00234,ORD00006608,2026-04-24,已完成,308.18,微信,食品,175.6,10,174.21,2026-06-14
U09_00235,ORD00006609,2025-10-23,已完成,419.47,其他,家居,251.87,5,0.0,
U09_00235,ORD00006610,2026-01-21,已完成,187.42,其他,食品,122.83,10,0.0,
U09_00235,ORD00006611,2026-02-20,已完成,392.6,其他,服饰,231.07,10,0.0,
U09_00236,ORD00006612,2025-10-15,已完成,192.12,其他,家居,120.08,15,189.18,2025-12-05
U09_00236,ORD00006613,2025-11-19,已完成,421.58,小红书,服饰,253.68,0,0.0,
U09_00237,ORD00006614,2025-10-20,已支付,336.03,抖音,数码,165.68,10,217.86,2025-12-19
U09_00237,ORD00006615,2026-03-11,已完成,264.43,微信,家居,158.77,15,0.0,
U09_00237,ORD00006616,2026-04-14,已完成,85.68,其他,服饰,38.58,10,47.99,2026-04-27
U09_00238,ORD00006617,2025-10-13,已完成,121.02,抖音,数码,58.79,10,0.0,
U09_00238,ORD00006618,2025-11-05,已完成,163.59,其他,数码,76.18,15,0.0,
U09_00239,ORD00006619,2025-10-29,已完成,339.24,小红书,服饰,200.56,15,0.0,
U09_00239,ORD00006620,2025-12-02,已支付,304.69,微信,服饰,205.51,10,0.0,
U09_00240,ORD00006621,2025-10-05,已支付,492.5,微信,数码,311.54,15,0.0,
U09_00241,ORD00006622,2025-10-12,已支付,434.17,抖音,美妆,264.39,15,0.0,
U09_00241,ORD00006623,2026-01-18,已完成,269.46,微信,家居,134.38,10,0.0,
U09_00241,ORD00006624,2026-02-21,已完成,456.38,搜索引擎,家居,201.58,10,0.0,
U09_00242,ORD00006625,2025-10-19,已完成,213.82,抖音,美妆,90.6,15,0.0,
U09_00242,ORD00006626,2025-12-16,已完成,368.1,抖音,服饰,154.97,10,0.0,
U09_00242,ORD00006627,2026-04-02,已支付,137.16,搜索引擎,美妆,73.14,0,0.0,
U09_00243,ORD00006628,2025-10-10,已完成,240.36,小红书,服饰,110.94,0,0.0,
U09_00243,ORD00006629,2025-11-16,已支付,408.26,搜索引擎,数码,225.31,15,0.0,
U09_00243,ORD00006630,2025-12-28,已完成,453.79,搜索引擎,美妆,245.73,0,0.0,
U09_00244,ORD00006631,2025-10-20,已完成,107.97,搜索引擎,数码,55.75,5,59.06,2025-11-13
U09_00244,ORD00006632,2025-11-28,已完成,95.78,小红书,美妆,58.87,15,0.0,
U09_00244,ORD00006633,2026-02-17,已完成,99.31,其他,服饰,56.14,5,0.0,
U09_00245,ORD00006634,2025-10-19,已完成,81.05,搜索引擎,数码,50.41,10,0.0,
U09_00245,ORD00006635,2025-12-17,已完成,463.33,微信,食品,305.1,10,0.0,
U09_00245,ORD00006636,2026-04-07,已完成,146.01,小红书,数码,63.68,15,0.0,
U09_00246,ORD00006637,2025-10-06,已支付,339.39,搜索引擎,食品,158.67,5,0.0,
U09_00247,ORD00006638,2025-10-01,已完成,408.7,微信,食品,204.61,10,0.0,
U09_00247,ORD00006639,2025-11-04,已完成,464.43,搜索引擎,美妆,244.43,10,0.0,
U09_00247,ORD00006640,2025-12-21,已完成,184.72,抖音,美妆,107.92,0,0.0,
U09_00248,ORD00006641,2025-10-14,已支付,273.08,搜索引擎,美妆,138.42,5,250.36,2025-11-13
U09_00248,ORD00006642,2025-12-16,已完成,322.98,搜索引擎,数码,142.73,10,0.0,
U09_00248,ORD00006643,2026-01-13,已完成,432.04,搜索引擎,数码,262.02,10,0.0,
U09_00249,ORD00006644,2025-10-04,已完成,123.54,抖音,食品,55.31,10,0.0,
U09_00249,ORD00006645,2025-12-20,已支付,122.99,抖音,数码,81.49,0,0.0,
U09_00250,ORD00006646,2025-10-30,已支付,73.0,其他,食品,42.37,0,0.0,
U09_00250,ORD00006647,2026-04-07,已支付,495.52,搜索引擎,服饰,271.66,10,0.0,
U09_00251,ORD00006648,2025-10-05,已完成,242.81,其他,数码,113.34,15,0.0,
U09_00251,ORD00006649,2025-11-11,已支付,374.07,小红书,美妆,213.76,10,0.0,
U09_00251,ORD00006650,2025-12-22,已完成,185.05,微信,美妆,100.91,10,0.0,
U09_00251,ORD00006651,2026-03-19,已完成,172.94,微信,服饰,69.84,0,0.0,
U09_00252,ORD00006652,2025-10-15,已完成,490.01,微信,美妆,326.99,0,433.86,2025-10-31
U09_00252,ORD00006653,2025-12-30,已完成,329.05,其他,美妆,167.49,15,0.0,
U09_00253,ORD00006654,2025-10-10,已完成,263.05,抖音,食品,140.05,5,0.0,
U09_00253,ORD00006655,2025-11-24,已支付,78.84,其他,家居,38.61,5,0.0,
U09_00253,ORD00006656,2026-04-19,已支付,254.8,搜索引擎,家居,166.78,10,0.0,
U09_00254,ORD00006657,2025-10-25,已支付,298.49,微信,服饰,198.89,15,0.0,
U09_00255,ORD00006658,2025-10-02,已完成,359.08,其他,服饰,180.36,10,0.0,
U09_00255,ORD00006659,2025-11-11,已完成,436.88,抖音,家居,207.8,5,0.0,
U09_00255,ORD00006660,2025-12-01,已完成,233.51,搜索引擎,服饰,121.55,0,0.0,
U09_00255,ORD00006661,2026-02-25,已支付,88.2,抖音,数码,51.87,0,0.0,
U09_00256,ORD00006662,2025-10-06,已支付,318.52,抖音,数码,146.64,10,0.0,
U09_00256,ORD00006663,2026-04-03,已完成,205.92,搜索引擎,食品,121.18,5,0.0,
U09_00257,ORD00006664,2025-10-17,已完成,88.31,其他,数码,56.09,15,0.0,
U09_00257,ORD00006665,2026-03-01,已完成,196.42,搜索引擎,美妆,91.54,10,160.58,2026-04-14
U09_00258,ORD00006666,2025-10-29,已完成,133.31,小红书,家居,89.39,0,0.0,
U09_00258,ORD00006667,2026-01-27,已完成,84.41,微信,数码,37.35,0,0.0,
U09_00259,ORD00006668,2025-10-31,已完成,107.44,抖音,服饰,69.54,0,0.0,
U09_00259,ORD00006669,2025-11-06,已支付,458.56,抖音,美妆,189.9,10,0.0,
U09_00259,ORD00006670,2026-01-21,已完成,375.69,其他,食品,163.43,10,0.0,
U09_00259,ORD00006671,2026-02-23,已完成,78.45,微信,美妆,52.02,10,0.0,
U09_00259,ORD00006672,2026-03-28,已完成,204.61,其他,服饰,133.35,0,0.0,
U09_00260,ORD00006673,2025-10-02,已完成,494.85,小红书,家居,224.92,15,367.43,2025-11-16
U09_00260,ORD00006674,2025-11-20,已完成,315.23,抖音,家居,152.97,5,201.09,2025-12-07
U09_00260,ORD00006675,2025-12-09,已完成,221.65,微信,服饰,124.44,0,173.55,2026-01-23
U09_00260,ORD00006676,2026-01-10,已完成,292.75,小红书,服饰,138.13,10,0.0,
U09_00260,ORD00006677,2026-02-14,已支付,385.27,其他,美妆,188.92,15,0.0,
U09_00261,ORD00006678,2025-10-31,已完成,379.39,抖音,家居,233.83,15,0.0,
U09_00262,ORD00006679,2025-10-27,已支付,171.56,微信,家居,70.43,10,0.0,
U09_00262,ORD00006680,2025-11-12,已完成,207.6,搜索引擎,服饰,112.63,15,0.0,
U09_00263,ORD00006681,2025-10-02,已完成,432.91,微信,数码,265.33,0,0.0,
U09_00263,ORD00006682,2025-11-01,已完成,262.75,其他,服饰,177.7,10,0.0,
U09_00263,ORD00006683,2026-01-20,已完成,423.3,搜索引擎,家居,228.61,0,0.0,
U09_00263,ORD00006684,2026-02-14,已完成,322.22,小红书,食品,134.89,10,0.0,
U09_00263,ORD00006685,2026-04-15,已完成,183.9,微信,数码,102.52,10,0.0,
U09_00264,ORD00006686,2025-10-09,已完成,176.32,搜索引擎,数码,109.95,5,0.0,
U09_00264,ORD00006687,2025-11-29,已完成,204.72,小红书,家居,117.82,10,0.0,
U09_00264,ORD00006688,2025-12-09,已完成,461.36,微信,食品,305.43,10,0.0,
U09_00265,ORD00006689,2025-10-16,已完成,497.13,其他,家居,266.54,5,0.0,
U09_00265,ORD00006690,2026-03-07,已支付,96.98,搜索引擎,美妆,45.85,15,0.0,
U09_00266,ORD00006691,2025-10-22,已支付,322.55,其他,数码,173.65,10,0.0,
U09_00266,ORD00006692,2025-11-19,已完成,75.88,微信,家居,48.09,15,0.0,
U09_00266,ORD00006693,2026-01-21,已支付,52.41,微信,美妆,27.48,5,0.0,
U09_00267,ORD00006694,2025-10-13,已完成,51.68,其他,家居,34.37,0,46.62,2025-11-03
U09_00268,ORD00006695,2025-10-15,已完成,138.92,搜索引擎,美妆,82.17,10,0.0,
U09_00268,ORD00006696,2025-11-01,已完成,128.01,抖音,服饰,61.51,0,0.0,
U09_00268,ORD00006697,2025-12-31,已完成,274.27,其他,美妆,161.8,5,0.0,
U09_00268,ORD00006698,2026-01-27,已完成,137.61,微信,美妆,57.36,10,0.0,
U09_00269,ORD00006699,2025-10-09,已完成,287.71,小红书,数码,179.03,10,256.1,2025-12-06
U09_00269,ORD00006700,2025-12-09,已完成,427.47,微信,美妆,186.41,10,0.0,
U09_00270,ORD00006701,2025-10-01,已支付,267.89,小红书,服饰,151.74,5,0.0,
U09_00270,ORD00006702,2025-12-02,已完成,115.01,小红书,服饰,79.81,0,0.0,
U09_00270,ORD00006703,2026-01-16,已支付,346.71,搜索引擎,家居,209.37,15,0.0,
U09_00271,ORD00006704,2025-10-24,已完成,390.39,小红书,食品,206.9,10,200.49,2025-12-11
U09_00272,ORD00006705,2025-10-19,已完成,167.44,微信,美妆,101.95,5,0.0,
U09_00272,ORD00006706,2026-04-08,已完成,198.49,其他,数码,106.7,10,0.0,
U09_00273,ORD00006707,2025-10-14,已完成,241.38,其他,家居,104.55,15,215.14,2025-11-08
U09_00274,ORD00006708,2025-10-05,已完成,478.43,微信,家居,240.36,0,0.0,
U09_00274,ORD00006709,2025-11-04,已完成,411.25,搜索引擎,食品,223.56,10,0.0,
U09_00275,ORD00006710,2025-10-09,已完成,77.64,微信,家居,51.7,10,0.0,
U09_00275,ORD00006711,2025-11-17,已完成,255.52,搜索引擎,数码,110.51,10,0.0,
U09_00276,ORD00006712,2025-10-25,已完成,283.91,小红书,家居,127.32,0,0.0,
U09_00276,ORD00006713,2025-11-29,已完成,180.44,小红书,服饰,96.26,0,0.0,
U09_00276,ORD00006714,2026-03-09,已支付,307.44,小红书,食品,164.02,0,0.0,
U09_00277,ORD00006715,2025-10-21,已完成,356.43,抖音,家居,147.24,5,0.0,
U09_00277,ORD00006716,2025-12-07,已完成,85.7,抖音,家居,37.45,10,0.0,
U09_00277,ORD00006717,2026-03-15,已完成,102.62,搜索引擎,服饰,41.34,10,0.0,
U09_00278,ORD00006718,2025-10-12,已完成,436.51,微信,数码,222.56,10,0.0,
U09_00278,ORD00006719,2026-02-15,已完成,170.16,微信,食品,116.12,5,0.0,
U09_00278,ORD00006720,2026-04-03,已支付,366.25,搜索引擎,服饰,179.4,10,0.0,
U09_00279,ORD00006721,2025-10-10,已完成,83.65,小红书,美妆,42.29,5,0.0,
U09_00279,ORD00006722,2025-12-13,已支付,286.46,抖音,数码,135.36,10,0.0,
U09_00280,ORD00006723,2025-10-06,已支付,398.43,抖音,数码,218.58,0,0.0,
U09_00280,ORD00006724,2025-11-21,已支付,370.3,其他,食品,169.11,15,0.0,
U09_00280,ORD00006725,2025-12-05,已完成,272.56,微信,食品,125.83,15,0.0,
U09_00280,ORD00006726,2026-01-10,已完成,199.29,微信,食品,86.55,10,0.0,
U09_00281,ORD00006727,2025-10-15,已支付,359.12,小红书,家居,148.22,0,269.32,2025-11-25
U09_00281,ORD00006728,2025-11-19,已完成,315.5,微信,数码,205.92,10,0.0,
U09_00281,ORD00006729,2026-02-27,已完成,128.12,小红书,家居,70.2,0,0.0,
U09_00282,ORD00006730,2025-10-31,已完成,486.46,小红书,美妆,298.2,15,299.65,2025-11-15
U09_00282,ORD00006731,2025-11-02,已完成,291.55,微信,数码,149.91,10,0.0,
U09_00283,ORD00006732,2025-10-07,已支付,107.22,小红书,家居,62.96,10,0.0,
U09_00283,ORD00006733,2026-02-17,已支付,288.24,微信,家居,196.7,10,0.0,
U09_00284,ORD00006734,2025-10-30,已支付,448.89,抖音,数码,195.08,10,0.0,
U09_00284,ORD00006735,2025-11-02,已支付,365.98,小红书,家居,192.8,15,0.0,
U09_00284,ORD00006736,2026-02-23,已支付,228.34,搜索引擎,数码,125.47,0,156.65,2026-04-09
U09_00284,ORD00006737,2026-03-13,已完成,79.19,微信,服饰,37.57,0,0.0,
U09_00285,ORD00006738,2025-10-11,已完成,495.58,微信,数码,289.64,0,0.0,
U09_00285,ORD00006739,2025-11-01,已完成,82.48,其他,数码,42.05,0,0.0,
U09_00285,ORD00006740,2026-01-05,已完成,480.67,微信,数码,328.11,0,0.0,
U09_00286,ORD00006741,2025-10-22,已支付,292.47,抖音,数码,190.75,5,0.0,
U09_00286,ORD00006742,2025-12-29,已完成,86.15,抖音,美妆,48.76,15,0.0,
U09_00286,ORD00006743,2026-01-25,已完成,114.53,小红书,数码,51.47,10,0.0,
U09_00287,ORD00006744,2025-10-07,已支付,193.76,微信,食品,105.05,5,0.0,
U09_00287,ORD00006745,2025-11-16,已完成,127.51,搜索引擎,数码,56.3,15,0.0,
U09_00287,ORD00006746,2025-12-08,已支付,148.68,搜索引擎,美妆,92.77,5,0.0,
U09_00287,ORD00006747,2026-03-05,已完成,346.33,微信,家居,172.85,0,0.0,
U09_00288,ORD00006748,2025-10-22,已完成,458.2,其他,家居,295.98,5,0.0,
U09_00288,ORD00006749,2026-02-24,已完成,308.44,小红书,食品,215.6,5,0.0,
U09_00289,ORD00006750,2025-10-08,已完成,210.29,小红书,家居,122.13,10,0.0,
U09_00289,ORD00006751,2025-11-01,已完成,392.35,其他,家居,182.88,15,201.38,2025-12-31
U09_00290,ORD00006752,2025-10-03,已支付,174.02,其他,食品,87.86,10,0.0,
U09_00290,ORD00006753,2025-12-20,已完成,456.71,小红书,服饰,246.16,5,0.0,
U09_00290,ORD00006754,2026-01-08,已完成,141.89,小红书,服饰,90.85,10,0.0,
U09_00291,ORD00006755,2025-10-28,已完成,419.84,抖音,数码,195.5,10,0.0,
U09_00291,ORD00006756,2025-11-29,已完成,84.36,小红书,美妆,55.64,15,0.0,
U09_00291,ORD00006757,2026-01-31,已完成,221.55,微信,服饰,137.97,15,163.69,2026-03-12
U09_00291,ORD00006758,2026-02-20,已完成,340.53,小红书,数码,202.84,5,0.0,
U09_00291,ORD00006759,2026-03-21,已完成,344.03,小红书,食品,176.0,0,0.0,
U09_00292,ORD00006760,2025-10-25,已支付,398.62,微信,美妆,243.99,5,245.75,2025-11-16
U09_00292,ORD00006761,2025-12-30,已完成,347.83,抖音,服饰,207.49,5,0.0,
U09_00293,ORD00006762,2025-10-25,已支付,486.44,搜索引擎,家居,334.92,15,0.0,
U09_00293,ORD00006763,2026-01-16,已完成,57.42,其他,家居,33.69,15,0.0,
U09_00293,ORD00006764,2026-02-20,已完成,387.09,搜索引擎,家居,214.02,15,0.0,
U09_00294,ORD00006765,2025-10-25,已完成,199.41,抖音,数码,126.51,0,0.0,
U09_00294,ORD00006766,2026-01-28,已完成,135.52,小红书,服饰,54.79,10,0.0,
U09_00294,ORD00006767,2026-02-24,已支付,224.85,搜索引擎,数码,109.49,10,0.0,
U09_00294,ORD00006768,2026-04-30,已完成,86.79,微信,数码,41.03,0,0.0,
U09_00295,ORD00006769,2025-10-08,已完成,320.24,抖音,家居,219.47,10,0.0,
U09_00295,ORD00006770,2025-11-22,已完成,394.03,搜索引擎,食品,273.55,10,0.0,
U09_00296,ORD00006771,2025-10-05,已支付,136.34,搜索引擎,家居,71.52,10,0.0,
U09_00296,ORD00006772,2025-12-01,已完成,51.6,小红书,服饰,27.69,5,26.13,2026-01-13
U09_00297,ORD00006773,2025-10-07,已支付,460.7,搜索引擎,数码,195.46,10,0.0,
U09_00297,ORD00006774,2025-12-12,已完成,145.7,抖音,数码,80.91,10,0.0,
U09_00297,ORD00006775,2026-01-28,已完成,445.36,小红书,服饰,214.54,10,0.0,
U09_00297,ORD00006776,2026-02-03,已完成,59.39,其他,家居,41.03,15,0.0,
U09_00297,ORD00006777,2026-03-18,已完成,127.14,抖音,食品,55.68,0,0.0,
U09_00297,ORD00006778,2026-04-14,已完成,487.67,其他,食品,319.62,10,0.0,
U09_00298,ORD00006779,2025-10-22,已支付,61.76,抖音,家居,42.09,5,0.0,
U09_00299,ORD00006780,2025-10-04,已完成,487.27,小红书,美妆,202.28,10,0.0,
U09_00299,ORD00006781,2026-02-07,已完成,222.65,搜索引擎,美妆,138.72,5,0.0,
U09_00300,ORD00006782,2025-10-06,已完成,339.66,小红书,数码,171.13,15,0.0,
U09_00300,ORD00006783,2025-11-25,已支付,256.25,微信,食品,176.72,0,0.0,
U09_00300,ORD00006784,2026-02-25,已支付,407.05,其他,数码,244.14,10,0.0,
U09_00300,ORD00006785,2026-03-03,已完成,229.21,搜索引擎,数码,121.68,10,0.0,
U09_00301,ORD00006786,2025-10-07,已完成,259.32,微信,家居,115.55,10,0.0,
U09_00301,ORD00006787,2025-11-07,已完成,319.87,小红书,家居,170.55,0,0.0,
U09_00301,ORD00006788,2026-01-19,已完成,194.58,小红书,数码,103.61,10,0.0,
U09_00301,ORD00006789,2026-02-28,已支付,441.61,搜索引擎,数码,298.54,10,0.0,
U09_00301,ORD00006790,2026-04-05,已完成,152.46,搜索引擎,食品,74.33,5,85.5,2026-05-25
U09_00302,ORD00006791,2025-10-09,已完成,478.86,搜索引擎,服饰,211.82,0,0.0,
U09_00302,ORD00006792,2026-01-25,已完成,231.73,抖音,服饰,136.65,5,0.0,
U09_00302,ORD00006793,2026-03-18,已支付,190.03,其他,数码,132.73,10,0.0,
U09_00303,ORD00006794,2025-10-08,已完成,367.27,搜索引擎,服饰,194.87,15,0.0,
U09_00303,ORD00006795,2025-11-05,已完成,421.67,微信,家居,218.31,10,0.0,
U09_00303,ORD00006796,2026-01-27,已完成,447.47,小红书,食品,268.05,15,0.0,
U09_00304,ORD00006797,2025-10-18,已完成,196.7,搜索引擎,食品,119.44,15,0.0,
U09_00304,ORD00006798,2026-04-18,已支付,479.26,微信,服饰,259.73,15,0.0,
U09_00305,ORD00006799,2025-10-25,已完成,174.99,微信,食品,107.54,5,0.0,
U09_00305,ORD00006800,2025-11-10,已完成,415.13,抖音,美妆,249.25,5,0.0,
U09_00305,ORD00006801,2026-04-24,已完成,383.51,小红书,食品,213.49,5,0.0,
U09_00306,ORD00006802,2025-10-25,已完成,70.81,微信,数码,34.44,10,52.84,2025-11-07
U09_00306,ORD00006803,2026-02-26,已完成,272.73,抖音,数码,155.92,5,0.0,
U09_00306,ORD00006804,2026-03-02,已完成,170.81,其他,美妆,78.61,15,0.0,
U09_00307,ORD00006805,2025-10-05,已完成,460.01,小红书,家居,299.95,5,0.0,
U09_00307,ORD00006806,2025-11-19,已完成,325.36,小红书,服饰,166.31,0,0.0,
U09_00307,ORD00006807,2025-12-13,已完成,139.94,微信,家居,80.99,10,97.19,2026-02-07
U09_00308,ORD00006808,2025-10-26,已完成,357.62,抖音,服饰,146.58,15,0.0,
U09_00308,ORD00006809,2025-11-13,已完成,193.65,搜索引擎,美妆,127.9,15,0.0,
U09_00308,ORD00006810,2026-01-10,已完成,103.69,搜索引擎,家居,45.97,10,0.0,
U09_00308,ORD00006811,2026-02-01,已完成,52.81,抖音,服饰,29.52,10,0.0,
U09_00308,ORD00006812,2026-03-11,已支付,331.47,抖音,数码,172.21,5,0.0,
U09_00309,ORD00006813,2025-10-10,已完成,475.64,抖音,服饰,325.42,5,0.0,
U09_00309,ORD00006814,2025-11-14,已支付,75.25,搜索引擎,美妆,44.5,0,0.0,
U09_00310,ORD00006815,2025-10-14,已完成,425.52,搜索引擎,家居,252.26,15,403.5,2025-12-04
U09_00310,ORD00006816,2025-12-11,已支付,316.28,其他,食品,148.95,0,0.0,
U09_00310,ORD00006817,2026-01-09,已支付,170.73,搜索引擎,美妆,104.64,0,0.0,
U09_00310,ORD00006818,2026-02-26,已完成,301.74,搜索引擎,数码,175.87,10,0.0,
U09_00311,ORD00006819,2025-10-15,已支付,449.7,微信,食品,298.75,0,0.0,
U09_00311,ORD00006820,2025-12-21,已完成,478.73,小红书,服饰,196.98,15,0.0,
U09_00311,ORD00006821,2026-01-21,已完成,89.64,其他,数码,56.18,0,0.0,
U09_00312,ORD00006822,2025-10-07,已支付,181.17,抖音,食品,115.61,5,0.0,
U09_00312,ORD00006823,2025-11-24,已完成,391.87,其他,美妆,187.05,10,0.0,
U09_00312,ORD00006824,2026-01-30,已支付,93.17,其他,服饰,46.44,5,0.0,
U09_00312,ORD00006825,2026-04-14,已支付,259.85,搜索引擎,家居,154.73,0,0.0,
U09_00313,ORD00006826,2025-10-04,已支付,247.49,抖音,服饰,150.54,10,214.55,2025-11-17
U09_00313,ORD00006827,2025-12-12,已完成,247.84,其他,家居,103.75,0,0.0,
U09_00314,ORD00006828,2025-10-15,已完成,80.12,微信,家居,43.49,15,0.0,
U09_00314,ORD00006829,2025-11-26,已完成,412.6,抖音,家居,261.0,0,0.0,
U09_00315,ORD00006830,2025-10-15,已完成,53.15,抖音,美妆,26.21,10,0.0,
U09_00315,ORD00006831,2025-11-05,已完成,189.68,其他,食品,99.3,10,175.07,2025-11-19
U09_00315,ORD00006832,2026-02-24,已完成,333.35,小红书,数码,150.84,0,0.0,
U09_00316,ORD00006833,2025-10-16,已完成,179.15,抖音,数码,103.16,10,0.0,
U09_00317,ORD00006834,2025-10-13,已完成,154.38,抖音,数码,77.34,10,0.0,
U09_00317,ORD00006835,2026-04-04,已支付,486.73,其他,家居,283.78,10,0.0,
U09_00318,ORD00006836,2025-10-19,已完成,499.16,小红书,美妆,342.89,5,0.0,
U09_00318,ORD00006837,2025-12-09,已支付,240.81,其他,数码,130.0,0,0.0,
U09_00318,ORD00006838,2026-03-19,已完成,347.98,小红书,数码,195.99,10,0.0,
U09_00319,ORD00006839,2025-10-31,已完成,79.48,抖音,食品,54.09,5,0.0,
U09_00319,ORD00006840,2025-11-27,已完成,451.24,其他,家居,274.11,0,0.0,
U09_00319,ORD00006841,2026-03-28,已支付,369.92,抖音,食品,167.27,15,0.0,
U09_00320,ORD00006842,2025-10-28,已支付,407.11,微信,食品,192.71,5,0.0,
U09_00320,ORD00006843,2025-11-05,已完成,425.26,其他,服饰,254.89,10,0.0,
U09_00320,ORD00006844,2026-01-03,已完成,51.51,其他,服饰,25.13,0,0.0,
U09_00320,ORD00006845,2026-04-01,已支付,313.23,其他,服饰,130.19,0,278.47,2026-05-21
U09_00321,ORD00006846,2025-10-27,已完成,319.33,其他,数码,187.76,5,0.0,
U09_00321,ORD00006847,2025-11-04,已完成,219.83,搜索引擎,家居,143.51,0,0.0,
U09_00321,ORD00006848,2026-04-19,已完成,258.68,搜索引擎,数码,131.94,0,250.32,2026-06-03
U09_00322,ORD00006849,2025-10-20,已支付,494.6,抖音,食品,261.77,10,0.0,
U09_00322,ORD00006850,2025-12-29,已完成,467.4,搜索引擎,美妆,194.0,5,0.0,
U09_00323,ORD00006851,2025-10-20,已完成,434.95,抖音,服饰,295.23,10,233.47,2025-11-25
U09_00323,ORD00006852,2025-12-09,已支付,399.64,微信,家居,267.83,0,0.0,
U09_00323,ORD00006853,2026-02-01,已支付,445.51,小红书,数码,268.56,10,0.0,
U09_00324,ORD00006854,2025-10-18,已完成,331.22,搜索引擎,美妆,172.34,0,0.0,
U09_00324,ORD00006855,2025-11-02,已支付,385.74,小红书,美妆,165.12,0,0.0,
U09_00324,ORD00006856,2026-01-18,已完成,461.37,搜索引擎,美妆,244.99,10,0.0,
U09_00324,ORD00006857,2026-04-02,已支付,135.91,搜索引擎,食品,57.19,5,94.1,2026-05-13
U09_00325,ORD00006858,2025-10-22,已支付,459.18,搜索引擎,数码,274.47,5,0.0,
U09_00325,ORD00006859,2025-11-27,已完成,315.22,微信,家居,193.62,15,0.0,
U09_00325,ORD00006860,2025-12-25,已完成,102.76,其他,家居,52.2,0,0.0,
U09_00325,ORD00006861,2026-01-20,已支付,437.67,搜索引擎,美妆,244.27,10,0.0,
U09_00325,ORD00006862,2026-02-01,已完成,135.53,搜索引擎,服饰,67.48,10,0.0,
U09_00325,ORD00006863,2026-03-29,已支付,315.48,微信,家居,141.91,10,0.0,
U09_00326,ORD00006864,2025-10-12,已支付,324.2,微信,食品,219.05,5,0.0,
U09_00326,ORD00006865,2026-02-14,已完成,222.92,小红书,服饰,144.48,0,0.0,
U09_00326,ORD00006866,2026-03-25,已完成,441.55,抖音,家居,305.56,10,234.85,2026-05-08
U09_00327,ORD00006867,2025-10-23,已完成,55.53,其他,数码,34.39,15,0.0,
U09_00327,ORD00006868,2025-12-03,已完成,180.8,微信,食品,117.76,10,0.0,
U09_00327,ORD00006869,2026-03-29,已完成,69.76,其他,家居,30.75,15,0.0,
U09_00328,ORD00006870,2025-10-31,已完成,132.2,其他,家居,65.54,0,0.0,
U09_00328,ORD00006871,2025-11-12,已完成,207.36,小红书,家居,121.5,15,0.0,
U09_00328,ORD00006872,2026-01-09,已支付,54.38,搜索引擎,服饰,32.63,10,0.0,
U09_00329,ORD00006873,2025-10-15,已完成,411.0,其他,数码,208.87,10,0.0,
U09_00329,ORD00006874,2026-01-27,已支付,434.18,其他,美妆,198.2,10,0.0,
U09_00330,ORD00006875,2025-10-20,已完成,248.01,抖音,美妆,171.41,10,0.0,
U09_00330,ORD00006876,2025-12-10,已完成,102.26,抖音,家居,61.24,10,0.0,
U09_00330,ORD00006877,2026-01-27,已支付,267.28,抖音,家居,165.21,10,0.0,
U09_00330,ORD00006878,2026-03-19,已支付,216.54,搜索引擎,服饰,92.91,0,195.19,2026-04-16
U09_00331,ORD00006879,2025-10-03,已完成,388.74,微信,服饰,222.87,10,0.0,
U09_00331,ORD00006880,2026-01-31,已完成,262.44,其他,数码,163.7,15,0.0,
U09_00331,ORD00006881,2026-04-25,已完成,380.73,抖音,家居,207.76,10,0.0,
U09_00332,ORD00006882,2025-10-31,已支付,111.34,抖音,服饰,64.7,0,0.0,
U09_00332,ORD00006883,2026-02-16,已完成,477.32,小红书,食品,234.04,15,0.0,
U09_00333,ORD00006884,2025-10-03,已支付,88.44,其他,数码,41.08,10,0.0,
U09_00333,ORD00006885,2025-11-09,已完成,193.87,小红书,美妆,123.69,10,0.0,
U09_00333,ORD00006886,2026-01-24,已完成,218.09,其他,数码,112.5,5,0.0,
U09_00333,ORD00006887,2026-02-22,已支付,376.19,微信,服饰,220.75,0,285.42,2026-03-22
U09_00334,ORD00006888,2025-10-15,已完成,488.67,其他,美妆,200.39,5,0.0,
U09_00334,ORD00006889,2025-11-16,已完成,330.82,其他,美妆,192.36,0,0.0,
U09_00334,ORD00006890,2025-12-03,已完成,193.41,搜索引擎,美妆,117.91,5,167.77,2025-12-23
U09_00335,ORD00006891,2025-10-07,已完成,485.9,抖音,食品,256.41,5,454.44,2025-11-11
U09_00335,ORD00006892,2026-02-06,已完成,339.22,其他,家居,235.57,10,0.0,
U09_00335,ORD00006893,2026-03-04,已完成,405.19,搜索引擎,服饰,187.86,15,355.23,2026-04-21
U09_00336,ORD00006894,2025-10-15,已完成,454.01,其他,服饰,260.38,10,0.0,
U09_00336,ORD00006895,2025-11-13,已完成,220.85,搜索引擎,家居,94.61,10,0.0,
U09_00336,ORD00006896,2026-03-07,已完成,469.35,搜索引擎,美妆,327.07,0,0.0,
U09_00337,ORD00006897,2025-10-03,已完成,415.21,抖音,家居,181.45,10,0.0,
U09_00337,ORD00006898,2026-01-14,已支付,263.68,小红书,家居,171.25,10,0.0,
U09_00337,ORD00006899,2026-02-16,已支付,283.82,微信,美妆,176.11,15,0.0,
U09_00338,ORD00006900,2025-10-21,已完成,100.82,搜索引擎,家居,40.85,0,0.0,
U09_00338,ORD00006901,2026-01-09,已完成,328.37,搜索引擎,美妆,215.23,10,0.0,
U09_00339,ORD00006902,2025-10-20,已支付,385.36,抖音,数码,168.66,15,0.0,
U09_00339,ORD00006903,2025-12-23,已支付,492.73,搜索引擎,家居,298.32,0,0.0,
U09_00339,ORD00006904,2026-04-03,已完成,86.31,抖音,家居,53.39,15,0.0,
U09_00340,ORD00006905,2025-10-24,已完成,110.76,微信,服饰,67.96,15,0.0,
U09_00340,ORD00006906,2025-11-20,已完成,305.06,搜索引擎,服饰,173.32,5,0.0,
U09_00341,ORD00006907,2025-10-14,已完成,347.21,抖音,美妆,219.23,15,0.0,
U09_00341,ORD00006908,2025-11-07,已支付,203.13,微信,数码,89.59,10,0.0,
U09_00342,ORD00006909,2025-10-25,已完成,376.64,其他,食品,195.95,10,0.0,
U09_00342,ORD00006910,2025-11-11,已完成,222.75,抖音,美妆,155.23,0,0.0,
U09_00343,ORD00006911,2025-10-05,已支付,326.9,微信,服饰,163.47,5,260.22,2025-10-19
U09_00343,ORD00006912,2026-01-18,已支付,82.28,微信,美妆,54.73,10,0.0,
U09_00344,ORD00006913,2025-10-05,已完成,243.49,抖音,食品,168.94,15,0.0,
U09_00344,ORD00006914,2025-12-05,已完成,479.64,搜索引擎,家居,295.45,0,0.0,
U09_00344,ORD00006915,2026-03-28,已完成,75.03,搜索引擎,食品,50.29,10,0.0,
U09_00345,ORD00006916,2025-10-23,已完成,210.43,小红书,美妆,114.68,0,0.0,
U09_00345,ORD00006917,2025-12-11,已完成,219.63,搜索引擎,食品,90.59,0,0.0,
U09_00345,ORD00006918,2026-04-24,已完成,60.17,微信,食品,33.76,10,0.0,
U09_00346,ORD00006919,2025-10-01,已完成,254.22,微信,家居,139.2,15,0.0,
U09_00346,ORD00006920,2025-11-25,已完成,307.53,其他,服饰,131.86,10,0.0,
U09_00346,ORD00006921,2026-02-10,已支付,394.86,微信,美妆,205.39,10,0.0,
U09_00346,ORD00006922,2026-03-31,已支付,429.9,小红书,数码,178.45,5,0.0,
U09_00347,ORD00006923,2025-10-11,已支付,459.02,小红书,服饰,241.72,10,0.0,
U09_00347,ORD00006924,2025-11-28,已完成,175.11,其他,美妆,107.74,0,0.0,
U09_00348,ORD00006925,2025-10-31,已完成,377.91,微信,服饰,256.25,15,0.0,
U09_00349,ORD00006926,2025-10-22,已完成,221.66,微信,美妆,119.54,10,0.0,
U09_00349,ORD00006927,2025-11-17,已完成,263.04,微信,服饰,143.54,10,0.0,
U09_00350,ORD00006928,2025-10-09,已完成,66.54,其他,数码,27.66,15,0.0,
U09_00350,ORD00006929,2026-01-06,已支付,260.1,抖音,数码,149.82,0,0.0,
U09_00350,ORD00006930,2026-02-11,已完成,403.63,微信,数码,232.03,10,0.0,
U09_00351,ORD00006931,2025-10-06,已支付,438.43,抖音,服饰,229.89,5,0.0,
U09_00351,ORD00006932,2025-11-14,已支付,401.97,抖音,数码,271.41,0,0.0,
U09_00351,ORD00006933,2025-12-10,已支付,80.88,小红书,美妆,52.59,0,41.8,2026-02-08
U09_00351,ORD00006934,2026-02-28,已支付,200.88,小红书,服饰,132.94,10,0.0,
U09_00352,ORD00006935,2025-10-03,已完成,340.53,微信,数码,142.81,0,0.0,
U09_00353,ORD00006936,2025-10-28,已支付,328.23,微信,数码,200.99,10,0.0,
U09_00353,ORD00006937,2025-11-29,已完成,99.18,微信,服饰,61.68,10,0.0,
U09_00353,ORD00006938,2025-12-07,已完成,268.82,抖音,数码,173.26,10,0.0,
U09_00353,ORD00006939,2026-01-09,已完成,301.36,搜索引擎,家居,157.25,5,242.34,2026-02-11
U09_00354,ORD00006940,2025-10-31,已完成,303.63,微信,数码,201.82,10,0.0,
U09_00354,ORD00006941,2025-11-26,已完成,393.33,搜索引擎,数码,161.82,0,0.0,
U09_00354,ORD00006942,2025-12-28,已支付,481.27,抖音,家居,319.47,5,263.06,2026-01-09
U09_00355,ORD00006943,2025-10-08,已完成,304.43,小红书,服饰,151.59,15,272.91,2025-10-18
U09_00355,ORD00006944,2025-12-16,已支付,166.06,小红书,美妆,98.05,10,0.0,
U09_00356,ORD00006945,2025-10-25,已完成,223.85,微信,服饰,92.84,15,0.0,
U09_00356,ORD00006946,2025-11-26,已支付,451.7,微信,服饰,232.95,5,0.0,
U09_00356,ORD00006947,2026-03-10,已支付,425.63,抖音,家居,228.55,10,0.0,
U09_00357,ORD00006948,2025-10-18,已支付,465.54,其他,美妆,190.26,10,0.0,
U09_00357,ORD00006949,2025-11-07,已完成,419.64,微信,美妆,216.92,15,230.17,2025-12-02
U09_00357,ORD00006950,2025-12-15,已完成,415.62,微信,服饰,196.02,0,0.0,
U09_00358,ORD00006951,2025-10-18,已完成,464.46,微信,美妆,247.89,0,244.64,2025-12-06
U09_00358,ORD00006952,2025-12-16,已支付,345.09,搜索引擎,服饰,230.89,10,0.0,
U09_00358,ORD00006953,2026-01-17,已完成,202.43,小红书,食品,87.98,15,0.0,
U09_00359,ORD00006954,2025-10-29,已支付,84.52,微信,服饰,35.08,5,0.0,
U09_00359,ORD00006955,2025-11-29,已支付,290.27,微信,数码,172.93,10,0.0,
U09_00359,ORD00006956,2025-12-12,已完成,76.5,小红书,家居,35.38,10,0.0,
U09_00360,ORD00006957,2025-10-13,已完成,470.7,抖音,美妆,280.38,5,0.0,
U09_00360,ORD00006958,2025-11-14,已完成,171.06,抖音,服饰,73.63,15,0.0,
U09_00360,ORD00006959,2025-12-23,已完成,152.35,抖音,服饰,104.83,10,0.0,
U09_00360,ORD00006960,2026-03-28,已完成,442.14,搜索引擎,数码,200.26,5,0.0,
U09_00361,ORD00006961,2025-10-02,已完成,311.58,抖音,美妆,183.9,5,0.0,
U09_00361,ORD00006962,2025-11-12,已完成,366.62,抖音,服饰,193.84,15,0.0,
U09_00361,ORD00006963,2026-02-05,已支付,95.99,小红书,服饰,58.4,10,0.0,
U09_00362,ORD00006964,2025-10-19,已支付,314.43,其他,食品,129.49,5,0.0,
U09_00362,ORD00006965,2025-11-01,已支付,408.94,搜索引擎,家居,240.88,10,0.0,
U09_00362,ORD00006966,2026-01-20,已支付,182.72,搜索引擎,食品,80.8,0,0.0,
U09_00363,ORD00006967,2025-10-24,已完成,270.26,小红书,食品,157.36,10,0.0,
U09_00363,ORD00006968,2026-03-03,已完成,399.14,小红书,数码,279.24,10,0.0,
U09_00363,ORD00006969,2026-04-11,已完成,428.44,微信,美妆,178.66,5,0.0,
U09_00364,ORD00006970,2025-10-14,已支付,163.04,小红书,数码,72.81,10,0.0,
U09_00364,ORD00006971,2025-12-21,已支付,54.25,抖音,食品,26.63,0,0.0,
U09_00365,ORD00006972,2025-10-27,已完成,135.12,微信,数码,59.36,10,0.0,
U09_00366,ORD00006973,2025-10-28,已支付,171.28,其他,家居,69.13,0,0.0,
U09_00366,ORD00006974,2025-11-14,已完成,293.9,小红书,美妆,157.15,0,0.0,
U09_00367,ORD00006975,2025-10-15,已完成,483.27,抖音,食品,234.34,0,0.0,
U09_00367,ORD00006976,2026-03-23,已完成,421.77,小红书,服饰,206.56,5,0.0,
U09_00368,ORD00006977,2025-10-25,已完成,358.67,其他,家居,215.72,0,0.0,
U09_00368,ORD00006978,2025-11-14,已完成,344.19,小红书,数码,236.63,10,0.0,
U09_00368,ORD00006979,2025-12-24,已完成,262.82,搜索引擎,服饰,156.03,5,169.24,2026-01-19
U09_00368,ORD00006980,2026-01-12,已支付,104.82,搜索引擎,数码,53.23,10,0.0,
U09_00369,ORD00006981,2025-10-29,已支付,209.75,其他,美妆,117.97,10,0.0,
U09_00369,ORD00006982,2026-02-09,已完成,262.28,其他,家居,158.74,10,0.0,
U09_00370,ORD00006983,2025-10-07,已完成,366.91,抖音,数码,230.3,0,0.0,
U09_00370,ORD00006984,2026-01-27,已完成,463.83,抖音,服饰,310.67,0,0.0,
U09_00370,ORD00006985,2026-03-26,已支付,308.6,抖音,数码,142.6,0,0.0,
U09_00371,ORD00006986,2025-10-17,已完成,336.2,搜索引擎,食品,159.54,0,0.0,
U09_00371,ORD00006987,2025-11-17,已完成,92.98,其他,家居,64.88,15,0.0,
U09_00372,ORD00006988,2025-10-02,已完成,173.29,抖音,家居,82.1,10,0.0,
U09_00372,ORD00006989,2025-11-11,已完成,283.58,其他,数码,169.21,10,0.0,
U09_00372,ORD00006990,2026-01-29,已完成,158.73,搜索引擎,食品,74.96,10,0.0,
U09_00373,ORD00006991,2025-10-14,已完成,467.03,抖音,食品,284.24,10,0.0,
U09_00373,ORD00006992,2026-02-12,已支付,258.47,其他,美妆,110.18,5,0.0,
U09_00373,ORD00006993,2026-04-20,已完成,107.89,其他,家居,49.19,5,0.0,
U09_00374,ORD00006994,2025-10-14,已完成,115.86,抖音,服饰,80.55,5,65.77,2025-10-26
U09_00374,ORD00006995,2025-11-18,已支付,177.92,小红书,数码,96.55,10,0.0,
U09_00374,ORD00006996,2025-12-10,已完成,280.67,搜索引擎,家居,162.18,5,0.0,
U09_00375,ORD00006997,2025-10-09,已完成,73.9,搜索引擎,服饰,37.35,10,0.0,
U09_00376,ORD00006998,2025-10-27,已支付,232.2,抖音,数码,126.01,5,0.0,
U09_00377,ORD00006999,2025-10-12,已完成,421.67,搜索引擎,家居,179.83,5,0.0,
U09_00377,ORD00007000,2025-11-21,已支付,327.29,搜索引擎,美妆,226.53,10,0.0,
U09_00377,ORD00007001,2025-12-02,已完成,245.62,小红书,服饰,125.96,10,0.0,
U09_00377,ORD00007002,2026-01-18,已支付,434.28,微信,食品,277.24,15,0.0,
U09_00377,ORD00007003,2026-03-18,已支付,152.34,其他,家居,84.49,0,0.0,
U09_00378,ORD00007004,2025-10-23,已完成,386.76,抖音,服饰,222.71,5,0.0,
U09_00378,ORD00007005,2025-11-24,已完成,287.05,微信,数码,189.54,15,0.0,
U09_00378,ORD00007006,2026-01-31,已完成,79.84,小红书,食品,36.31,10,41.02,2026-02-22
U09_00378,ORD00007007,2026-02-19,已支付,360.02,搜索引擎,服饰,194.34,5,211.42,2026-04-03
U09_00379,ORD00007008,2025-10-31,已支付,438.77,微信,家居,193.05,0,0.0,
U09_00379,ORD00007009,2025-12-07,已完成,367.9,其他,服饰,216.03,10,0.0,
U09_00379,ORD00007010,2026-01-31,已支付,333.14,其他,家居,135.51,10,0.0,
U09_00379,ORD00007011,2026-02-05,已完成,381.09,微信,美妆,230.87,0,0.0,
U09_00380,ORD00007012,2025-10-10,已支付,371.42,其他,家居,200.35,0,309.88,2025-12-02
U09_00380,ORD00007013,2026-01-08,已完成,87.92,其他,服饰,38.38,10,0.0,
U09_00380,ORD00007014,2026-02-01,已支付,251.03,搜索引擎,数码,129.86,10,0.0,
U09_00381,ORD00007015,2025-10-03,已支付,77.37,抖音,数码,53.47,15,0.0,
U09_00381,ORD00007016,2025-12-04,已支付,262.03,其他,家居,130.39,10,0.0,
U09_00381,ORD00007017,2026-01-20,已完成,79.29,微信,家居,48.78,15,0.0,
U09_00381,ORD00007018,2026-03-30,已完成,392.63,小红书,数码,199.82,5,0.0,
U09_00382,ORD00007019,2025-10-08,已完成,99.44,抖音,数码,54.66,10,0.0,
U09_00383,ORD00007020,2025-10-09,已完成,103.6,小红书,美妆,60.44,10,0.0,
U09_00383,ORD00007021,2025-11-05,已完成,472.16,微信,家居,193.76,0,0.0,
U09_00384,ORD00007022,2025-10-28,已支付,299.09,小红书,服饰,171.81,5,0.0,
U09_00384,ORD00007023,2026-01-16,已完成,277.18,搜索引擎,食品,173.52,15,0.0,
U09_00385,ORD00007024,2025-10-05,已支付,333.83,其他,美妆,168.88,15,0.0,
U09_00385,ORD00007025,2025-11-07,已完成,401.78,小红书,美妆,174.86,15,0.0,
U09_00385,ORD00007026,2026-01-25,已完成,353.29,微信,美妆,184.0,0,0.0,
U09_00386,ORD00007027,2025-10-17,已完成,412.74,搜索引擎,服饰,265.17,0,390.47,2025-11-30
U09_00386,ORD00007028,2025-12-23,已完成,471.7,小红书,食品,272.08,5,0.0,
U09_00386,ORD00007029,2026-01-22,已支付,115.68,搜索引擎,服饰,71.72,0,0.0,
U09_00386,ORD00007030,2026-03-04,已完成,377.96,微信,服饰,259.28,15,0.0,
U09_00387,ORD00007031,2025-10-16,已完成,240.85,搜索引擎,数码,101.22,10,0.0,
U09_00387,ORD00007032,2025-11-05,已完成,78.88,抖音,美妆,35.98,0,0.0,
U09_00388,ORD00007033,2025-10-11,已支付,477.49,其他,食品,217.68,0,0.0,
U09_00388,ORD00007034,2026-01-04,已完成,218.9,微信,数码,152.39,10,0.0,
U09_00388,ORD00007035,2026-02-05,已支付,148.01,其他,数码,81.92,15,0.0,
U09_00388,ORD00007036,2026-03-08,已支付,126.28,搜索引擎,服饰,78.38,5,0.0,
U09_00388,ORD00007037,2026-04-18,已完成,305.72,微信,美妆,156.28,10,0.0,
U09_00389,ORD00007038,2025-10-04,已支付,136.47,抖音,数码,83.57,10,0.0,
U09_00389,ORD00007039,2025-11-25,已支付,466.47,其他,家居,326.01,10,0.0,
U09_00389,ORD00007040,2025-12-25,已完成,277.3,搜索引擎,美妆,121.17,0,0.0,
U09_00389,ORD00007041,2026-02-25,已支付,474.32,小红书,美妆,307.75,0,0.0,
U09_00389,ORD00007042,2026-04-22,已完成,364.32,小红书,家居,146.22,0,0.0,
U09_00390,ORD00007043,2025-10-13,已完成,262.23,搜索引擎,家居,178.87,10,168.38,2025-12-12
U09_00390,ORD00007044,2025-11-14,已支付,409.53,微信,家居,252.49,5,0.0,
U09_00390,ORD00007045,2026-02-11,已完成,247.92,搜索引擎,服饰,172.54,15,0.0,
U09_00391,ORD00007046,2025-10-19,已完成,360.76,微信,服饰,171.66,5,0.0,
U09_00391,ORD00007047,2025-11-26,已支付,290.37,其他,家居,171.41,10,0.0,
U09_00391,ORD00007048,2026-01-21,已完成,334.08,抖音,家居,172.51,10,0.0,
U09_00391,ORD00007049,2026-02-27,已完成,177.26,微信,数码,78.08,0,156.62,2026-04-12
U09_00391,ORD00007050,2026-03-03,已完成,346.41,小红书,数码,223.78,15,0.0,
U09_00392,ORD00007051,2025-10-11,已支付,347.01,其他,服饰,174.37,10,0.0,
U09_00392,ORD00007052,2025-12-02,已完成,135.47,小红书,家居,84.88,10,0.0,
U09_00393,ORD00007053,2025-10-09,已完成,66.76,抖音,家居,31.55,10,64.46,2025-12-01
U09_00394,ORD00007054,2025-10-30,已支付,444.7,搜索引擎,食品,295.12,15,0.0,
U09_00394,ORD00007055,2026-01-11,已支付,372.04,小红书,服饰,230.24,5,364.62,2026-03-08
U09_00395,ORD00007056,2025-10-21,已支付,413.9,微信,数码,185.01,0,0.0,
U09_00395,ORD00007057,2026-02-19,已支付,244.46,小红书,美妆,113.97,5,0.0,
U09_00396,ORD00007058,2025-10-23,已完成,85.61,微信,美妆,56.71,10,0.0,
U09_00396,ORD00007059,2025-11-21,已支付,50.94,搜索引擎,美妆,29.78,5,0.0,
U09_00396,ORD00007060,2025-12-13,已支付,230.05,小红书,服饰,95.59,15,0.0,
U09_00397,ORD00007061,2025-10-19,已完成,479.72,微信,美妆,328.79,15,0.0,
U09_00397,ORD00007062,2025-12-05,已支付,452.41,微信,食品,229.37,15,0.0,
U09_00398,ORD00007063,2025-10-22,已完成,281.26,微信,服饰,121.86,0,0.0,
U09_00398,ORD00007064,2025-12-08,已完成,71.89,微信,数码,43.08,0,0.0,
U09_00398,ORD00007065,2026-03-22,已支付,252.22,小红书,数码,101.62,10,0.0,
U09_00399,ORD00007066,2025-10-06,已完成,178.71,其他,数码,81.94,10,0.0,
U09_00399,ORD00007067,2025-11-19,已完成,55.66,搜索引擎,数码,34.69,0,0.0,
U09_00400,ORD00007068,2025-10-19,已支付,414.37,微信,食品,233.32,10,0.0,
U09_00400,ORD00007069,2026-03-18,已完成,178.17,抖音,食品,114.51,10,0.0,
U09_00401,ORD00007070,2025-10-26,已支付,52.93,小红书,美妆,34.97,0,0.0,
U09_00401,ORD00007071,2025-12-24,已完成,136.45,其他,服饰,58.75,10,0.0,
U09_00401,ORD00007072,2026-01-08,已支付,187.11,其他,数码,76.3,10,0.0,
U09_00402,ORD00007073,2025-10-31,已完成,138.46,小红书,数码,73.9,10,0.0,
U09_00402,ORD00007074,2025-12-29,已支付,297.26,其他,食品,173.53,10,0.0,
U09_00402,ORD00007075,2026-04-20,已完成,200.43,微信,服饰,101.22,15,0.0,
U09_00403,ORD00007076,2025-10-28,已完成,497.07,抖音,服饰,226.11,5,0.0,
U09_00403,ORD00007077,2025-11-02,已完成,175.05,小红书,家居,97.53,0,0.0,
U09_00403,ORD00007078,2025-12-09,已完成,467.11,其他,数码,262.64,10,0.0,
U09_00404,ORD00007079,2025-10-22,已完成,254.9,其他,美妆,161.0,10,0.0,
U09_00404,ORD00007080,2026-01-27,已完成,53.97,微信,家居,37.62,15,0.0,
U09_00405,ORD00007081,2025-10-15,已支付,59.61,搜索引擎,数码,29.78,10,44.83,2025-12-10
U09_00405,ORD00007082,2025-11-24,已完成,81.33,小红书,食品,38.1,15,0.0,
U09_00405,ORD00007083,2026-01-19,已完成,54.16,抖音,数码,24.08,5,0.0,
U09_00406,ORD00007084,2025-10-24,已完成,80.61,抖音,家居,42.03,0,0.0,
U09_00406,ORD00007085,2025-11-25,已完成,311.75,微信,美妆,216.74,15,0.0,
U09_00407,ORD00007086,2025-10-26,已支付,143.88,抖音,美妆,74.39,10,0.0,
U09_00407,ORD00007087,2025-11-24,已完成,442.53,搜索引擎,食品,178.25,5,0.0,
U09_00407,ORD00007088,2026-03-22,已支付,292.88,其他,家居,184.71,15,0.0,
U09_00408,ORD00007089,2025-10-09,已支付,209.34,抖音,服饰,106.2,5,0.0,
U09_00408,ORD00007090,2025-11-15,已完成,423.59,小红书,家居,277.85,10,0.0,
U09_00408,ORD00007091,2025-12-19,已完成,316.99,小红书,服饰,134.23,10,187.98,2026-01-06
U09_00408,ORD00007092,2026-04-05,已完成,459.84,抖音,服饰,211.47,10,0.0,
U09_00409,ORD00007093,2025-10-18,已完成,78.47,微信,家居,49.2,10,0.0,
U09_00409,ORD00007094,2025-12-25,已完成,211.51,小红书,食品,103.52,10,0.0,
U09_00409,ORD00007095,2026-02-10,已支付,130.07,微信,服饰,81.32,5,0.0,
U09_00410,ORD00007096,2025-10-09,已支付,183.54,其他,服饰,76.75,15,0.0,
U09_00410,ORD00007097,2025-11-03,已支付,446.76,其他,美妆,201.68,15,0.0,
U09_00411,ORD00007098,2025-10-25,已完成,422.37,搜索引擎,家居,170.18,0,0.0,
U09_00411,ORD00007099,2026-01-02,已完成,186.46,小红书,食品,121.21,10,0.0,
U09_00412,ORD00007100,2025-10-10,已完成,275.48,搜索引擎,服饰,136.32,0,0.0,
U09_00412,ORD00007101,2025-11-18,已完成,326.93,其他,食品,144.58,0,0.0,
U09_00412,ORD00007102,2026-04-19,已完成,151.78,搜索引擎,食品,78.16,10,0.0,
U09_00413,ORD00007103,2025-10-01,已完成,106.67,其他,服饰,46.38,5,0.0,
U09_00413,ORD00007104,2025-11-17,已支付,146.32,搜索引擎,家居,74.28,0,0.0,
U09_00413,ORD00007105,2025-12-17,已支付,383.23,搜索引擎,家居,173.07,10,0.0,
U09_00413,ORD00007106,2026-02-09,已完成,283.84,其他,家居,155.46,5,205.41,2026-02-22
U09_00413,ORD00007107,2026-03-16,已完成,206.67,小红书,美妆,110.66,10,0.0,
U09_00414,ORD00007108,2025-10-26,已完成,362.45,搜索引擎,数码,226.77,0,0.0,
U09_00414,ORD00007109,2025-11-01,已支付,351.25,抖音,美妆,204.68,15,0.0,
U09_00414,ORD00007110,2025-12-19,已支付,59.32,其他,服饰,39.09,0,0.0,
U09_00415,ORD00007111,2025-10-10,已支付,443.34,其他,家居,215.75,0,0.0,
U09_00415,ORD00007112,2025-12-16,已完成,123.15,抖音,食品,83.13,10,0.0,
U09_00415,ORD00007113,2026-02-21,已完成,184.29,微信,服饰,81.04,15,0.0,
U09_00416,ORD00007114,2025-10-08,已完成,433.51,抖音,食品,213.05,5,0.0,
U09_00416,ORD00007115,2025-11-10,已完成,452.14,其他,数码,314.07,15,0.0,
U09_00416,ORD00007116,2025-12-08,已完成,278.15,微信,数码,139.88,10,0.0,
U09_00417,ORD00007117,2025-10-15,已完成,209.22,微信,美妆,98.62,10,0.0,
U09_00417,ORD00007118,2025-11-30,已完成,163.61,搜索引擎,食品,74.71,10,0.0,
U09_00417,ORD00007119,2025-12-19,已完成,268.24,小红书,数码,117.93,0,0.0,
U09_00417,ORD00007120,2026-01-22,已支付,385.09,小红书,数码,257.16,0,0.0,
U09_00417,ORD00007121,2026-03-17,已完成,488.18,小红书,服饰,284.27,15,399.09,2026-04-04
U09_00417,ORD00007122,2026-04-28,已完成,392.36,抖音,美妆,160.53,10,0.0,
U09_00418,ORD00007123,2025-10-13,已完成,392.46,搜索引擎,食品,264.1,15,0.0,
U09_00418,ORD00007124,2025-11-18,已完成,226.79,小红书,服饰,135.93,15,0.0,
U09_00418,ORD00007125,2025-12-15,已完成,295.89,小红书,家居,181.61,15,0.0,
U09_00419,ORD00007126,2025-10-13,已完成,320.91,小红书,家居,170.63,10,0.0,
U09_00419,ORD00007127,2026-04-02,已完成,308.02,微信,食品,173.01,15,0.0,
U09_00420,ORD00007128,2025-10-23,已完成,252.26,抖音,美妆,125.12,5,0.0,
U09_00420,ORD00007129,2025-11-02,已完成,127.98,其他,服饰,58.89,15,0.0,
U09_00420,ORD00007130,2025-12-13,已支付,446.48,抖音,数码,195.46,15,0.0,
U09_00420,ORD00007131,2026-03-08,已支付,478.01,微信,家居,285.89,15,297.3,2026-05-02
U10_00001,ORD00007132,2025-11-03,已完成,240.55,其他,数码,133.7,15,123.89,2025-11-15
U10_00002,ORD00007133,2025-11-09,已完成,178.91,其他,美妆,97.65,0,0.0,
U10_00002,ORD00007134,2026-02-10,已支付,320.46,小红书,数码,215.58,15,0.0,
U10_00003,ORD00007135,2025-11-13,已完成,115.88,搜索引擎,数码,47.21,10,0.0,
U10_00003,ORD00007136,2026-01-28,已支付,257.93,小红书,美妆,133.03,15,0.0,
U10_00003,ORD00007137,2026-05-23,已完成,342.82,微信,数码,233.82,15,0.0,
U10_00004,ORD00007138,2025-11-30,已完成,225.47,微信,数码,129.49,10,0.0,
U10_00004,ORD00007139,2025-12-10,已完成,313.48,小红书,服饰,180.88,5,0.0,
U10_00004,ORD00007140,2026-02-08,已支付,444.46,小红书,美妆,218.73,10,0.0,
U10_00005,ORD00007141,2025-11-11,已支付,345.05,搜索引擎,美妆,236.9,10,211.42,2025-12-20
U10_00006,ORD00007142,2025-11-13,已完成,382.78,微信,食品,267.93,15,0.0,
U10_00006,ORD00007143,2026-02-15,已完成,97.04,微信,美妆,53.75,15,0.0,
U10_00006,ORD00007144,2026-04-07,已完成,84.55,抖音,数码,56.3,10,61.13,2026-05-09
U10_00007,ORD00007145,2025-11-19,已完成,243.77,其他,美妆,126.37,15,0.0,
U10_00007,ORD00007146,2025-12-25,已支付,183.32,搜索引擎,数码,88.23,15,0.0,
U10_00008,ORD00007147,2025-11-14,已完成,103.86,微信,家居,71.6,0,0.0,
U10_00009,ORD00007148,2025-11-12,已完成,461.76,微信,美妆,188.93,10,0.0,
U10_00009,ORD00007149,2026-02-12,已支付,347.13,小红书,服饰,183.51,5,0.0,
U10_00009,ORD00007150,2026-03-07,已完成,232.37,微信,服饰,110.96,10,0.0,
U10_00010,ORD00007151,2025-11-07,已完成,300.27,搜索引擎,家居,172.63,0,0.0,
U10_00010,ORD00007152,2026-01-29,已完成,223.38,抖音,数码,146.05,0,0.0,
U10_00010,ORD00007153,2026-03-27,已完成,322.52,微信,美妆,179.7,10,0.0,
U10_00010,ORD00007154,2026-05-25,已完成,311.83,搜索引擎,家居,160.73,15,0.0,
U10_00011,ORD00007155,2025-11-22,已完成,155.97,搜索引擎,美妆,106.0,10,0.0,
U10_00011,ORD00007156,2025-12-24,已完成,177.36,其他,食品,121.84,15,134.74,2026-01-07
U10_00011,ORD00007157,2026-03-06,已完成,169.04,搜索引擎,服饰,101.43,15,0.0,
U10_00011,ORD00007158,2026-05-18,已完成,225.0,小红书,数码,157.35,10,0.0,
U10_00012,ORD00007159,2025-11-15,已支付,152.17,微信,服饰,66.47,15,0.0,
U10_00012,ORD00007160,2026-01-16,已完成,249.61,小红书,家居,114.12,10,0.0,
U10_00012,ORD00007161,2026-02-10,已完成,90.72,其他,家居,49.37,10,0.0,
U10_00012,ORD00007162,2026-03-25,已完成,112.86,小红书,食品,65.94,5,56.48,2026-05-13
U10_00013,ORD00007163,2025-11-12,已完成,203.28,抖音,美妆,138.22,15,0.0,
U10_00013,ORD00007164,2025-12-18,已完成,256.8,其他,美妆,165.89,0,0.0,
U10_00013,ORD00007165,2026-02-04,已完成,467.4,其他,服饰,310.36,15,254.98,2026-03-19
U10_00013,ORD00007166,2026-03-04,已完成,217.17,其他,美妆,109.22,5,187.51,2026-04-09
U10_00014,ORD00007167,2025-11-14,已完成,136.72,其他,服饰,77.57,10,0.0,
U10_00015,ORD00007168,2025-11-01,已完成,375.21,小红书,美妆,205.87,5,0.0,
U10_00015,ORD00007169,2025-12-11,已完成,266.39,其他,家居,162.84,10,0.0,
U10_00015,ORD00007170,2026-01-05,已完成,364.67,搜索引擎,家居,158.18,10,0.0,
U10_00015,ORD00007171,2026-02-21,已完成,312.09,其他,家居,141.65,10,0.0,
U10_00016,ORD00007172,2025-11-13,已完成,449.0,其他,家居,240.8,5,0.0,
U10_00017,ORD00007173,2025-11-14,已完成,246.41,微信,家居,109.14,15,0.0,
U10_00017,ORD00007174,2026-02-28,已完成,464.65,微信,美妆,258.53,0,0.0,
U10_00017,ORD00007175,2026-05-24,已支付,412.0,抖音,数码,278.89,0,0.0,
U10_00018,ORD00007176,2025-11-29,已支付,72.72,微信,服饰,40.75,10,0.0,
U10_00018,ORD00007177,2026-02-05,已完成,219.38,其他,数码,99.14,15,0.0,
U10_00018,ORD00007178,2026-04-23,已完成,362.52,抖音,家居,148.93,5,302.73,2026-06-18
U10_00019,ORD00007179,2025-11-06,已支付,442.21,其他,美妆,305.8,0,0.0,
U10_00019,ORD00007180,2025-12-14,已支付,366.36,小红书,数码,233.06,10,0.0,
U10_00020,ORD00007181,2025-11-22,已完成,165.01,其他,服饰,113.13,0,0.0,
U10_00020,ORD00007182,2025-12-25,已完成,126.56,小红书,数码,82.7,5,0.0,
U10_00020,ORD00007183,2026-01-03,已支付,269.83,其他,数码,162.08,0,0.0,
U10_00021,ORD00007184,2025-11-30,已支付,419.93,搜索引擎,数码,244.33,10,0.0,
U10_00021,ORD00007185,2026-01-26,已完成,112.71,微信,数码,71.49,15,0.0,
U10_00022,ORD00007186,2025-11-13,已完成,418.76,小红书,服饰,241.74,15,0.0,
U10_00022,ORD00007187,2025-12-30,已支付,332.57,抖音,美妆,141.42,5,0.0,
U10_00022,ORD00007188,2026-01-16,已完成,74.81,其他,数码,47.32,15,39.89,2026-03-09
U10_00022,ORD00007189,2026-02-28,已支付,162.01,小红书,数码,70.27,5,0.0,
U10_00023,ORD00007190,2025-11-09,已完成,350.48,抖音,食品,234.72,15,0.0,
U10_00024,ORD00007191,2025-11-25,已完成,450.66,小红书,数码,242.05,0,0.0,
U10_00024,ORD00007192,2026-04-01,已完成,447.76,微信,食品,193.16,10,0.0,
U10_00025,ORD00007193,2025-11-23,已完成,87.61,其他,食品,52.81,5,0.0,
U10_00025,ORD00007194,2026-05-20,已完成,55.87,其他,食品,25.27,10,0.0,
U10_00026,ORD00007195,2025-11-18,已完成,325.64,其他,美妆,192.43,10,0.0,
U10_00026,ORD00007196,2026-01-02,已支付,224.35,抖音,数码,152.26,10,0.0,
U10_00026,ORD00007197,2026-03-21,已完成,409.65,小红书,美妆,211.04,15,0.0,
U10_00027,ORD00007198,2025-11-05,已完成,499.07,抖音,服饰,272.24,5,0.0,
U10_00027,ORD00007199,2026-02-25,已支付,444.33,搜索引擎,服饰,300.55,5,0.0,
U10_00028,ORD00007200,2025-11-07,已完成,421.33,其他,美妆,206.4,5,0.0,
U10_00028,ORD00007201,2026-02-13,已完成,464.6,搜索引擎,家居,270.18,5,0.0,
U10_00029,ORD00007202,2025-11-10,已完成,110.2,搜索引擎,服饰,65.07,0,0.0,
U10_00029,ORD00007203,2026-01-12,已完成,415.34,搜索引擎,食品,187.55,15,0.0,
U10_00030,ORD00007204,2025-11-30,已完成,53.38,搜索引擎,美妆,25.24,0,27.13,2025-12-27
U10_00030,ORD00007205,2026-05-01,已完成,93.74,抖音,美妆,53.35,10,0.0,
U10_00031,ORD00007206,2025-11-26,已完成,300.95,搜索引擎,数码,162.75,15,0.0,
U10_00031,ORD00007207,2025-12-15,已完成,207.95,其他,数码,91.28,0,0.0,
U10_00032,ORD00007208,2025-11-16,已完成,379.02,小红书,食品,178.33,15,0.0,
U10_00032,ORD00007209,2026-01-11,已支付,293.37,微信,家居,125.79,10,0.0,
U10_00032,ORD00007210,2026-05-18,已完成,183.4,小红书,美妆,110.84,10,0.0,
U10_00033,ORD00007211,2025-11-01,已支付,407.01,其他,家居,185.36,10,0.0,
U10_00033,ORD00007212,2025-12-18,已完成,481.59,抖音,服饰,262.49,10,0.0,
U10_00033,ORD00007213,2026-05-30,已完成,275.97,小红书,美妆,166.61,10,0.0,
U10_00034,ORD00007214,2025-11-22,已完成,442.62,小红书,美妆,182.11,5,249.36,2026-01-07
U10_00035,ORD00007215,2025-11-18,已完成,70.42,小红书,食品,38.27,5,0.0,
U10_00036,ORD00007216,2025-11-02,已完成,389.45,抖音,数码,164.04,0,0.0,
U10_00037,ORD00007217,2025-11-21,已完成,88.87,搜索引擎,家居,52.76,15,0.0,
U10_00037,ORD00007218,2025-12-29,已支付,112.98,微信,食品,75.0,5,0.0,
U10_00037,ORD00007219,2026-02-19,已支付,378.4,微信,服饰,260.13,10,0.0,
U10_00038,ORD00007220,2025-11-01,已支付,182.55,抖音,食品,124.9,10,0.0,
U10_00038,ORD00007221,2025-12-04,已完成,165.95,抖音,数码,108.94,10,0.0,
U10_00039,ORD00007222,2025-11-10,已完成,421.62,抖音,美妆,181.79,10,0.0,
U10_00039,ORD00007223,2026-01-02,已完成,259.86,搜索引擎,食品,133.63,10,0.0,
U10_00039,ORD00007224,2026-03-27,已完成,241.17,其他,食品,98.88,0,0.0,
U10_00040,ORD00007225,2025-11-05,已完成,276.18,其他,食品,124.67,15,0.0,
U10_00040,ORD00007226,2026-02-28,已支付,240.23,搜索引擎,数码,162.31,10,0.0,
U10_00040,ORD00007227,2026-05-26,已完成,320.48,其他,美妆,175.81,10,0.0,
U10_00041,ORD00007228,2025-11-08,已支付,142.75,小红书,数码,78.48,10,0.0,
U10_00041,ORD00007229,2026-01-07,已完成,296.74,搜索引擎,家居,126.57,15,0.0,
U10_00042,ORD00007230,2025-11-20,已支付,350.54,小红书,食品,154.52,10,0.0,
U10_00043,ORD00007231,2025-11-27,已支付,334.61,微信,服饰,152.89,10,0.0,
U10_00043,ORD00007232,2026-02-07,已完成,358.56,其他,食品,231.26,15,0.0,
U10_00044,ORD00007233,2025-11-06,已完成,404.61,搜索引擎,服饰,178.25,10,0.0,
U10_00044,ORD00007234,2026-03-20,已支付,178.34,小红书,数码,103.02,5,0.0,
U10_00045,ORD00007235,2025-11-19,已完成,417.5,微信,食品,221.06,0,0.0,
U10_00045,ORD00007236,2025-12-22,已完成,383.06,抖音,家居,219.13,15,0.0,
U10_00046,ORD00007237,2025-11-09,已完成,67.39,微信,美妆,39.36,15,0.0,
U10_00046,ORD00007238,2025-12-27,已完成,453.38,微信,数码,306.33,10,0.0,
U10_00046,ORD00007239,2026-01-20,已完成,149.46,其他,服饰,67.6,15,0.0,
U10_00046,ORD00007240,2026-05-14,已完成,175.56,搜索引擎,美妆,113.16,5,0.0,
U10_00047,ORD00007241,2025-11-20,已支付,84.39,其他,数码,58.6,10,0.0,
U10_00047,ORD00007242,2026-01-06,已完成,124.75,其他,美妆,76.45,10,0.0,
U10_00047,ORD00007243,2026-04-23,已支付,437.31,搜索引擎,数码,296.46,10,0.0,
U10_00047,ORD00007244,2026-05-05,已完成,414.84,微信,服饰,217.88,5,0.0,
U10_00048,ORD00007245,2025-11-08,已支付,463.92,搜索引擎,服饰,304.85,0,0.0,
U10_00048,ORD00007246,2026-01-03,已支付,466.79,小红书,服饰,209.02,10,0.0,
U10_00048,ORD00007247,2026-02-19,已完成,232.67,微信,美妆,131.18,5,0.0,
U10_00049,ORD00007248,2025-11-17,已支付,375.17,小红书,美妆,245.13,15,0.0,
U10_00049,ORD00007249,2025-12-17,已完成,91.25,抖音,服饰,63.85,15,0.0,
U10_00049,ORD00007250,2026-01-29,已支付,418.48,其他,食品,276.33,15,0.0,
U10_00049,ORD00007251,2026-04-05,已完成,257.55,抖音,服饰,141.74,0,0.0,
U10_00049,ORD00007252,2026-05-11,已支付,295.71,微信,数码,191.73,10,0.0,
U10_00050,ORD00007253,2025-11-29,已支付,184.0,微信,家居,76.22,10,0.0,
U10_00050,ORD00007254,2026-02-09,已完成,66.16,其他,食品,39.27,5,0.0,
U10_00051,ORD00007255,2025-11-05,已支付,112.35,搜索引擎,美妆,78.42,0,0.0,
U10_00051,ORD00007256,2026-02-27,已完成,425.35,小红书,数码,185.42,10,0.0,
U10_00052,ORD00007257,2025-11-21,已完成,327.22,搜索引擎,家居,217.3,5,0.0,
U10_00053,ORD00007258,2025-11-21,已支付,438.75,小红书,数码,187.92,10,0.0,
U10_00053,ORD00007259,2025-12-23,已支付,377.49,搜索引擎,食品,220.32,15,0.0,
U10_00054,ORD00007260,2025-11-13,已支付,160.8,小红书,数码,89.2,5,0.0,
U10_00055,ORD00007261,2025-11-08,已支付,64.93,其他,食品,41.83,5,0.0,
U10_00055,ORD00007262,2026-03-18,已完成,90.18,小红书,服饰,37.52,10,0.0,
U10_00055,ORD00007263,2026-04-01,已完成,89.51,抖音,数码,60.92,10,77.49,2026-04-16
U10_00056,ORD00007264,2025-11-21,已支付,131.87,搜索引擎,数码,92.22,15,0.0,
U10_00057,ORD00007265,2025-11-05,已支付,340.06,抖音,美妆,229.98,10,0.0,
U10_00057,ORD00007266,2026-02-06,已完成,52.83,小红书,美妆,31.42,0,0.0,
U10_00058,ORD00007267,2025-11-14,已完成,81.43,抖音,美妆,40.16,10,0.0,
U10_00058,ORD00007268,2026-01-08,已完成,196.05,抖音,家居,120.76,15,0.0,
U10_00058,ORD00007269,2026-05-02,已完成,96.53,微信,服饰,58.82,10,0.0,
U10_00059,ORD00007270,2025-11-22,已支付,162.77,微信,数码,82.01,0,0.0,
U10_00059,ORD00007271,2025-12-14,已支付,277.97,抖音,家居,173.95,10,0.0,
U10_00059,ORD00007272,2026-03-23,已完成,262.6,小红书,数码,154.89,10,0.0,
U10_00059,ORD00007273,2026-04-22,已完成,177.42,其他,食品,112.93,15,0.0,
U10_00059,ORD00007274,2026-05-15,已完成,135.33,搜索引擎,服饰,72.51,5,0.0,
U10_00060,ORD00007275,2025-11-21,已支付,347.51,抖音,美妆,179.04,10,263.95,2026-01-15
U10_00060,ORD00007276,2025-12-26,已支付,350.89,其他,食品,208.5,15,0.0,
U10_00060,ORD00007277,2026-02-03,已支付,115.59,微信,服饰,77.54,0,0.0,
U10_00061,ORD00007278,2025-11-12,已完成,221.69,抖音,家居,100.94,10,218.49,2026-01-11
U10_00062,ORD00007279,2025-11-04,已支付,77.07,其他,数码,37.45,10,0.0,
U10_00062,ORD00007280,2026-03-15,已完成,191.93,微信,数码,103.24,10,0.0,
U10_00062,ORD00007281,2026-04-17,已完成,54.02,其他,美妆,28.24,15,0.0,
U10_00063,ORD00007282,2025-11-01,已支付,368.12,搜索引擎,家居,154.66,5,0.0,
U10_00063,ORD00007283,2025-12-28,已完成,429.71,搜索引擎,美妆,226.6,5,0.0,
U10_00064,ORD00007284,2025-11-24,已完成,245.99,其他,服饰,132.14,15,0.0,
U10_00064,ORD00007285,2025-12-24,已支付,276.88,微信,服饰,185.73,0,0.0,
U10_00064,ORD00007286,2026-04-27,已完成,393.0,搜索引擎,美妆,164.03,10,0.0,
U10_00065,ORD00007287,2025-11-16,已完成,89.46,其他,美妆,55.72,10,0.0,
U10_00065,ORD00007288,2025-12-09,已完成,447.77,小红书,家居,269.54,10,0.0,
U10_00065,ORD00007289,2026-01-29,已完成,140.04,小红书,家居,62.11,10,0.0,
U10_00065,ORD00007290,2026-03-31,已完成,424.48,小红书,美妆,196.85,10,0.0,
U10_00066,ORD00007291,2025-11-18,已完成,376.85,抖音,家居,198.45,15,0.0,
U10_00066,ORD00007292,2025-12-27,已完成,224.57,其他,数码,120.64,0,0.0,
U10_00067,ORD00007293,2025-11-15,已完成,353.35,抖音,家居,228.13,10,0.0,
U10_00067,ORD00007294,2025-12-27,已完成,219.11,微信,服饰,152.86,0,0.0,
U10_00067,ORD00007295,2026-04-21,已支付,292.93,小红书,服饰,166.47,10,169.78,2026-05-11
U10_00068,ORD00007296,2025-11-17,已完成,325.44,小红书,服饰,153.28,0,0.0,
U10_00068,ORD00007297,2025-12-21,已支付,227.78,微信,美妆,144.19,5,0.0,
U10_00068,ORD00007298,2026-02-11,已支付,494.36,其他,数码,314.36,10,0.0,
U10_00069,ORD00007299,2025-11-20,已完成,133.69,其他,数码,60.33,0,0.0,
U10_00069,ORD00007300,2025-12-12,已支付,325.52,搜索引擎,数码,177.48,10,0.0,
U10_00069,ORD00007301,2026-01-30,已完成,475.95,抖音,服饰,200.57,5,369.4,2026-02-16
U10_00069,ORD00007302,2026-03-26,已支付,486.93,搜索引擎,服饰,263.1,5,323.11,2026-04-23
U10_00069,ORD00007303,2026-04-04,已完成,242.6,其他,食品,161.43,10,0.0,
U10_00070,ORD00007304,2025-11-21,已完成,334.86,微信,服饰,198.77,5,0.0,
U10_00070,ORD00007305,2025-12-20,已支付,426.33,小红书,美妆,241.47,10,402.6,2026-02-01
U10_00070,ORD00007306,2026-01-29,已支付,325.36,小红书,食品,149.56,15,0.0,
U10_00071,ORD00007307,2025-11-22,已完成,194.76,抖音,服饰,100.08,0,0.0,
U10_00071,ORD00007308,2026-03-30,已支付,63.1,抖音,家居,31.37,10,0.0,
U10_00072,ORD00007309,2025-11-25,已完成,73.06,搜索引擎,服饰,37.99,0,0.0,
U10_00072,ORD00007310,2026-02-14,已支付,57.97,小红书,家居,32.54,10,29.69,2026-04-11
U10_00073,ORD00007311,2025-11-29,已完成,155.29,其他,美妆,86.79,5,130.39,2026-01-24
U10_00073,ORD00007312,2026-04-04,已支付,414.89,其他,美妆,190.59,0,0.0,
U10_00073,ORD00007313,2026-05-18,已完成,68.89,抖音,食品,33.13,15,0.0,
U10_00074,ORD00007314,2025-11-16,已完成,450.34,微信,家居,184.44,10,0.0,
U10_00074,ORD00007315,2025-12-29,已支付,76.39,微信,食品,34.82,0,0.0,
U10_00074,ORD00007316,2026-03-18,已完成,253.0,微信,数码,141.35,0,0.0,
U10_00074,ORD00007317,2026-05-05,已支付,209.88,小红书,食品,125.75,5,0.0,
U10_00075,ORD00007318,2025-11-22,已完成,398.23,微信,数码,180.09,0,0.0,
U10_00075,ORD00007319,2025-12-17,已支付,345.92,抖音,数码,233.14,5,0.0,
U10_00075,ORD00007320,2026-01-05,已支付,112.85,其他,美妆,61.77,15,0.0,
U10_00076,ORD00007321,2025-11-10,已完成,273.42,其他,家居,163.05,5,0.0,
U10_00077,ORD00007322,2025-11-27,已完成,301.29,其他,食品,158.41,15,0.0,
U10_00077,ORD00007323,2026-01-21,已支付,342.79,搜索引擎,家居,212.1,10,0.0,
U10_00078,ORD00007324,2025-11-22,已完成,70.65,小红书,服饰,32.45,15,0.0,
U10_00078,ORD00007325,2026-01-14,已支付,59.88,微信,美妆,25.03,5,0.0,
U10_00078,ORD00007326,2026-03-08,已支付,409.81,微信,食品,253.32,15,0.0,
U10_00079,ORD00007327,2025-11-14,已完成,415.56,小红书,食品,187.17,5,0.0,
U10_00079,ORD00007328,2025-12-14,已完成,402.97,小红书,数码,161.64,15,0.0,
U10_00079,ORD00007329,2026-02-15,已完成,110.73,小红书,家居,61.48,0,0.0,
U10_00079,ORD00007330,2026-03-19,已完成,372.14,小红书,家居,185.73,0,0.0,
U10_00080,ORD00007331,2025-11-01,已完成,308.64,搜索引擎,服饰,196.65,15,0.0,
U10_00081,ORD00007332,2025-11-22,已完成,474.87,小红书,美妆,283.88,15,0.0,
U10_00081,ORD00007333,2026-01-18,已完成,181.32,小红书,家居,81.98,5,0.0,
U10_00081,ORD00007334,2026-02-05,已完成,92.01,抖音,美妆,43.51,5,0.0,
U10_00082,ORD00007335,2025-11-07,已支付,63.0,抖音,家居,27.64,5,0.0,
U10_00082,ORD00007336,2026-02-01,已完成,396.4,小红书,食品,200.84,0,0.0,
U10_00082,ORD00007337,2026-04-14,已支付,53.18,抖音,食品,32.54,5,0.0,
U10_00083,ORD00007338,2025-11-10,已完成,153.95,小红书,食品,100.9,0,0.0,
U10_00083,ORD00007339,2025-12-16,已完成,236.14,搜索引擎,数码,95.47,10,0.0,
U10_00084,ORD00007340,2025-11-13,已支付,268.6,抖音,数码,169.52,10,0.0,
U10_00084,ORD00007341,2025-12-05,已完成,442.85,搜索引擎,家居,207.83,15,0.0,
U10_00084,ORD00007342,2026-01-10,已完成,161.7,小红书,家居,105.23,0,0.0,
U10_00084,ORD00007343,2026-04-20,已支付,215.57,搜索引擎,美妆,132.17,5,0.0,
U10_00085,ORD00007344,2025-11-29,已完成,482.49,其他,家居,220.12,10,0.0,
U10_00085,ORD00007345,2026-03-01,已完成,132.37,抖音,数码,74.59,10,0.0,
U10_00085,ORD00007346,2026-04-10,已支付,338.74,微信,美妆,176.56,10,0.0,
U10_00086,ORD00007347,2025-11-19,已完成,435.39,小红书,数码,208.34,15,0.0,
U10_00086,ORD00007348,2026-01-20,已支付,215.2,其他,家居,88.72,10,0.0,
U10_00087,ORD00007349,2025-11-05,已支付,380.18,抖音,服饰,159.95,10,0.0,
U10_00087,ORD00007350,2025-12-21,已完成,225.3,小红书,食品,136.4,15,0.0,
U10_00087,ORD00007351,2026-02-14,已支付,200.1,搜索引擎,服饰,104.75,10,0.0,
U10_00087,ORD00007352,2026-04-22,已完成,204.94,搜索引擎,食品,87.14,15,0.0,
U10_00088,ORD00007353,2025-11-15,已完成,467.67,微信,家居,282.77,15,0.0,
U10_00089,ORD00007354,2025-11-14,已完成,367.87,抖音,服饰,178.82,10,0.0,
U10_00089,ORD00007355,2026-01-24,已完成,78.54,其他,服饰,35.11,0,0.0,
U10_00089,ORD00007356,2026-02-24,已完成,488.95,抖音,服饰,261.22,0,0.0,
U10_00089,ORD00007357,2026-05-07,已完成,115.22,其他,家居,58.42,10,0.0,
U10_00090,ORD00007358,2025-11-29,已支付,279.45,抖音,食品,113.12,10,0.0,
U10_00090,ORD00007359,2026-05-03,已完成,131.13,其他,服饰,91.61,5,0.0,
U10_00091,ORD00007360,2025-11-02,已支付,241.02,小红书,美妆,141.25,5,0.0,
U10_00091,ORD00007361,2025-12-25,已支付,330.92,搜索引擎,服饰,214.09,0,0.0,
U10_00091,ORD00007362,2026-02-22,已支付,311.25,搜索引擎,服饰,169.6,15,0.0,
U10_00092,ORD00007363,2025-11-08,已完成,252.45,微信,家居,136.75,10,0.0,
U10_00093,ORD00007364,2025-11-05,已支付,177.01,搜索引擎,美妆,98.35,0,0.0,
U10_00093,ORD00007365,2025-12-16,已完成,333.29,小红书,服饰,217.16,10,0.0,
U10_00093,ORD00007366,2026-02-27,已完成,223.43,抖音,食品,124.15,5,0.0,
U10_00093,ORD00007367,2026-04-10,已完成,71.32,小红书,家居,43.33,5,0.0,
U10_00094,ORD00007368,2025-11-01,已完成,266.72,其他,服饰,157.03,10,0.0,
U10_00094,ORD00007369,2026-01-08,已支付,464.66,抖音,数码,205.8,10,0.0,
U10_00095,ORD00007370,2025-11-03,已完成,415.21,微信,美妆,230.93,10,0.0,
U10_00095,ORD00007371,2025-12-18,已支付,470.1,搜索引擎,家居,236.74,0,0.0,
U10_00095,ORD00007372,2026-04-09,已完成,361.94,其他,数码,152.91,10,0.0,
U10_00096,ORD00007373,2025-11-10,已完成,310.94,小红书,服饰,138.59,5,157.15,2025-12-20
U10_00096,ORD00007374,2026-02-27,已完成,265.38,其他,美妆,129.36,5,0.0,
U10_00096,ORD00007375,2026-04-25,已完成,441.8,微信,美妆,218.14,5,0.0,
U10_00097,ORD00007376,2025-11-15,已支付,314.26,抖音,美妆,193.04,5,0.0,
U10_00097,ORD00007377,2025-12-06,已完成,179.52,其他,美妆,118.11,15,157.33,2025-12-23
U10_00098,ORD00007378,2025-11-06,已完成,250.15,小红书,美妆,102.66,10,0.0,
U10_00098,ORD00007379,2025-12-25,已完成,407.19,抖音,服饰,262.49,10,0.0,
U10_00099,ORD00007380,2025-11-28,已支付,90.71,其他,服饰,47.37,15,0.0,
U10_00099,ORD00007381,2026-03-25,已支付,195.8,搜索引擎,数码,112.09,0,0.0,
U10_00099,ORD00007382,2026-04-27,已完成,390.54,其他,数码,233.51,15,0.0,
U10_00100,ORD00007383,2025-11-17,已完成,499.18,小红书,服饰,343.89,0,0.0,
U10_00100,ORD00007384,2026-01-04,已支付,154.6,小红书,服饰,105.88,0,0.0,
U10_00101,ORD00007385,2025-11-29,已支付,287.83,其他,美妆,195.2,10,0.0,
U10_00101,ORD00007386,2026-02-08,已支付,67.98,其他,美妆,31.47,15,0.0,
U10_00101,ORD00007387,2026-05-20,已完成,258.27,微信,美妆,137.33,15,0.0,
U10_00102,ORD00007388,2025-11-25,已完成,63.4,搜索引擎,美妆,39.7,15,0.0,
U10_00102,ORD00007389,2025-12-19,已完成,383.42,微信,数码,198.43,0,0.0,
U10_00102,ORD00007390,2026-01-16,已支付,176.36,微信,美妆,113.76,10,0.0,
U10_00102,ORD00007391,2026-02-10,已支付,482.58,小红书,食品,228.28,10,0.0,
U10_00102,ORD00007392,2026-03-08,已完成,399.1,小红书,服饰,201.71,5,0.0,
U10_00102,ORD00007393,2026-05-28,已支付,222.5,其他,家居,95.68,15,0.0,
U10_00103,ORD00007394,2025-11-10,已完成,433.03,抖音,服饰,200.34,0,0.0,
U10_00103,ORD00007395,2025-12-31,已完成,318.28,搜索引擎,服饰,197.73,10,0.0,
U10_00103,ORD00007396,2026-01-09,已支付,281.59,搜索引擎,家居,155.39,0,273.1,2026-02-03
U10_00103,ORD00007397,2026-03-05,已完成,409.98,抖音,家居,170.99,5,0.0,
U10_00104,ORD00007398,2025-11-20,已完成,112.05,抖音,家居,67.89,10,0.0,
U10_00104,ORD00007399,2026-04-17,已完成,426.69,搜索引擎,家居,198.81,15,426.24,2026-06-06
U10_00104,ORD00007400,2026-05-20,已支付,242.31,小红书,数码,112.98,5,0.0,
U10_00105,ORD00007401,2025-11-07,已完成,298.71,微信,数码,182.85,5,0.0,
U10_00105,ORD00007402,2025-12-16,已完成,491.75,其他,数码,265.31,0,0.0,
U10_00105,ORD00007403,2026-01-21,已完成,79.09,小红书,美妆,44.53,10,0.0,
U10_00106,ORD00007404,2025-11-13,已支付,269.1,其他,服饰,166.38,15,0.0,
U10_00106,ORD00007405,2026-02-17,已完成,144.91,搜索引擎,服饰,79.55,0,0.0,
U10_00107,ORD00007406,2025-11-13,已完成,209.2,搜索引擎,服饰,103.14,10,0.0,
U10_00107,ORD00007407,2026-02-23,已完成,432.08,抖音,数码,236.9,10,0.0,
U10_00108,ORD00007408,2025-11-09,已完成,142.26,微信,数码,80.73,0,139.7,2025-11-19
U10_00108,ORD00007409,2025-12-12,已完成,362.13,其他,食品,167.67,5,0.0,
U10_00109,ORD00007410,2025-11-30,已支付,460.64,微信,数码,322.16,15,0.0,
U10_00109,ORD00007411,2026-02-25,已完成,284.77,搜索引擎,家居,197.25,5,0.0,
U10_00109,ORD00007412,2026-03-23,已支付,222.98,微信,数码,112.95,5,0.0,
U10_00110,ORD00007413,2025-11-19,已完成,135.57,小红书,食品,82.18,0,0.0,
U10_00110,ORD00007414,2026-01-26,已支付,356.32,小红书,家居,218.49,0,0.0,
U10_00111,ORD00007415,2025-11-17,已完成,377.49,微信,食品,177.7,5,0.0,
U10_00111,ORD00007416,2025-12-08,已完成,190.39,抖音,数码,86.61,10,0.0,
U10_00112,ORD00007417,2025-11-28,已完成,382.2,抖音,美妆,255.68,10,0.0,
U10_00112,ORD00007418,2026-03-02,已支付,67.85,抖音,美妆,36.44,10,0.0,
U10_00113,ORD00007419,2025-11-28,已完成,453.6,抖音,食品,184.54,10,0.0,
U10_00113,ORD00007420,2025-12-25,已完成,144.24,其他,食品,100.18,5,0.0,
U10_00114,ORD00007421,2025-11-28,已支付,149.06,搜索引擎,美妆,81.46,5,0.0,
U10_00114,ORD00007422,2025-12-05,已支付,492.41,其他,美妆,255.06,10,0.0,
U10_00114,ORD00007423,2026-03-25,已支付,192.6,微信,服饰,122.66,10,0.0,
U10_00114,ORD00007424,2026-04-06,已完成,476.69,搜索引擎,家居,258.07,5,0.0,
U10_00115,ORD00007425,2025-11-20,已完成,401.9,抖音,美妆,217.94,15,0.0,
U10_00115,ORD00007426,2026-03-10,已完成,372.92,其他,食品,237.83,0,0.0,
U10_00116,ORD00007427,2025-11-01,已完成,210.81,微信,美妆,120.65,10,0.0,
U10_00116,ORD00007428,2025-12-31,已完成,125.58,其他,数码,80.55,10,0.0,
U10_00116,ORD00007429,2026-04-06,已完成,439.33,小红书,食品,179.84,5,0.0,
U10_00117,ORD00007430,2025-11-12,已完成,338.05,抖音,服饰,155.6,10,0.0,
U10_00118,ORD00007431,2025-11-14,已完成,470.66,搜索引擎,美妆,276.42,5,0.0,
U10_00118,ORD00007432,2025-12-17,已支付,464.39,抖音,食品,195.64,5,0.0,
U10_00118,ORD00007433,2026-01-29,已完成,97.45,小红书,美妆,62.62,5,0.0,
U10_00119,ORD00007434,2025-11-28,已完成,63.38,搜索引擎,家居,36.75,0,0.0,
U10_00119,ORD00007435,2026-02-10,已完成,259.74,小红书,数码,158.52,0,0.0,
U10_00119,ORD00007436,2026-04-30,已完成,253.23,搜索引擎,食品,138.78,10,0.0,
U10_00120,ORD00007437,2025-11-02,已支付,490.07,小红书,服饰,332.55,5,0.0,
U10_00121,ORD00007438,2025-11-14,已支付,244.93,搜索引擎,食品,151.42,15,0.0,
U10_00121,ORD00007439,2025-12-28,已完成,405.05,抖音,美妆,266.47,10,0.0,
U10_00121,ORD00007440,2026-04-27,已完成,88.51,抖音,美妆,54.16,10,0.0,
U10_00121,ORD00007441,2026-05-10,已完成,358.02,其他,服饰,172.06,0,266.45,2026-06-04
U10_00122,ORD00007442,2025-11-09,已支付,63.32,搜索引擎,家居,35.61,10,0.0,
U10_00122,ORD00007443,2025-12-23,已支付,69.97,微信,数码,46.32,15,0.0,
U10_00122,ORD00007444,2026-03-19,已完成,95.55,微信,家居,59.44,10,0.0,
U10_00123,ORD00007445,2025-11-02,已支付,310.14,搜索引擎,家居,153.48,5,0.0,
U10_00123,ORD00007446,2026-02-06,已完成,209.21,小红书,数码,136.46,10,0.0,
U10_00123,ORD00007447,2026-03-02,已完成,415.08,抖音,食品,261.97,5,0.0,
U10_00124,ORD00007448,2025-11-11,已完成,405.29,其他,服饰,229.68,5,0.0,
U10_00124,ORD00007449,2026-03-28,已完成,458.19,抖音,数码,203.18,15,0.0,
U10_00124,ORD00007450,2026-04-17,已完成,235.79,小红书,食品,94.84,10,0.0,
U10_00125,ORD00007451,2025-11-08,已支付,71.11,搜索引擎,数码,40.47,10,0.0,
U10_00125,ORD00007452,2025-12-26,已完成,349.48,搜索引擎,美妆,182.5,10,0.0,
U10_00125,ORD00007453,2026-01-11,已完成,220.04,小红书,服饰,92.79,10,0.0,
U10_00125,ORD00007454,2026-02-28,已支付,99.52,微信,服饰,56.82,0,0.0,
U10_00125,ORD00007455,2026-05-19,已支付,378.31,抖音,服饰,179.8,10,0.0,
U10_00126,ORD00007456,2025-11-24,已支付,438.78,小红书,食品,244.77,5,354.28,2026-01-06
U10_00126,ORD00007457,2025-12-14,已支付,231.43,搜索引擎,美妆,156.99,0,0.0,
U10_00126,ORD00007458,2026-05-14,已完成,91.12,抖音,食品,37.53,0,0.0,
U10_00127,ORD00007459,2025-11-29,已完成,259.09,抖音,服饰,170.51,10,0.0,
U10_00128,ORD00007460,2025-11-29,已完成,476.79,搜索引擎,家居,255.17,10,0.0,
U10_00128,ORD00007461,2026-01-11,已支付,406.87,其他,服饰,238.85,10,0.0,
U10_00128,ORD00007462,2026-05-10,已完成,110.01,搜索引擎,食品,74.62,10,0.0,
U10_00129,ORD00007463,2025-11-04,已支付,122.66,小红书,服饰,77.8,15,67.84,2025-12-04
U10_00129,ORD00007464,2025-12-08,已完成,129.59,微信,数码,56.93,10,0.0,
U10_00129,ORD00007465,2026-01-25,已完成,95.26,小红书,家居,54.92,10,0.0,
U10_00129,ORD00007466,2026-02-16,已完成,81.85,抖音,家居,45.28,15,70.21,2026-03-05
U10_00130,ORD00007467,2025-11-07,已支付,465.48,小红书,服饰,323.08,5,0.0,
U10_00130,ORD00007468,2026-01-16,已完成,116.72,抖音,美妆,73.31,15,0.0,
U10_00131,ORD00007469,2025-11-22,已完成,128.8,其他,数码,60.72,15,0.0,
U10_00131,ORD00007470,2026-05-26,已完成,352.14,小红书,服饰,196.18,10,0.0,
U10_00132,ORD00007471,2025-11-30,已完成,177.18,微信,食品,109.78,10,162.89,2026-01-21
U10_00132,ORD00007472,2025-12-17,已支付,151.23,其他,美妆,103.01,5,0.0,
U10_00132,ORD00007473,2026-02-17,已支付,444.18,抖音,服饰,178.58,0,0.0,
U10_00132,ORD00007474,2026-03-19,已完成,429.52,抖音,服饰,239.59,15,0.0,
U10_00133,ORD00007475,2025-11-21,已完成,302.44,小红书,美妆,195.08,15,0.0,
U10_00133,ORD00007476,2026-02-24,已完成,166.2,搜索引擎,食品,71.88,15,0.0,
U10_00134,ORD00007477,2025-11-29,已支付,201.16,小红书,食品,138.91,10,0.0,
U10_00134,ORD00007478,2025-12-05,已支付,466.4,抖音,美妆,296.88,0,0.0,
U10_00135,ORD00007479,2025-11-30,已完成,135.14,搜索引擎,美妆,60.79,10,0.0,
U10_00135,ORD00007480,2026-03-04,已完成,68.68,搜索引擎,食品,36.36,10,59.36,2026-04-05
U10_00136,ORD00007481,2025-11-26,已完成,144.98,小红书,家居,85.55,10,0.0,
U10_00136,ORD00007482,2025-12-04,已完成,118.89,其他,家居,68.49,15,0.0,
U10_00136,ORD00007483,2026-02-02,已支付,456.21,微信,美妆,313.71,0,416.69,2026-03-22
U10_00136,ORD00007484,2026-05-26,已支付,133.02,搜索引擎,美妆,59.02,15,0.0,
U10_00137,ORD00007485,2025-11-09,已完成,400.45,其他,服饰,201.88,0,0.0,
U10_00137,ORD00007486,2026-01-04,已支付,302.16,小红书,数码,166.85,0,0.0,
U10_00137,ORD00007487,2026-03-10,已完成,464.39,其他,美妆,189.77,15,0.0,
U10_00138,ORD00007488,2025-11-13,已支付,115.32,抖音,家居,72.92,10,0.0,
U10_00138,ORD00007489,2025-12-24,已支付,299.08,搜索引擎,服饰,188.44,5,0.0,
U10_00139,ORD00007490,2025-11-04,已支付,315.83,微信,家居,164.5,15,0.0,
U10_00139,ORD00007491,2025-12-20,已完成,116.89,其他,美妆,71.37,10,0.0,
U10_00139,ORD00007492,2026-01-20,已完成,432.77,其他,美妆,224.04,0,0.0,
U10_00139,ORD00007493,2026-02-04,已支付,270.46,搜索引擎,家居,132.53,10,0.0,
U10_00140,ORD00007494,2025-11-17,已支付,72.18,抖音,数码,31.81,15,69.18,2026-01-02
U10_00140,ORD00007495,2026-02-03,已完成,237.31,小红书,家居,111.12,0,0.0,
U10_00141,ORD00007496,2025-11-15,已完成,265.42,搜索引擎,食品,152.5,15,186.11,2025-11-28
U10_00141,ORD00007497,2025-12-18,已支付,202.23,微信,食品,114.23,10,0.0,
U10_00141,ORD00007498,2026-01-11,已支付,76.21,其他,家居,36.72,10,0.0,
U10_00141,ORD00007499,2026-03-14,已完成,301.55,抖音,数码,210.12,10,0.0,
U10_00142,ORD00007500,2025-11-14,已完成,239.72,微信,食品,165.16,5,0.0,
U10_00142,ORD00007501,2026-01-15,已完成,423.4,抖音,数码,295.42,5,0.0,
U10_00142,ORD00007502,2026-03-14,已完成,282.84,微信,食品,115.16,15,0.0,
U10_00143,ORD00007503,2025-11-24,已完成,359.68,抖音,食品,196.92,15,0.0,
U10_00143,ORD00007504,2026-04-30,已完成,364.44,小红书,食品,178.87,10,0.0,
U10_00144,ORD00007505,2025-11-17,已完成,337.39,小红书,食品,136.13,0,204.07,2025-12-08
U10_00144,ORD00007506,2026-02-18,已完成,475.07,抖音,美妆,247.46,10,0.0,
U10_00144,ORD00007507,2026-03-18,已完成,172.96,微信,数码,118.15,10,0.0,
U10_00145,ORD00007508,2025-11-15,已完成,102.56,搜索引擎,食品,46.27,15,0.0,
U10_00145,ORD00007509,2025-12-29,已完成,369.1,抖音,美妆,255.78,0,0.0,
U10_00146,ORD00007510,2025-11-20,已支付,362.57,抖音,数码,231.85,10,0.0,
U10_00146,ORD00007511,2025-12-21,已支付,427.97,微信,食品,191.73,10,0.0,
U10_00146,ORD00007512,2026-01-18,已完成,146.53,搜索引擎,美妆,87.89,10,0.0,
U10_00146,ORD00007513,2026-03-24,已完成,486.32,微信,食品,270.72,0,0.0,
U10_00146,ORD00007514,2026-04-20,已完成,242.81,微信,美妆,147.97,10,0.0,
U10_00146,ORD00007515,2026-05-06,已完成,170.94,搜索引擎,食品,75.41,10,0.0,
U10_00147,ORD00007516,2025-11-19,已完成,311.52,抖音,服饰,143.32,10,0.0,
U10_00147,ORD00007517,2026-02-27,已完成,444.86,抖音,家居,214.13,10,0.0,
U10_00148,ORD00007518,2025-11-16,已完成,326.54,其他,数码,174.98,10,0.0,
U10_00148,ORD00007519,2026-02-01,已完成,476.74,抖音,家居,288.47,15,0.0,
U10_00149,ORD00007520,2025-11-04,已完成,279.03,微信,数码,193.19,10,0.0,
U10_00149,ORD00007521,2025-12-30,已支付,101.48,抖音,美妆,49.49,5,0.0,
U10_00150,ORD00007522,2025-11-09,已完成,333.69,抖音,美妆,227.55,10,0.0,
U10_00150,ORD00007523,2025-12-26,已完成,362.2,小红书,数码,207.53,10,0.0,
U10_00150,ORD00007524,2026-01-30,已完成,385.18,小红书,服饰,265.96,10,0.0,
U10_00150,ORD00007525,2026-04-15,已支付,61.7,微信,数码,31.63,0,0.0,
U10_00151,ORD00007526,2025-11-22,已完成,105.59,其他,家居,62.31,15,0.0,
U10_00151,ORD00007527,2026-03-09,已完成,338.2,微信,服饰,226.84,5,0.0,
U10_00152,ORD00007528,2025-11-02,已完成,205.18,其他,美妆,126.27,5,0.0,
U10_00152,ORD00007529,2025-12-16,已完成,105.93,抖音,食品,73.01,10,0.0,
U10_00152,ORD00007530,2026-02-22,已完成,161.35,微信,食品,100.2,15,0.0,
U10_00152,ORD00007531,2026-03-16,已支付,311.56,搜索引擎,服饰,190.53,0,0.0,
U10_00153,ORD00007532,2025-11-27,已完成,390.35,其他,数码,237.05,10,0.0,
U10_00153,ORD00007533,2026-05-06,已完成,478.04,微信,服饰,286.63,15,0.0,
U10_00154,ORD00007534,2025-11-03,已支付,368.62,其他,食品,202.48,10,0.0,
U10_00154,ORD00007535,2025-12-22,已完成,333.49,微信,美妆,159.83,5,0.0,
U10_00154,ORD00007536,2026-01-23,已支付,158.25,搜索引擎,美妆,102.3,5,0.0,
U10_00155,ORD00007537,2025-11-12,已完成,264.9,搜索引擎,家居,124.09,10,0.0,
U10_00155,ORD00007538,2026-03-05,已完成,267.94,小红书,家居,139.07,0,0.0,
U10_00156,ORD00007539,2025-11-15,已完成,118.24,小红书,食品,74.95,10,0.0,
U10_00156,ORD00007540,2026-03-14,已支付,335.26,其他,美妆,198.17,5,0.0,
U10_00156,ORD00007541,2026-04-11,已完成,207.92,其他,家居,93.89,15,0.0,
U10_00157,ORD00007542,2025-11-21,已支付,438.05,其他,食品,182.21,15,0.0,
U10_00157,ORD00007543,2026-01-01,已完成,230.57,小红书,家居,153.44,15,0.0,
U10_00157,ORD00007544,2026-03-08,已完成,184.98,其他,服饰,117.0,10,0.0,
U10_00157,ORD00007545,2026-05-06,已完成,77.27,搜索引擎,数码,34.69,0,0.0,
U10_00158,ORD00007546,2025-11-18,已支付,87.3,微信,数码,50.97,10,0.0,
U10_00158,ORD00007547,2025-12-21,已支付,233.65,微信,美妆,111.0,0,0.0,
U10_00158,ORD00007548,2026-01-18,已支付,95.43,微信,家居,46.32,0,0.0,
U10_00158,ORD00007549,2026-03-29,已完成,72.63,抖音,食品,49.62,5,0.0,
U10_00158,ORD00007550,2026-05-07,已完成,66.39,其他,食品,33.52,5,0.0,
U10_00159,ORD00007551,2025-11-15,已完成,489.23,小红书,美妆,212.44,5,0.0,
U10_00159,ORD00007552,2025-12-05,已完成,319.0,搜索引擎,食品,183.1,10,0.0,
U10_00159,ORD00007553,2026-02-27,已完成,108.19,小红书,美妆,66.51,5,0.0,
U10_00159,ORD00007554,2026-03-07,已完成,352.11,微信,服饰,245.55,10,0.0,
U10_00160,ORD00007555,2025-11-19,已完成,109.67,微信,美妆,60.11,10,0.0,
U10_00160,ORD00007556,2025-12-23,已完成,208.16,其他,服饰,133.68,10,0.0,
U10_00160,ORD00007557,2026-03-16,已完成,277.8,其他,服饰,184.35,0,0.0,
U10_00161,ORD00007558,2025-11-08,已支付,327.14,小红书,家居,218.6,15,0.0,
U10_00161,ORD00007559,2026-04-05,已完成,73.11,抖音,食品,48.86,5,0.0,
U10_00162,ORD00007560,2025-11-04,已支付,423.96,抖音,数码,202.57,15,0.0,
U10_00163,ORD00007561,2025-11-14,已支付,139.51,小红书,数码,95.64,10,0.0,
U10_00163,ORD00007562,2026-02-09,已完成,323.25,微信,美妆,176.59,0,0.0,
U10_00163,ORD00007563,2026-03-30,已完成,300.14,小红书,美妆,149.99,0,0.0,
U10_00163,ORD00007564,2026-05-09,已完成,427.58,其他,服饰,265.83,0,0.0,
U10_00164,ORD00007565,2025-11-22,已支付,230.1,抖音,服饰,100.0,10,0.0,
U10_00164,ORD00007566,2025-12-27,已完成,461.71,其他,数码,266.14,0,439.34,2026-01-13
U10_00164,ORD00007567,2026-01-13,已完成,115.99,其他,食品,79.82,10,0.0,
U10_00164,ORD00007568,2026-02-14,已完成,401.01,抖音,家居,248.41,0,0.0,
U10_00165,ORD00007569,2025-11-13,已完成,287.09,小红书,美妆,122.3,5,0.0,
U10_00165,ORD00007570,2026-03-08,已支付,322.03,小红书,数码,215.24,10,0.0,
U10_00166,ORD00007571,2025-11-08,已完成,174.8,小红书,食品,107.21,5,0.0,
U10_00166,ORD00007572,2025-12-20,已完成,393.27,微信,数码,184.85,0,0.0,
U10_00166,ORD00007573,2026-05-16,已完成,365.68,搜索引擎,食品,220.37,0,0.0,
U10_00167,ORD00007574,2025-11-29,已支付,68.17,微信,食品,45.37,5,58.27,2026-01-25
U10_00168,ORD00007575,2025-11-16,已完成,115.69,小红书,家居,72.08,10,0.0,
U10_00168,ORD00007576,2025-12-21,已完成,222.55,微信,美妆,138.15,15,0.0,
U10_00168,ORD00007577,2026-01-01,已完成,82.56,小红书,家居,53.36,10,0.0,
U10_00168,ORD00007578,2026-03-19,已完成,123.88,微信,数码,85.26,10,0.0,
U10_00169,ORD00007579,2025-11-14,已完成,140.17,搜索引擎,家居,81.02,0,0.0,
U10_00169,ORD00007580,2025-12-24,已完成,179.11,搜索引擎,食品,104.52,0,0.0,
U10_00169,ORD00007581,2026-02-15,已支付,92.31,小红书,美妆,55.29,5,52.48,2026-03-29
U10_00169,ORD00007582,2026-03-26,已支付,175.01,微信,食品,121.78,5,0.0,
U10_00170,ORD00007583,2025-11-16,已支付,189.54,其他,数码,112.49,5,0.0,
U10_00170,ORD00007584,2025-12-23,已完成,269.54,抖音,美妆,154.76,10,135.26,2026-01-23
U10_00171,ORD00007585,2025-11-08,已支付,472.36,搜索引擎,食品,291.43,10,0.0,
U10_00171,ORD00007586,2026-01-31,已支付,101.75,其他,家居,53.0,15,0.0,
U10_00172,ORD00007587,2025-11-27,已完成,311.33,其他,服饰,203.07,10,0.0,
U10_00172,ORD00007588,2025-12-12,已支付,263.16,抖音,食品,115.41,5,0.0,
U10_00173,ORD00007589,2025-11-18,已完成,80.93,抖音,美妆,43.47,10,55.39,2025-12-17
U10_00173,ORD00007590,2026-01-09,已支付,493.25,其他,家居,269.84,15,0.0,
U10_00173,ORD00007591,2026-04-01,已完成,413.69,抖音,服饰,193.12,10,0.0,
U10_00174,ORD00007592,2025-11-28,已支付,222.98,小红书,数码,93.73,10,0.0,
U10_00174,ORD00007593,2026-02-23,已完成,96.9,小红书,数码,49.47,10,0.0,
U10_00174,ORD00007594,2026-03-08,已完成,366.2,搜索引擎,食品,190.62,0,0.0,
U10_00175,ORD00007595,2025-11-23,已完成,288.88,抖音,家居,183.09,5,0.0,
U10_00175,ORD00007596,2026-01-05,已支付,143.72,抖音,服饰,81.3,10,109.0,2026-03-05
U10_00176,ORD00007597,2025-11-12,已支付,265.81,其他,食品,108.17,5,0.0,
U10_00176,ORD00007598,2026-02-16,已支付,155.17,小红书,美妆,92.09,0,0.0,
U10_00176,ORD00007599,2026-04-07,已完成,421.87,抖音,服饰,230.23,0,0.0,
U10_00177,ORD00007600,2025-11-24,已完成,265.03,其他,家居,127.33,10,0.0,
U10_00178,ORD00007601,2025-11-28,已完成,217.03,抖音,家居,92.22,0,0.0,
U10_00178,ORD00007602,2025-12-11,已完成,323.68,抖音,食品,142.95,10,227.9,2026-01-05
U10_00178,ORD00007603,2026-02-21,已完成,324.6,小红书,美妆,183.27,10,0.0,
U10_00178,ORD00007604,2026-04-11,已完成,198.5,其他,服饰,115.35,10,0.0,
U10_00179,ORD00007605,2025-11-23,已完成,387.76,抖音,服饰,192.85,15,0.0,
U10_00179,ORD00007606,2026-02-06,已完成,433.56,小红书,家居,283.71,10,0.0,
U10_00179,ORD00007607,2026-04-26,已完成,452.36,抖音,美妆,304.16,0,0.0,
U10_00179,ORD00007608,2026-05-08,已完成,334.0,小红书,数码,134.03,5,0.0,
U10_00180,ORD00007609,2025-11-23,已支付,187.16,微信,食品,86.03,15,0.0,
U10_00180,ORD00007610,2025-12-28,已完成,200.74,搜索引擎,食品,82.56,5,0.0,
U10_00180,ORD00007611,2026-02-13,已完成,149.22,其他,服饰,82.44,10,0.0,
U10_00180,ORD00007612,2026-03-31,已完成,152.09,微信,家居,89.17,15,0.0,
U10_00180,ORD00007613,2026-04-14,已支付,375.57,其他,服饰,229.15,0,0.0,
U10_00181,ORD00007614,2025-11-19,已完成,135.62,抖音,食品,89.49,0,0.0,
U10_00181,ORD00007615,2026-01-28,已完成,76.89,微信,数码,53.03,0,0.0,
U10_00182,ORD00007616,2025-11-03,已支付,398.17,小红书,美妆,236.12,5,0.0,
U10_00182,ORD00007617,2025-12-08,已支付,344.35,微信,家居,162.28,5,0.0,
U10_00183,ORD00007618,2025-11-01,已支付,73.77,搜索引擎,美妆,47.48,10,0.0,
U10_00183,ORD00007619,2025-12-22,已支付,255.5,小红书,食品,147.35,5,0.0,
U10_00184,ORD00007620,2025-11-30,已支付,315.17,其他,家居,145.09,10,0.0,
U10_00184,ORD00007621,2025-12-06,已完成,369.7,抖音,美妆,189.71,10,0.0,
U10_00184,ORD00007622,2026-02-26,已完成,125.95,小红书,家居,61.26,10,0.0,
U10_00185,ORD00007623,2025-11-05,已完成,201.78,搜索引擎,家居,85.7,5,166.3,2025-11-26
U10_00185,ORD00007624,2026-01-15,已支付,438.13,抖音,家居,190.03,15,0.0,
U10_00185,ORD00007625,2026-02-05,已完成,313.76,抖音,美妆,147.05,15,0.0,
U10_00185,ORD00007626,2026-04-22,已完成,54.46,搜索引擎,服饰,32.86,10,45.56,2026-06-02
U10_00185,ORD00007627,2026-05-30,已完成,274.99,其他,服饰,149.62,10,0.0,
U10_00186,ORD00007628,2025-11-09,已完成,259.56,其他,服饰,106.21,5,0.0,
U10_00186,ORD00007629,2026-03-23,已支付,317.1,抖音,数码,152.34,0,0.0,
U10_00186,ORD00007630,2026-05-08,已完成,346.11,其他,服饰,164.55,5,0.0,
U10_00187,ORD00007631,2025-11-01,已支付,340.82,其他,数码,202.56,0,0.0,
U10_00187,ORD00007632,2025-12-14,已完成,439.16,小红书,数码,270.96,10,0.0,
U10_00188,ORD00007633,2025-11-01,已完成,450.26,其他,数码,247.37,10,0.0,
U10_00188,ORD00007634,2025-12-05,已完成,446.11,小红书,家居,291.86,5,0.0,
U10_00188,ORD00007635,2026-01-29,已完成,61.57,小红书,数码,35.15,5,0.0,
U10_00188,ORD00007636,2026-05-04,已完成,303.22,其他,美妆,211.06,15,0.0,
U10_00189,ORD00007637,2025-11-07,已支付,457.69,抖音,数码,253.37,10,0.0,
U10_00189,ORD00007638,2026-02-04,已完成,282.58,抖音,家居,115.59,10,0.0,
U10_00190,ORD00007639,2025-11-13,已完成,140.05,小红书,美妆,69.3,15,0.0,
U10_00190,ORD00007640,2026-02-15,已支付,256.74,微信,美妆,121.18,10,0.0,
U10_00191,ORD00007641,2025-11-29,已完成,344.3,微信,数码,240.74,5,0.0,
U10_00191,ORD00007642,2025-12-24,已支付,197.34,微信,食品,80.07,10,0.0,
U10_00191,ORD00007643,2026-03-29,已完成,169.6,其他,美妆,105.89,5,0.0,
U10_00192,ORD00007644,2025-11-10,已完成,298.35,其他,服饰,207.94,15,0.0,
U10_00192,ORD00007645,2025-12-24,已完成,476.05,小红书,服饰,241.36,10,0.0,
U10_00192,ORD00007646,2026-01-04,已完成,96.42,搜索引擎,数码,59.27,15,0.0,
U10_00192,ORD00007647,2026-04-23,已完成,344.6,微信,服饰,212.99,10,0.0,
U10_00192,ORD00007648,2026-05-09,已完成,331.25,其他,服饰,215.67,5,216.3,2026-05-20
U10_00193,ORD00007649,2025-11-20,已完成,187.2,小红书,食品,87.5,10,0.0,
U10_00193,ORD00007650,2025-12-23,已支付,65.17,抖音,家居,38.5,0,33.72,2026-01-21
U10_00193,ORD00007651,2026-04-10,已支付,479.04,其他,美妆,264.05,0,415.37,2026-06-03
U10_00194,ORD00007652,2025-11-11,已完成,210.44,小红书,食品,120.73,5,0.0,
U10_00194,ORD00007653,2025-12-14,已完成,217.38,搜索引擎,家居,122.93,10,0.0,
U10_00195,ORD00007654,2025-11-05,已支付,117.06,抖音,服饰,59.84,0,116.91,2025-12-12
U10_00196,ORD00007655,2025-11-19,已完成,129.54,小红书,服饰,56.97,15,0.0,
U10_00196,ORD00007656,2025-12-12,已支付,348.56,小红书,美妆,185.73,10,0.0,
U10_00196,ORD00007657,2026-05-13,已完成,123.92,小红书,家居,62.89,10,0.0,
U10_00197,ORD00007658,2025-11-25,已支付,301.46,抖音,家居,135.68,10,0.0,
U10_00198,ORD00007659,2025-11-08,已完成,493.62,微信,美妆,264.69,5,0.0,
U10_00199,ORD00007660,2025-11-07,已完成,434.25,搜索引擎,家居,248.19,10,0.0,
U10_00199,ORD00007661,2026-01-19,已完成,167.06,微信,美妆,84.15,10,0.0,
U10_00200,ORD00007662,2025-11-06,已完成,341.05,其他,服饰,192.0,0,0.0,
U10_00200,ORD00007663,2025-12-28,已完成,52.76,微信,美妆,36.23,10,0.0,
U10_00200,ORD00007664,2026-02-16,已完成,192.03,微信,食品,83.96,15,0.0,
U10_00200,ORD00007665,2026-03-28,已完成,266.19,小红书,服饰,174.86,0,0.0,
U10_00200,ORD00007666,2026-04-16,已支付,368.42,微信,服饰,187.34,15,0.0,
U10_00201,ORD00007667,2025-11-12,已支付,145.41,其他,美妆,92.45,10,0.0,
U10_00201,ORD00007668,2025-12-03,已支付,273.5,抖音,服饰,145.38,10,0.0,
U10_00201,ORD00007669,2026-05-30,已完成,469.62,抖音,家居,307.08,15,301.54,2026-06-22
U10_00202,ORD00007670,2025-11-12,已支付,381.39,抖音,美妆,178.65,10,318.32,2025-12-22
U10_00202,ORD00007671,2025-12-30,已完成,374.92,微信,食品,220.53,0,0.0,
U10_00202,ORD00007672,2026-01-26,已完成,364.22,微信,数码,215.25,10,0.0,
U10_00202,ORD00007673,2026-03-03,已完成,495.01,抖音,家居,277.81,5,0.0,
U10_00203,ORD00007674,2025-11-02,已支付,103.89,搜索引擎,食品,58.66,0,0.0,
U10_00203,ORD00007675,2026-01-29,已完成,486.9,小红书,服饰,300.68,0,0.0,
U10_00204,ORD00007676,2025-11-03,已完成,420.51,抖音,服饰,240.09,10,0.0,
U10_00204,ORD00007677,2026-03-22,已完成,467.16,微信,数码,304.49,10,0.0,
U10_00205,ORD00007678,2025-11-05,已完成,119.77,其他,美妆,59.18,10,0.0,
U10_00205,ORD00007679,2025-12-12,已完成,96.08,抖音,家居,51.87,0,0.0,
U10_00205,ORD00007680,2026-01-15,已完成,118.13,抖音,家居,68.43,10,0.0,
U10_00205,ORD00007681,2026-02-03,已完成,422.97,微信,美妆,179.02,10,0.0,
U10_00205,ORD00007682,2026-03-10,已完成,499.04,其他,家居,259.46,10,0.0,
U10_00206,ORD00007683,2025-11-23,已完成,377.25,其他,数码,197.2,0,0.0,
U10_00206,ORD00007684,2026-04-01,已完成,461.39,搜索引擎,美妆,210.17,10,0.0,
U10_00207,ORD00007685,2025-11-05,已完成,406.79,小红书,数码,199.74,0,0.0,
U10_00207,ORD00007686,2025-12-12,已完成,299.07,抖音,家居,202.24,10,0.0,
U10_00207,ORD00007687,2026-04-04,已支付,75.23,抖音,美妆,38.63,10,0.0,
U10_00208,ORD00007688,2025-11-20,已支付,312.14,微信,家居,166.83,5,0.0,
U10_00208,ORD00007689,2025-12-01,已支付,437.86,抖音,服饰,254.06,15,0.0,
U10_00209,ORD00007690,2025-11-26,已完成,445.75,微信,美妆,243.32,5,0.0,
U10_00209,ORD00007691,2026-05-09,已完成,458.05,小红书,家居,275.32,10,0.0,
U10_00210,ORD00007692,2025-11-29,已完成,391.8,搜索引擎,服饰,190.87,5,0.0,
U10_00210,ORD00007693,2026-01-10,已完成,435.5,小红书,家居,191.33,10,0.0,
U10_00210,ORD00007694,2026-03-03,已支付,147.24,小红书,家居,97.95,0,0.0,
U10_00211,ORD00007695,2025-11-25,已完成,123.15,微信,服饰,63.94,5,0.0,
U10_00211,ORD00007696,2026-01-14,已完成,94.18,小红书,家居,51.53,10,0.0,
U10_00211,ORD00007697,2026-03-11,已支付,475.09,微信,食品,219.88,0,0.0,
U10_00212,ORD00007698,2025-11-02,已完成,184.51,小红书,食品,102.89,10,0.0,
U10_00212,ORD00007699,2026-03-28,已支付,422.8,搜索引擎,家居,227.17,0,0.0,
U10_00213,ORD00007700,2025-11-30,已完成,62.07,微信,美妆,27.54,10,0.0,
U10_00213,ORD00007701,2025-12-15,已完成,99.49,抖音,食品,47.32,5,0.0,
U10_00213,ORD00007702,2026-01-26,已支付,416.99,小红书,食品,190.72,0,0.0,
U10_00214,ORD00007703,2025-11-26,已完成,119.05,搜索引擎,服饰,51.26,10,0.0,
U10_00214,ORD00007704,2025-12-22,已支付,278.24,其他,美妆,176.12,10,0.0,
U10_00214,ORD00007705,2026-01-19,已完成,353.89,其他,服饰,157.37,15,0.0,
U10_00214,ORD00007706,2026-03-18,已完成,441.46,小红书,服饰,211.24,10,0.0,
U10_00215,ORD00007707,2025-11-04,已支付,199.36,搜索引擎,美妆,118.47,0,0.0,
U10_00215,ORD00007708,2025-12-02,已完成,447.72,搜索引擎,家居,296.74,10,0.0,
U10_00215,ORD00007709,2026-01-28,已完成,93.42,搜索引擎,服饰,64.29,10,0.0,
U10_00215,ORD00007710,2026-02-22,已完成,259.17,小红书,服饰,106.32,5,0.0,
U10_00216,ORD00007711,2025-11-05,已完成,348.27,搜索引擎,服饰,175.61,15,0.0,
U10_00217,ORD00007712,2025-11-22,已完成,193.64,其他,食品,90.79,0,0.0,
U10_00217,ORD00007713,2025-12-03,已完成,315.49,抖音,美妆,138.34,15,0.0,
U10_00217,ORD00007714,2026-01-28,已完成,361.45,其他,服饰,239.28,10,0.0,
U10_00217,ORD00007715,2026-05-04,已完成,394.56,抖音,数码,172.61,15,0.0,
U10_00218,ORD00007716,2025-11-03,已完成,356.73,微信,美妆,249.37,0,0.0,
U10_00218,ORD00007717,2026-04-08,已完成,315.44,抖音,美妆,145.28,10,0.0,
U10_00219,ORD00007718,2025-11-11,已支付,144.55,搜索引擎,食品,82.72,0,0.0,
U10_00219,ORD00007719,2025-12-14,已完成,212.9,微信,服饰,122.37,0,0.0,
U10_00220,ORD00007720,2025-11-22,已完成,490.39,搜索引擎,家居,292.32,10,0.0,
U10_00220,ORD00007721,2026-02-13,已完成,351.33,搜索引擎,数码,154.61,10,0.0,
U10_00220,ORD00007722,2026-03-03,已完成,91.57,微信,美妆,45.62,10,0.0,
U10_00221,ORD00007723,2025-11-06,已完成,92.11,其他,数码,57.11,5,0.0,
U10_00221,ORD00007724,2026-01-04,已完成,166.71,微信,食品,82.22,15,0.0,
U10_00221,ORD00007725,2026-02-03,已支付,119.23,微信,数码,68.77,10,0.0,
U10_00222,ORD00007726,2025-11-20,已支付,132.57,抖音,美妆,55.4,15,0.0,
U10_00223,ORD00007727,2025-11-24,已完成,73.68,搜索引擎,数码,41.42,0,0.0,
U10_00223,ORD00007728,2026-01-19,已完成,160.04,小红书,家居,68.81,0,0.0,
U10_00224,ORD00007729,2025-11-14,已完成,264.81,微信,食品,168.39,10,0.0,
U10_00224,ORD00007730,2025-12-20,已完成,185.74,微信,服饰,79.62,10,0.0,
U10_00224,ORD00007731,2026-03-16,已完成,486.58,抖音,美妆,299.51,0,0.0,
U10_00225,ORD00007732,2025-11-26,已支付,499.1,小红书,服饰,225.81,10,0.0,
U10_00225,ORD00007733,2026-05-15,已完成,317.13,小红书,服饰,168.98,10,0.0,
U10_00226,ORD00007734,2025-11-17,已支付,192.35,抖音,食品,103.07,10,0.0,
U10_00226,ORD00007735,2025-12-07,已完成,390.26,微信,美妆,157.22,5,0.0,
U10_00226,ORD00007736,2026-01-19,已完成,52.54,小红书,食品,21.81,0,0.0,
U10_00226,ORD00007737,2026-02-21,已完成,482.45,抖音,数码,292.23,5,0.0,
U10_00226,ORD00007738,2026-05-18,已支付,293.2,其他,食品,189.2,10,0.0,
U10_00227,ORD00007739,2025-11-13,已完成,233.23,搜索引擎,美妆,119.36,5,0.0,
U10_00227,ORD00007740,2026-01-24,已支付,93.97,其他,服饰,56.63,5,72.16,2026-02-12
U10_00228,ORD00007741,2025-11-01,已完成,466.83,小红书,食品,221.95,10,0.0,
U10_00229,ORD00007742,2025-11-04,已支付,220.25,微信,美妆,91.23,15,0.0,
U10_00229,ORD00007743,2025-12-18,已完成,259.03,小红书,家居,161.77,0,0.0,
U10_00229,ORD00007744,2026-05-31,已支付,421.41,微信,数码,291.74,15,274.84,2026-07-04
U10_00230,ORD00007745,2025-11-15,已支付,399.92,其他,家居,266.66,10,0.0,
U10_00231,ORD00007746,2025-11-21,已完成,185.21,抖音,家居,114.09,5,0.0,
U10_00231,ORD00007747,2026-01-04,已支付,107.18,抖音,服饰,57.81,10,0.0,
U10_00232,ORD00007748,2025-11-01,已完成,202.88,其他,家居,121.68,0,0.0,
U10_00232,ORD00007749,2026-01-21,已完成,78.95,微信,服饰,42.52,10,0.0,
U10_00232,ORD00007750,2026-03-14,已完成,319.58,搜索引擎,美妆,142.92,10,0.0,
U10_00233,ORD00007751,2025-11-14,已支付,406.83,抖音,美妆,174.16,10,0.0,
U10_00233,ORD00007752,2025-12-16,已支付,372.1,其他,数码,152.47,10,0.0,
U10_00233,ORD00007753,2026-01-24,已完成,58.05,其他,美妆,36.05,5,0.0,
U10_00234,ORD00007754,2025-11-09,已支付,439.57,搜索引擎,食品,200.12,10,0.0,
U10_00234,ORD00007755,2025-12-16,已完成,181.82,小红书,食品,101.25,15,0.0,
U10_00234,ORD00007756,2026-04-27,已完成,360.77,其他,服饰,212.58,10,0.0,
U10_00235,ORD00007757,2025-11-06,已完成,345.23,其他,服饰,176.5,15,0.0,
U10_00235,ORD00007758,2026-02-12,已完成,124.19,抖音,家居,80.29,10,0.0,
U10_00236,ORD00007759,2025-11-01,已完成,219.84,其他,家居,119.47,10,0.0,
U10_00237,ORD00007760,2025-11-23,已支付,465.54,搜索引擎,家居,273.39,10,0.0,
U10_00237,ORD00007761,2025-12-17,已完成,292.55,微信,家居,161.88,10,0.0,
U10_00237,ORD00007762,2026-04-20,已完成,210.89,抖音,服饰,143.08,10,0.0,
U10_00238,ORD00007763,2025-11-13,已支付,258.25,小红书,食品,116.91,10,0.0,
U10_00238,ORD00007764,2026-01-28,已完成,201.23,其他,家居,84.48,15,0.0,
U10_00238,ORD00007765,2026-02-07,已完成,494.97,小红书,数码,286.3,10,0.0,
U10_00238,ORD00007766,2026-05-21,已完成,498.25,微信,家居,348.57,5,0.0,
U10_00239,ORD00007767,2025-11-13,已完成,394.73,小红书,家居,201.54,10,0.0,
U10_00239,ORD00007768,2025-12-04,已完成,321.77,抖音,家居,176.28,5,0.0,
U10_00240,ORD00007769,2025-11-29,已支付,263.42,微信,数码,171.19,15,0.0,
U10_00240,ORD00007770,2026-01-15,已完成,364.78,其他,数码,202.49,0,0.0,
U10_00241,ORD00007771,2025-11-02,已支付,494.67,微信,美妆,241.96,0,434.44,2025-11-14
U10_00241,ORD00007772,2025-12-31,已支付,274.39,微信,数码,173.87,10,0.0,
U10_00241,ORD00007773,2026-01-09,已完成,286.8,其他,家居,121.82,15,0.0,
U10_00241,ORD00007774,2026-05-21,已支付,165.56,微信,美妆,85.77,5,0.0,
U10_00242,ORD00007775,2025-11-16,已完成,57.41,小红书,美妆,31.95,0,0.0,
U10_00242,ORD00007776,2025-12-03,已支付,100.46,抖音,服饰,44.7,15,0.0,
U10_00243,ORD00007777,2025-11-15,已完成,453.99,抖音,食品,218.82,15,0.0,
U10_00243,ORD00007778,2026-02-02,已完成,341.3,抖音,家居,191.1,0,0.0,
U10_00243,ORD00007779,2026-04-13,已支付,133.29,其他,美妆,91.45,0,0.0,
U10_00244,ORD00007780,2025-11-18,已完成,266.02,其他,美妆,106.78,10,0.0,
U10_00244,ORD00007781,2025-12-05,已完成,478.08,微信,食品,296.76,15,0.0,
U10_00244,ORD00007782,2026-01-21,已支付,331.39,微信,数码,209.53,15,0.0,
U10_00244,ORD00007783,2026-03-01,已支付,124.94,微信,数码,85.91,10,113.74,2026-03-27
U10_00245,ORD00007784,2025-11-11,已完成,305.53,其他,数码,136.15,15,0.0,
U10_00245,ORD00007785,2026-01-11,已完成,254.34,抖音,服饰,163.72,10,0.0,
U10_00245,ORD00007786,2026-03-23,已支付,196.52,其他,食品,111.84,10,0.0,
U10_00245,ORD00007787,2026-04-21,已完成,388.91,抖音,服饰,222.36,5,0.0,
U10_00246,ORD00007788,2025-11-06,已完成,352.36,微信,美妆,208.23,10,0.0,
U10_00246,ORD00007789,2025-12-01,已完成,463.18,抖音,美妆,273.49,10,0.0,
U10_00246,ORD00007790,2026-01-04,已完成,268.32,微信,家居,122.59,5,0.0,
U10_00246,ORD00007791,2026-02-06,已完成,287.24,抖音,家居,151.16,0,0.0,
U10_00246,ORD00007792,2026-05-14,已支付,62.89,微信,家居,33.21,10,0.0,
U10_00247,ORD00007793,2025-11-06,已完成,206.38,小红书,服饰,98.01,5,134.21,2025-11-17
U10_00248,ORD00007794,2025-11-09,已支付,481.81,其他,家居,193.25,0,0.0,
U10_00249,ORD00007795,2025-11-28,已完成,414.75,抖音,家居,262.09,15,0.0,
U10_00250,ORD00007796,2025-11-30,已完成,275.38,小红书,食品,126.13,10,0.0,
U10_00250,ORD00007797,2026-02-13,已完成,151.16,其他,数码,85.2,15,0.0,
U10_00250,ORD00007798,2026-03-20,已完成,341.0,微信,食品,137.65,10,0.0,
U10_00250,ORD00007799,2026-05-08,已完成,341.33,搜索引擎,美妆,164.33,10,0.0,
U10_00251,ORD00007800,2025-11-23,已完成,304.84,小红书,家居,204.53,15,0.0,
U10_00251,ORD00007801,2026-01-06,已完成,248.38,搜索引擎,家居,142.61,10,0.0,
U10_00251,ORD00007802,2026-04-27,已完成,210.2,搜索引擎,家居,127.77,0,0.0,
U10_00252,ORD00007803,2025-11-20,已完成,148.57,小红书,食品,103.01,10,0.0,
U10_00252,ORD00007804,2026-01-26,已完成,161.63,其他,食品,82.84,10,0.0,
U10_00252,ORD00007805,2026-04-21,已支付,166.1,搜索引擎,数码,85.0,10,0.0,
U10_00253,ORD00007806,2025-11-18,已完成,286.67,微信,美妆,146.23,15,0.0,
U10_00253,ORD00007807,2025-12-15,已支付,417.08,抖音,美妆,288.41,15,0.0,
U10_00253,ORD00007808,2026-01-07,已支付,50.52,小红书,服饰,21.0,10,0.0,
U10_00253,ORD00007809,2026-02-21,已完成,127.75,其他,食品,66.15,5,0.0,
U10_00254,ORD00007810,2025-11-29,已支付,157.75,抖音,数码,106.33,0,0.0,
U10_00254,ORD00007811,2025-12-21,已完成,364.76,其他,美妆,216.53,10,0.0,
U10_00254,ORD00007812,2026-02-28,已完成,484.06,抖音,家居,217.95,15,0.0,
U10_00254,ORD00007813,2026-03-18,已完成,272.62,小红书,家居,190.75,0,0.0,
U10_00254,ORD00007814,2026-04-20,已完成,220.97,微信,家居,144.65,10,0.0,
U10_00255,ORD00007815,2025-11-08,已完成,89.15,抖音,服饰,40.83,5,0.0,
U10_00255,ORD00007816,2025-12-23,已完成,299.14,微信,数码,161.26,5,0.0,
U10_00256,ORD00007817,2025-11-17,已支付,485.36,小红书,食品,302.4,10,0.0,
U10_00256,ORD00007818,2026-03-02,已完成,416.97,其他,数码,270.77,10,0.0,
U10_00257,ORD00007819,2025-11-02,已完成,138.19,抖音,家居,89.84,5,0.0,
U10_00257,ORD00007820,2026-03-23,已完成,462.02,抖音,服饰,285.0,5,0.0,
U10_00258,ORD00007821,2025-11-17,已支付,467.33,其他,服饰,278.18,5,267.03,2025-12-10
U10_00258,ORD00007822,2025-12-21,已完成,89.57,小红书,数码,52.02,10,0.0,
U10_00259,ORD00007823,2025-11-22,已完成,339.98,搜索引擎,服饰,169.47,5,0.0,
U10_00259,ORD00007824,2026-05-15,已支付,467.98,小红书,美妆,243.82,10,0.0,
U10_00260,ORD00007825,2025-11-02,已支付,272.18,其他,家居,117.28,10,0.0,
U10_00260,ORD00007826,2025-12-08,已支付,89.61,微信,美妆,50.55,10,77.95,2026-02-03
U10_00260,ORD00007827,2026-04-03,已完成,444.95,微信,服饰,265.38,15,0.0,
U10_00261,ORD00007828,2025-11-20,已支付,451.03,搜索引擎,食品,218.41,15,0.0,
U10_00261,ORD00007829,2025-12-01,已支付,213.27,微信,数码,105.36,0,0.0,
U10_00261,ORD00007830,2026-01-17,已支付,113.36,微信,美妆,56.19,0,74.04,2026-03-04
U10_00262,ORD00007831,2025-11-24,已完成,453.41,小红书,食品,274.76,15,0.0,
U10_00262,ORD00007832,2025-12-21,已支付,118.73,抖音,数码,52.86,10,0.0,
U10_00262,ORD00007833,2026-02-16,已支付,341.27,抖音,食品,208.33,10,0.0,
U10_00263,ORD00007834,2025-11-15,已完成,351.18,小红书,美妆,161.3,5,272.28,2025-12-24
U10_00263,ORD00007835,2025-12-03,已完成,88.31,搜索引擎,数码,53.45,10,0.0,
U10_00263,ORD00007836,2026-01-17,已完成,452.85,微信,家居,238.56,10,414.8,2026-03-05
U10_00264,ORD00007837,2025-11-29,已完成,98.06,其他,服饰,52.26,0,0.0,
U10_00264,ORD00007838,2025-12-08,已完成,300.45,微信,美妆,191.48,10,250.74,2026-01-24
U10_00264,ORD00007839,2026-01-09,已支付,231.87,其他,美妆,123.23,0,0.0,
U10_00264,ORD00007840,2026-04-16,已支付,397.14,微信,服饰,174.15,15,214.47,2026-05-03
U10_00264,ORD00007841,2026-05-14,已支付,465.22,抖音,美妆,303.55,5,443.53,2026-06-25
U10_00265,ORD00007842,2025-11-09,已支付,295.1,小红书,家居,148.23,10,0.0,
U10_00265,ORD00007843,2026-01-27,已完成,282.98,抖音,食品,187.97,10,0.0,
U10_00266,ORD00007844,2025-11-03,已完成,422.75,微信,食品,247.09,0,0.0,
U10_00266,ORD00007845,2026-04-01,已完成,173.12,小红书,家居,104.23,0,0.0,
U10_00267,ORD00007846,2025-11-01,已支付,458.4,搜索引擎,美妆,209.63,0,0.0,
U10_00267,ORD00007847,2025-12-23,已完成,205.34,抖音,服饰,138.35,10,0.0,
U10_00267,ORD00007848,2026-01-04,已完成,242.95,搜索引擎,数码,168.42,0,0.0,
U10_00268,ORD00007849,2025-11-25,已支付,262.9,其他,数码,147.28,0,0.0,
U10_00268,ORD00007850,2025-12-12,已支付,491.03,其他,家居,259.61,15,0.0,
U10_00268,ORD00007851,2026-04-10,已完成,299.15,搜索引擎,美妆,130.87,0,0.0,
U10_00269,ORD00007852,2025-11-28,已完成,174.54,抖音,美妆,91.04,15,0.0,
U10_00269,ORD00007853,2025-12-16,已完成,127.89,微信,数码,77.37,15,0.0,
U10_00269,ORD00007854,2026-01-16,已完成,299.97,小红书,服饰,181.54,0,0.0,
U10_00269,ORD00007855,2026-02-10,已完成,290.05,微信,家居,165.28,10,0.0,
U10_00269,ORD00007856,2026-03-16,已支付,373.59,抖音,服饰,234.11,15,0.0,
U10_00270,ORD00007857,2025-11-03,已完成,177.5,小红书,数码,84.78,0,0.0,
U10_00270,ORD00007858,2025-12-17,已完成,499.6,微信,数码,333.26,10,0.0,
U10_00270,ORD00007859,2026-01-22,已支付,197.73,搜索引擎,食品,112.57,10,0.0,
U10_00271,ORD00007860,2025-11-15,已完成,365.92,其他,家居,148.94,0,0.0,
U10_00271,ORD00007861,2026-01-04,已完成,285.72,其他,家居,141.73,0,0.0,
U10_00271,ORD00007862,2026-02-01,已支付,227.55,搜索引擎,服饰,91.91,10,0.0,
U10_00271,ORD00007863,2026-05-07,已完成,474.71,其他,数码,220.59,0,0.0,
U10_00272,ORD00007864,2025-11-08,已完成,284.23,微信,服饰,126.75,10,162.33,2025-12-13
U10_00272,ORD00007865,2026-01-18,已完成,125.54,搜索引擎,服饰,68.65,0,0.0,
U10_00272,ORD00007866,2026-02-16,已支付,197.95,搜索引擎,家居,126.31,5,0.0,
U10_00272,ORD00007867,2026-04-13,已完成,102.41,其他,服饰,67.26,10,0.0,
U10_00272,ORD00007868,2026-05-19,已完成,281.83,其他,美妆,128.65,5,0.0,
U10_00273,ORD00007869,2025-11-15,已完成,98.58,抖音,数码,55.63,5,67.43,2025-12-14
U10_00273,ORD00007870,2025-12-11,已支付,298.96,搜索引擎,食品,155.84,10,0.0,
U10_00274,ORD00007871,2025-11-30,已支付,357.67,小红书,家居,163.66,0,312.89,2025-12-15
U10_00274,ORD00007872,2025-12-16,已完成,157.83,其他,数码,93.3,5,0.0,
U10_00274,ORD00007873,2026-04-17,已完成,261.11,抖音,美妆,127.08,5,0.0,
U10_00275,ORD00007874,2025-11-02,已完成,441.54,抖音,美妆,245.58,0,0.0,
U10_00275,ORD00007875,2025-12-06,已完成,300.67,抖音,美妆,182.19,10,0.0,
U10_00276,ORD00007876,2025-11-12,已支付,121.78,抖音,数码,64.53,5,0.0,
U10_00276,ORD00007877,2025-12-14,已完成,326.51,搜索引擎,数码,135.15,5,0.0,
U10_00277,ORD00007878,2025-11-19,已完成,80.67,小红书,家居,43.32,10,0.0,
U10_00277,ORD00007879,2026-02-15,已完成,205.18,微信,美妆,131.5,15,0.0,
U10_00277,ORD00007880,2026-03-23,已完成,439.33,小红书,美妆,286.75,10,248.36,2026-05-08
U10_00278,ORD00007881,2025-11-09,已完成,482.29,抖音,家居,334.19,5,0.0,
U10_00278,ORD00007882,2026-01-14,已支付,260.28,其他,美妆,106.54,0,0.0,
U10_00278,ORD00007883,2026-03-09,已完成,383.73,抖音,家居,169.58,5,0.0,
U10_00279,ORD00007884,2025-11-20,已完成,61.6,微信,家居,26.59,0,0.0,
U10_00279,ORD00007885,2026-02-14,已完成,291.38,微信,数码,153.25,5,0.0,
U10_00279,ORD00007886,2026-04-12,已完成,123.45,抖音,数码,62.63,10,0.0,
U10_00280,ORD00007887,2025-11-02,已完成,81.54,抖音,食品,42.26,15,51.48,2025-12-10
U10_00280,ORD00007888,2026-02-22,已完成,176.66,搜索引擎,食品,122.91,15,0.0,
U10_00281,ORD00007889,2025-11-14,已完成,459.03,小红书,食品,293.61,0,317.39,2026-01-12
U10_00281,ORD00007890,2026-04-26,已完成,482.73,抖音,数码,243.68,10,440.62,2026-05-29
U10_00282,ORD00007891,2025-11-17,已支付,204.37,其他,服饰,119.04,5,0.0,
U10_00282,ORD00007892,2026-01-27,已支付,127.95,微信,食品,75.16,0,0.0,
U10_00282,ORD00007893,2026-03-31,已支付,164.81,搜索引擎,美妆,108.9,10,0.0,
U10_00283,ORD00007894,2025-11-14,已支付,102.95,搜索引擎,美妆,48.09,15,0.0,
U10_00284,ORD00007895,2025-11-18,已完成,259.56,其他,家居,156.41,15,0.0,
U10_00284,ORD00007896,2025-12-03,已完成,74.65,搜索引擎,数码,48.95,10,0.0,
U10_00284,ORD00007897,2026-03-30,已完成,338.06,小红书,服饰,180.14,10,0.0,
U10_00285,ORD00007898,2025-11-07,已完成,247.61,其他,服饰,124.51,15,0.0,
U10_00285,ORD00007899,2026-01-27,已支付,149.73,小红书,服饰,72.31,10,109.38,2026-03-16
U10_00286,ORD00007900,2025-11-23,已完成,486.48,抖音,家居,196.5,5,0.0,
U10_00286,ORD00007901,2025-12-04,已完成,439.53,小红书,数码,227.83,5,0.0,
U10_00286,ORD00007902,2026-01-28,已完成,488.5,小红书,美妆,212.17,0,381.71,2026-02-11
U10_00286,ORD00007903,2026-05-30,已完成,287.4,抖音,家居,197.12,5,0.0,
U10_00287,ORD00007904,2025-11-28,已完成,269.14,小红书,数码,121.71,15,0.0,
U10_00287,ORD00007905,2026-01-29,已完成,73.43,小红书,家居,47.89,5,0.0,
U10_00287,ORD00007906,2026-02-05,已完成,170.44,微信,美妆,70.26,5,0.0,
U10_00287,ORD00007907,2026-05-13,已支付,170.98,小红书,食品,112.24,10,0.0,
U10_00288,ORD00007908,2025-11-14,已支付,324.11,抖音,数码,191.5,5,0.0,
U10_00288,ORD00007909,2026-02-26,已支付,419.31,其他,数码,280.62,0,343.03,2026-03-18
U10_00289,ORD00007910,2025-11-20,已完成,109.59,小红书,食品,61.95,10,0.0,
U10_00289,ORD00007911,2026-05-24,已完成,133.89,其他,食品,75.34,10,0.0,
U10_00290,ORD00007912,2025-11-07,已支付,114.17,小红书,美妆,45.99,10,0.0,
U10_00290,ORD00007913,2025-12-08,已完成,392.37,其他,美妆,219.55,5,0.0,
U10_00291,ORD00007914,2025-11-09,已完成,352.15,小红书,数码,219.25,10,0.0,
U10_00291,ORD00007915,2025-12-30,已完成,82.41,小红书,美妆,37.5,10,0.0,
U10_00291,ORD00007916,2026-03-22,已支付,257.53,微信,家居,155.94,5,0.0,
U10_00291,ORD00007917,2026-04-01,已完成,163.31,抖音,食品,103.42,10,0.0,
U10_00292,ORD00007918,2025-11-07,已完成,283.26,搜索引擎,服饰,178.91,10,0.0,
U10_00292,ORD00007919,2025-12-21,已完成,361.89,其他,食品,228.38,15,0.0,
U10_00292,ORD00007920,2026-01-26,已完成,492.63,小红书,服饰,222.35,5,0.0,
U10_00293,ORD00007921,2025-11-06,已完成,264.78,搜索引擎,美妆,181.87,0,0.0,
U10_00293,ORD00007922,2026-05-30,已完成,76.39,其他,美妆,30.75,0,0.0,
U10_00294,ORD00007923,2025-11-04,已完成,77.48,其他,数码,32.13,10,0.0,
U10_00294,ORD00007924,2026-01-28,已完成,481.65,其他,美妆,314.55,10,0.0,
U10_00294,ORD00007925,2026-03-17,已完成,311.24,抖音,美妆,139.49,10,0.0,
U10_00294,ORD00007926,2026-05-10,已完成,439.38,小红书,家居,254.13,10,0.0,
U10_00295,ORD00007927,2025-11-19,已支付,265.21,微信,数码,152.32,10,0.0,
U10_00295,ORD00007928,2025-12-23,已支付,384.96,小红书,数码,159.91,10,0.0,
U10_00295,ORD00007929,2026-01-03,已完成,363.45,微信,食品,247.35,15,0.0,
U10_00295,ORD00007930,2026-03-28,已完成,117.74,抖音,食品,57.38,15,0.0,
U10_00296,ORD00007931,2025-11-05,已完成,132.68,抖音,美妆,54.01,10,0.0,
U10_00296,ORD00007932,2025-12-04,已支付,479.4,抖音,家居,330.28,15,0.0,
U10_00296,ORD00007933,2026-01-14,已完成,256.62,小红书,食品,106.11,5,0.0,
U10_00296,ORD00007934,2026-04-12,已完成,64.09,微信,数码,39.2,0,0.0,
U10_00297,ORD00007935,2025-11-16,已完成,177.56,小红书,食品,89.99,10,0.0,
U10_00297,ORD00007936,2026-02-03,已支付,346.15,其他,美妆,184.32,5,0.0,
U10_00298,ORD00007937,2025-11-19,已完成,306.18,小红书,家居,188.44,10,0.0,
U10_00298,ORD00007938,2025-12-10,已完成,341.77,小红书,家居,146.91,0,0.0,
U10_00298,ORD00007939,2026-01-23,已完成,139.45,微信,美妆,72.26,10,0.0,
U10_00299,ORD00007940,2025-11-19,已完成,193.83,微信,食品,90.85,10,0.0,
U10_00299,ORD00007941,2026-01-11,已支付,170.62,小红书,美妆,100.59,5,0.0,
U10_00299,ORD00007942,2026-03-25,已完成,437.6,其他,服饰,226.33,5,228.19,2026-05-23
U10_00300,ORD00007943,2025-11-16,已完成,238.44,其他,家居,98.09,15,0.0,
U10_00300,ORD00007944,2026-03-14,已完成,274.24,其他,家居,133.68,5,0.0,
U10_00301,ORD00007945,2025-11-11,已支付,418.99,其他,美妆,264.85,10,0.0,
U10_00302,ORD00007946,2025-11-01,已完成,442.95,其他,食品,270.72,10,0.0,
U10_00302,ORD00007947,2025-12-24,已完成,137.55,微信,家居,63.77,5,0.0,
U10_00303,ORD00007948,2025-11-03,已完成,322.9,抖音,家居,147.12,15,0.0,
U10_00303,ORD00007949,2026-02-12,已完成,253.34,小红书,食品,133.82,10,0.0,
U10_00303,ORD00007950,2026-05-04,已完成,306.53,抖音,美妆,207.47,10,0.0,
U10_00304,ORD00007951,2025-11-18,已支付,101.56,微信,数码,41.18,10,0.0,
U10_00304,ORD00007952,2026-03-31,已完成,431.94,其他,食品,268.41,10,0.0,
U10_00304,ORD00007953,2026-04-28,已完成,334.83,抖音,服饰,212.4,0,0.0,
U10_00305,ORD00007954,2025-11-16,已支付,92.09,搜索引擎,美妆,63.83,15,0.0,
U10_00305,ORD00007955,2026-01-04,已支付,89.77,小红书,服饰,56.43,10,47.62,2026-02-09
U10_00305,ORD00007956,2026-05-07,已支付,118.37,其他,家居,72.31,15,79.98,2026-06-03
U10_00306,ORD00007957,2025-11-23,已完成,452.22,其他,食品,226.56,0,0.0,
U10_00306,ORD00007958,2026-03-06,已支付,388.87,微信,美妆,186.61,15,0.0,
U10_00306,ORD00007959,2026-04-26,已完成,337.06,微信,数码,168.87,15,0.0,
U10_00307,ORD00007960,2025-11-08,已完成,56.73,抖音,食品,23.14,5,0.0,
U10_00307,ORD00007961,2026-01-02,已完成,287.03,其他,服饰,128.49,10,0.0,
U10_00308,ORD00007962,2025-11-28,已完成,153.61,小红书,家居,65.47,10,0.0,
U10_00308,ORD00007963,2025-12-09,已支付,460.16,小红书,美妆,220.69,0,0.0,
U10_00308,ORD00007964,2026-03-05,已支付,441.8,其他,食品,259.64,15,0.0,
U10_00309,ORD00007965,2025-11-07,已支付,117.99,其他,美妆,47.45,5,0.0,
U10_00309,ORD00007966,2026-01-05,已支付,208.3,小红书,家居,102.78,5,0.0,
U10_00309,ORD00007967,2026-02-05,已完成,101.78,抖音,数码,50.95,15,0.0,
U10_00310,ORD00007968,2025-11-07,已完成,228.49,搜索引擎,数码,139.32,10,0.0,
U10_00310,ORD00007969,2025-12-06,已完成,318.49,小红书,美妆,170.54,5,0.0,
U10_00311,ORD00007970,2025-11-20,已支付,137.83,其他,家居,64.61,15,0.0,
U10_00311,ORD00007971,2026-01-02,已完成,146.71,搜索引擎,家居,75.95,15,0.0,
U10_00312,ORD00007972,2025-11-22,已完成,266.44,搜索引擎,美妆,157.82,15,0.0,
U10_00312,ORD00007973,2025-12-05,已完成,153.98,抖音,食品,106.32,10,0.0,
U10_00312,ORD00007974,2026-01-16,已完成,109.93,小红书,家居,70.51,10,0.0,
U10_00312,ORD00007975,2026-02-04,已完成,180.82,抖音,美妆,119.67,15,0.0,
U10_00312,ORD00007976,2026-03-11,已支付,464.01,搜索引擎,数码,296.9,0,0.0,
U10_00313,ORD00007977,2025-11-24,已完成,289.8,搜索引擎,服饰,128.31,0,0.0,
U10_00313,ORD00007978,2025-12-22,已支付,320.54,抖音,家居,162.38,10,0.0,
U10_00313,ORD00007979,2026-02-07,已完成,435.4,小红书,美妆,214.62,10,0.0,
U10_00314,ORD00007980,2025-11-27,已完成,343.63,搜索引擎,家居,155.39,10,196.74,2026-01-08
U10_00314,ORD00007981,2026-03-25,已支付,80.51,其他,食品,36.54,15,75.59,2026-04-07
U10_00315,ORD00007982,2025-11-20,已完成,390.64,小红书,美妆,191.69,0,0.0,
U10_00315,ORD00007983,2025-12-24,已完成,201.8,其他,服饰,110.16,0,0.0,
U10_00315,ORD00007984,2026-01-22,已完成,444.63,抖音,数码,245.34,10,0.0,
U10_00316,ORD00007985,2025-11-16,已完成,166.44,微信,数码,105.75,5,0.0,
U10_00317,ORD00007986,2025-11-01,已支付,182.43,小红书,数码,98.05,15,0.0,
U10_00317,ORD00007987,2025-12-28,已支付,302.75,抖音,服饰,199.96,15,0.0,
U10_00317,ORD00007988,2026-01-28,已支付,242.34,其他,食品,140.16,10,0.0,
U10_00317,ORD00007989,2026-03-09,已支付,408.19,其他,服饰,257.52,0,0.0,
U10_00317,ORD00007990,2026-04-08,已完成,472.92,其他,美妆,301.9,10,0.0,
U10_00317,ORD00007991,2026-05-02,已完成,330.94,小红书,数码,224.96,0,0.0,
U10_00318,ORD00007992,2025-11-16,已支付,147.85,抖音,家居,103.42,0,0.0,
U10_00318,ORD00007993,2025-12-03,已支付,284.35,其他,家居,172.8,5,0.0,
U10_00319,ORD00007994,2025-11-13,已支付,482.52,抖音,家居,296.36,5,0.0,
U10_00319,ORD00007995,2025-12-04,已完成,275.33,小红书,美妆,110.18,15,0.0,
U10_00319,ORD00007996,2026-03-21,已完成,460.54,其他,服饰,269.01,5,387.64,2026-04-05
U10_00320,ORD00007997,2025-11-11,已完成,180.63,微信,服饰,114.19,0,0.0,
U10_00320,ORD00007998,2025-12-01,已完成,182.65,抖音,美妆,99.91,10,0.0,
U10_00321,ORD00007999,2025-11-18,已完成,257.36,其他,数码,108.47,0,253.81,2025-12-01
U10_00321,ORD00008000,2026-02-13,已支付,315.36,搜索引擎,家居,136.23,10,0.0,
U10_00321,ORD00008001,2026-04-17,已支付,311.38,抖音,数码,161.11,10,0.0,
U10_00322,ORD00008002,2025-11-05,已支付,315.33,抖音,美妆,159.73,10,0.0,
U10_00322,ORD00008003,2025-12-08,已完成,62.47,小红书,美妆,27.5,0,0.0,
U10_00322,ORD00008004,2026-03-29,已完成,317.13,抖音,数码,182.62,10,0.0,
U10_00323,ORD00008005,2025-11-09,已完成,70.25,其他,服饰,40.29,0,0.0,
U10_00323,ORD00008006,2026-02-13,已支付,121.09,其他,食品,49.1,5,0.0,
U10_00323,ORD00008007,2026-04-04,已支付,426.75,小红书,美妆,218.19,10,0.0,
U10_00324,ORD00008008,2025-11-14,已支付,364.42,抖音,服饰,169.15,0,0.0,
U10_00324,ORD00008009,2025-12-31,已完成,473.82,小红书,美妆,250.66,5,0.0,
U10_00324,ORD00008010,2026-01-13,已完成,294.1,小红书,服饰,129.67,0,0.0,
U10_00325,ORD00008011,2025-11-20,已完成,175.16,其他,家居,111.75,0,0.0,
U10_00325,ORD00008012,2026-01-14,已完成,131.73,搜索引擎,服饰,88.85,10,0.0,
U10_00326,ORD00008013,2025-11-01,已支付,407.47,微信,服饰,269.07,5,264.55,2025-11-23
U10_00326,ORD00008014,2025-12-12,已完成,145.44,搜索引擎,家居,63.3,15,0.0,
U10_00327,ORD00008015,2025-11-18,已完成,395.07,小红书,美妆,172.71,10,0.0,
U10_00328,ORD00008016,2025-11-04,已完成,206.08,小红书,食品,100.95,15,0.0,
U10_00328,ORD00008017,2026-01-02,已支付,89.53,抖音,食品,50.68,5,0.0,
U10_00328,ORD00008018,2026-04-02,已完成,452.98,微信,食品,216.34,0,0.0,
U10_00328,ORD00008019,2026-05-12,已完成,223.19,其他,数码,98.42,15,0.0,
U10_00329,ORD00008020,2025-11-21,已支付,296.99,抖音,家居,160.14,0,0.0,
U10_00330,ORD00008021,2025-11-17,已完成,54.15,小红书,家居,30.8,15,0.0,
U10_00331,ORD00008022,2025-11-15,已完成,117.9,其他,家居,80.45,10,0.0,
U10_00331,ORD00008023,2026-01-14,已完成,318.21,抖音,美妆,185.1,10,192.54,2026-03-15
U10_00331,ORD00008024,2026-05-08,已完成,80.11,搜索引擎,数码,39.06,10,0.0,
U10_00332,ORD00008025,2025-11-27,已支付,277.13,其他,服饰,131.0,10,0.0,
U10_00332,ORD00008026,2026-01-15,已完成,194.74,抖音,美妆,118.24,10,0.0,
U10_00332,ORD00008027,2026-02-18,已支付,90.59,其他,家居,48.1,0,0.0,
U10_00333,ORD00008028,2025-11-04,已完成,372.1,搜索引擎,美妆,166.18,0,0.0,
U10_00333,ORD00008029,2026-01-02,已支付,98.3,微信,美妆,68.24,10,0.0,
U10_00333,ORD00008030,2026-04-30,已完成,203.08,抖音,服饰,139.11,10,133.41,2026-05-11
U10_00334,ORD00008031,2025-11-29,已支付,110.46,搜索引擎,家居,60.48,0,0.0,
U10_00334,ORD00008032,2026-01-04,已完成,250.02,其他,食品,131.68,15,0.0,
U10_00334,ORD00008033,2026-02-23,已完成,459.86,搜索引擎,家居,277.48,10,0.0,
U10_00335,ORD00008034,2025-11-06,已支付,228.26,搜索引擎,家居,154.68,0,0.0,
U10_00335,ORD00008035,2026-01-04,已支付,252.36,小红书,美妆,148.57,10,0.0,
U10_00335,ORD00008036,2026-03-07,已完成,249.79,其他,食品,129.4,0,0.0,
U10_00335,ORD00008037,2026-04-28,已完成,494.47,搜索引擎,家居,298.44,0,0.0,
U10_00336,ORD00008038,2025-11-16,已完成,137.05,搜索引擎,服饰,57.88,15,0.0,
U10_00336,ORD00008039,2026-01-23,已支付,85.46,抖音,家居,58.02,0,0.0,
U10_00337,ORD00008040,2025-11-08,已完成,63.76,抖音,家居,28.67,15,38.26,2025-12-06
U10_00337,ORD00008041,2026-01-25,已完成,202.58,微信,服饰,89.21,15,0.0,
U10_00338,ORD00008042,2025-11-11,已完成,289.19,抖音,数码,142.51,5,0.0,
U10_00338,ORD00008043,2025-12-12,已完成,302.59,小红书,食品,193.58,5,0.0,
U10_00338,ORD00008044,2026-01-17,已完成,463.57,搜索引擎,服饰,186.43,10,0.0,
U10_00338,ORD00008045,2026-02-28,已完成,145.02,搜索引擎,美妆,65.44,10,0.0,
U10_00338,ORD00008046,2026-05-10,已完成,289.99,小红书,食品,173.64,10,0.0,
U10_00339,ORD00008047,2025-11-17,已支付,475.53,其他,美妆,324.21,0,0.0,
U10_00339,ORD00008048,2026-01-27,已支付,475.87,其他,家居,302.35,10,0.0,
U10_00340,ORD00008049,2025-11-24,已支付,430.49,抖音,数码,300.54,5,0.0,
U10_00340,ORD00008050,2025-12-10,已完成,154.37,其他,美妆,90.83,10,108.87,2026-01-05
U10_00340,ORD00008051,2026-01-22,已完成,84.31,抖音,美妆,55.66,0,0.0,
U10_00341,ORD00008052,2025-11-26,已完成,188.57,其他,服饰,120.54,5,0.0,
U10_00342,ORD00008053,2025-11-14,已完成,306.67,微信,美妆,169.22,5,0.0,
U10_00342,ORD00008054,2025-12-22,已完成,464.24,小红书,服饰,250.75,10,0.0,
U10_00342,ORD00008055,2026-01-27,已完成,97.71,抖音,家居,62.17,10,0.0,
U10_00342,ORD00008056,2026-02-04,已完成,77.4,其他,家居,37.13,0,0.0,
U10_00342,ORD00008057,2026-03-04,已支付,99.69,搜索引擎,服饰,60.01,10,0.0,
U10_00342,ORD00008058,2026-05-27,已完成,178.73,抖音,食品,113.31,5,110.01,2026-07-20
U10_00343,ORD00008059,2025-11-25,已支付,461.15,微信,食品,313.37,0,0.0,
U10_00343,ORD00008060,2025-12-09,已完成,366.37,微信,家居,186.38,5,0.0,
U10_00343,ORD00008061,2026-01-26,已完成,192.09,微信,美妆,77.01,10,145.94,2026-03-18
U10_00343,ORD00008062,2026-04-27,已支付,325.33,小红书,食品,146.68,10,0.0,
U10_00343,ORD00008063,2026-05-15,已支付,121.81,小红书,食品,75.02,10,0.0,
U10_00344,ORD00008064,2025-11-12,已完成,372.26,搜索引擎,数码,215.06,15,0.0,
U10_00344,ORD00008065,2026-04-08,已完成,357.81,其他,服饰,146.39,15,0.0,
U10_00345,ORD00008066,2025-11-29,已支付,121.06,其他,数码,62.83,0,0.0,
U10_00345,ORD00008067,2025-12-01,已支付,171.03,微信,数码,89.9,0,0.0,
U10_00345,ORD00008068,2026-01-30,已完成,118.21,小红书,美妆,55.57,0,0.0,
U10_00345,ORD00008069,2026-03-13,已支付,476.35,搜索引擎,家居,225.85,10,0.0,
U10_00346,ORD00008070,2025-11-13,已支付,267.17,其他,美妆,184.33,10,0.0,
U10_00346,ORD00008071,2026-04-29,已完成,463.79,搜索引擎,美妆,268.96,10,0.0,
U10_00347,ORD00008072,2025-11-02,已支付,170.47,微信,食品,80.34,10,0.0,
U10_00347,ORD00008073,2026-04-03,已完成,372.02,其他,家居,150.37,15,0.0,
U10_00348,ORD00008074,2025-11-07,已完成,334.95,抖音,食品,137.75,5,327.8,2025-12-16
U10_00348,ORD00008075,2025-12-09,已完成,58.89,微信,服饰,38.23,10,0.0,
U10_00348,ORD00008076,2026-03-10,已支付,67.32,微信,家居,28.25,10,0.0,
U10_00348,ORD00008077,2026-05-21,已支付,461.85,小红书,食品,231.66,15,0.0,
U10_00349,ORD00008078,2025-11-11,已完成,477.26,小红书,美妆,327.99,0,0.0,
U10_00350,ORD00008079,2025-11-22,已完成,304.57,微信,数码,211.8,5,0.0,
U10_00350,ORD00008080,2025-12-30,已支付,56.68,搜索引擎,服饰,28.21,0,0.0,
U10_00351,ORD00008081,2025-11-25,已支付,476.06,其他,美妆,254.06,10,0.0,
U10_00352,ORD00008082,2025-11-21,已完成,349.39,抖音,美妆,216.79,0,0.0,
U10_00352,ORD00008083,2025-12-01,已支付,324.84,微信,服饰,198.58,10,173.04,2025-12-27
U10_00352,ORD00008084,2026-01-06,已完成,436.97,其他,美妆,178.34,0,0.0,
U10_00353,ORD00008085,2025-11-03,已完成,75.68,其他,服饰,41.61,15,0.0,
U10_00353,ORD00008086,2025-12-11,已完成,368.24,抖音,服饰,216.01,5,0.0,
U10_00353,ORD00008087,2026-02-18,已支付,344.43,抖音,美妆,211.45,15,0.0,
U10_00354,ORD00008088,2025-11-14,已完成,416.55,抖音,家居,252.85,15,0.0,
U10_00354,ORD00008089,2025-12-05,已支付,348.14,搜索引擎,家居,182.61,15,0.0,
U10_00354,ORD00008090,2026-02-24,已完成,185.35,搜索引擎,家居,123.51,0,0.0,
U10_00354,ORD00008091,2026-03-12,已完成,143.32,微信,数码,58.22,10,0.0,
U10_00355,ORD00008092,2025-11-20,已支付,235.2,搜索引擎,服饰,160.7,15,0.0,
U10_00355,ORD00008093,2026-02-15,已完成,300.94,抖音,食品,165.81,0,0.0,
U10_00355,ORD00008094,2026-03-19,已支付,439.45,抖音,食品,260.49,10,0.0,
U10_00356,ORD00008095,2025-11-02,已完成,144.86,小红书,美妆,68.15,0,0.0,
U10_00356,ORD00008096,2025-12-12,已完成,268.12,抖音,家居,158.54,15,0.0,
U10_00356,ORD00008097,2026-05-06,已完成,387.61,其他,食品,270.42,15,0.0,
U10_00357,ORD00008098,2025-11-30,已完成,118.45,小红书,数码,51.62,5,0.0,
U10_00357,ORD00008099,2026-01-12,已完成,172.1,小红书,数码,81.57,15,0.0,
U10_00357,ORD00008100,2026-02-09,已完成,268.81,小红书,美妆,158.04,10,0.0,
U10_00358,ORD00008101,2025-11-21,已完成,424.0,抖音,食品,259.01,5,0.0,
U10_00358,ORD00008102,2025-12-19,已完成,221.03,搜索引擎,服饰,132.99,15,0.0,
U10_00358,ORD00008103,2026-02-07,已完成,180.18,微信,家居,111.95,10,0.0,
U10_00359,ORD00008104,2025-11-27,已完成,270.18,微信,家居,150.49,0,0.0,
U10_00359,ORD00008105,2025-12-19,已完成,262.04,小红书,美妆,123.54,0,240.66,2026-02-05
U10_00359,ORD00008106,2026-02-23,已支付,90.73,小红书,服饰,37.41,10,0.0,
U10_00359,ORD00008107,2026-03-23,已完成,381.17,其他,服饰,179.15,10,0.0,
U10_00359,ORD00008108,2026-04-09,已支付,193.21,抖音,服饰,81.66,0,0.0,
U10_00360,ORD00008109,2025-11-04,已完成,147.52,搜索引擎,数码,65.64,5,0.0,
U10_00360,ORD00008110,2025-12-25,已支付,202.7,其他,家居,114.4,10,0.0,
U10_00360,ORD00008111,2026-01-05,已支付,492.33,其他,数码,303.62,10,0.0,
U10_00360,ORD00008112,2026-02-27,已支付,355.01,小红书,家居,214.59,0,0.0,
U10_00360,ORD00008113,2026-03-17,已支付,230.54,微信,家居,111.93,0,0.0,
U10_00360,ORD00008114,2026-05-17,已支付,409.97,搜索引擎,家居,237.2,0,362.25,2026-06-21
U10_00361,ORD00008115,2025-11-14,已支付,94.51,其他,美妆,48.08,10,0.0,
U10_00361,ORD00008116,2026-04-03,已完成,491.17,小红书,美妆,257.38,0,295.25,2026-05-11
U10_00362,ORD00008117,2025-11-04,已完成,157.87,微信,家居,77.81,15,0.0,
U10_00362,ORD00008118,2025-12-18,已完成,171.51,其他,家居,110.34,5,0.0,
U10_00362,ORD00008119,2026-01-11,已完成,417.2,抖音,美妆,269.29,10,0.0,
U10_00362,ORD00008120,2026-03-13,已完成,447.7,小红书,数码,241.03,5,0.0,
U10_00362,ORD00008121,2026-05-08,已支付,91.01,小红书,美妆,62.09,10,0.0,
U10_00363,ORD00008122,2025-11-10,已完成,194.21,微信,家居,82.89,0,140.67,2025-12-08
U10_00364,ORD00008123,2025-11-11,已完成,80.37,其他,美妆,55.22,10,0.0,
U10_00364,ORD00008124,2026-02-15,已完成,100.22,小红书,食品,68.88,5,91.48,2026-04-11
U10_00365,ORD00008125,2025-11-08,已支付,145.01,其他,服饰,76.42,10,0.0,
U10_00365,ORD00008126,2025-12-12,已支付,204.27,小红书,数码,125.0,0,0.0,
U10_00366,ORD00008127,2025-11-02,已支付,89.31,微信,食品,40.34,0,0.0,
U10_00366,ORD00008128,2026-02-18,已支付,370.15,抖音,美妆,209.17,5,0.0,
U10_00367,ORD00008129,2025-11-02,已完成,215.75,抖音,服饰,130.15,15,144.72,2025-12-01
U10_00367,ORD00008130,2026-03-17,已支付,297.28,抖音,食品,148.95,0,0.0,
U10_00367,ORD00008131,2026-04-30,已支付,196.73,小红书,服饰,123.85,15,0.0,
U10_00368,ORD00008132,2025-11-29,已完成,129.4,微信,数码,81.57,10,0.0,
U10_00368,ORD00008133,2025-12-07,已完成,92.03,其他,食品,42.22,10,0.0,
U10_00368,ORD00008134,2026-01-09,已完成,91.99,小红书,美妆,44.32,10,0.0,
U10_00369,ORD00008135,2025-11-29,已完成,313.33,小红书,家居,142.88,5,0.0,
U10_00369,ORD00008136,2026-01-21,已支付,279.36,其他,数码,154.49,5,0.0,
U10_00369,ORD00008137,2026-04-30,已完成,204.5,其他,美妆,141.75,15,0.0,
U10_00369,ORD00008138,2026-05-03,已完成,346.48,微信,服饰,173.33,0,0.0,
U10_00370,ORD00008139,2025-11-15,已完成,156.62,抖音,服饰,71.56,15,0.0,
U10_00371,ORD00008140,2025-11-21,已完成,198.4,小红书,数码,117.56,10,0.0,
U10_00371,ORD00008141,2025-12-22,已完成,264.44,抖音,数码,178.46,0,0.0,
U10_00371,ORD00008142,2026-01-05,已支付,198.94,小红书,服饰,122.54,10,0.0,
U10_00371,ORD00008143,2026-04-25,已支付,71.69,微信,数码,31.86,10,0.0,
U10_00372,ORD00008144,2025-11-09,已完成,245.88,微信,数码,148.51,5,0.0,
U10_00372,ORD00008145,2025-12-06,已完成,297.86,小红书,美妆,158.94,5,0.0,
U10_00372,ORD00008146,2026-02-26,已完成,63.74,抖音,美妆,31.29,10,0.0,
U10_00372,ORD00008147,2026-03-10,已完成,173.45,搜索引擎,家居,111.71,5,0.0,
U10_00373,ORD00008148,2025-11-16,已完成,129.28,搜索引擎,服饰,81.7,5,0.0,
U10_00373,ORD00008149,2025-12-28,已完成,464.05,小红书,服饰,295.98,10,0.0,
U10_00373,ORD00008150,2026-02-18,已支付,418.21,其他,食品,209.5,10,0.0,
U10_00373,ORD00008151,2026-04-26,已完成,482.37,微信,家居,243.5,15,0.0,
U10_00374,ORD00008152,2025-11-29,已完成,453.48,抖音,数码,283.07,10,0.0,
U10_00374,ORD00008153,2025-12-26,已完成,393.88,抖音,服饰,251.4,15,0.0,
U10_00374,ORD00008154,2026-01-20,已完成,341.55,其他,数码,177.02,5,0.0,
U10_00374,ORD00008155,2026-02-28,已支付,411.19,微信,家居,198.59,15,0.0,
U10_00375,ORD00008156,2025-11-22,已完成,484.22,小红书,美妆,252.08,15,0.0,
U10_00375,ORD00008157,2026-01-24,已支付,190.68,抖音,家居,133.22,5,0.0,
U10_00375,ORD00008158,2026-03-24,已完成,151.58,其他,食品,92.76,10,0.0,
U10_00376,ORD00008159,2025-11-10,已支付,359.75,微信,家居,161.8,10,0.0,
U10_00376,ORD00008160,2025-12-30,已完成,68.08,其他,食品,36.86,10,51.48,2026-01-28
U10_00376,ORD00008161,2026-01-04,已完成,203.45,其他,食品,82.1,5,157.13,2026-02-06
U10_00377,ORD00008162,2025-11-03,已完成,83.65,其他,家居,51.09,10,0.0,
U10_00377,ORD00008163,2026-04-12,已完成,259.32,微信,家居,146.86,0,0.0,
U10_00378,ORD00008164,2025-11-25,已支付,483.86,小红书,服饰,199.91,0,0.0,
U10_00378,ORD00008165,2026-01-09,已完成,307.92,微信,数码,190.92,10,0.0,
U10_00379,ORD00008166,2025-11-15,已完成,194.44,微信,美妆,87.36,0,0.0,
U10_00379,ORD00008167,2025-12-21,已完成,184.23,其他,家居,107.75,15,0.0,
U10_00379,ORD00008168,2026-05-09,已完成,142.97,小红书,服饰,61.26,0,0.0,
U10_00380,ORD00008169,2025-11-24,已支付,437.88,搜索引擎,数码,223.78,10,0.0,
U10_00380,ORD00008170,2026-01-21,已完成,283.7,搜索引擎,美妆,144.33,10,0.0,
U10_00381,ORD00008171,2025-11-25,已支付,454.8,其他,数码,246.25,5,0.0,
U10_00381,ORD00008172,2026-01-17,已支付,396.77,微信,美妆,271.18,0,0.0,
U10_00382,ORD00008173,2025-11-06,已支付,311.21,小红书,食品,132.06,10,0.0,
U10_00382,ORD00008174,2025-12-29,已完成,138.78,抖音,食品,73.99,10,0.0,
U10_00382,ORD00008175,2026-01-01,已支付,113.63,抖音,美妆,54.95,5,0.0,
U10_00382,ORD00008176,2026-02-17,已完成,176.71,小红书,服饰,91.11,15,0.0,
U10_00383,ORD00008177,2025-11-15,已完成,59.96,小红书,数码,28.29,10,0.0,
U10_00383,ORD00008178,2025-12-01,已完成,174.43,搜索引擎,美妆,121.6,0,0.0,
U10_00383,ORD00008179,2026-04-29,已支付,340.08,抖音,美妆,151.62,0,0.0,
U10_00383,ORD00008180,2026-05-12,已支付,279.46,抖音,食品,189.7,15,0.0,
U10_00384,ORD00008181,2025-11-13,已完成,50.11,其他,数码,29.7,10,0.0,
U10_00384,ORD00008182,2025-12-04,已完成,327.16,搜索引擎,美妆,180.13,10,0.0,
U10_00384,ORD00008183,2026-04-13,已完成,474.39,搜索引擎,家居,208.15,10,0.0,
U10_00385,ORD00008184,2025-11-01,已支付,163.08,小红书,美妆,74.15,0,0.0,
U10_00385,ORD00008185,2025-12-17,已完成,351.19,小红书,食品,169.08,10,0.0,
U10_00385,ORD00008186,2026-01-01,已支付,385.67,其他,家居,178.71,0,0.0,
U10_00385,ORD00008187,2026-03-24,已支付,192.31,微信,服饰,99.1,10,0.0,
U10_00386,ORD00008188,2025-11-05,已支付,223.92,抖音,美妆,140.06,10,0.0,
U10_00387,ORD00008189,2025-11-21,已支付,147.55,抖音,家居,78.3,5,0.0,
U10_00388,ORD00008190,2025-11-27,已支付,117.25,微信,美妆,59.93,10,0.0,
U10_00389,ORD00008191,2025-11-17,已完成,391.43,微信,食品,195.33,10,0.0,
U10_00389,ORD00008192,2025-12-18,已完成,138.67,抖音,食品,63.76,10,0.0,
U10_00389,ORD00008193,2026-03-07,已完成,120.76,微信,食品,50.1,10,89.64,2026-04-04
U10_00389,ORD00008194,2026-05-30,已完成,394.01,微信,家居,187.16,5,0.0,
U10_00390,ORD00008195,2025-11-06,已完成,63.19,微信,数码,39.43,10,0.0,
U10_00390,ORD00008196,2026-02-24,已完成,160.11,微信,家居,95.24,15,0.0,
U10_00391,ORD00008197,2025-11-20,已完成,494.95,抖音,数码,326.93,0,303.66,2025-12-10
U10_00392,ORD00008198,2025-11-11,已完成,334.12,搜索引擎,家居,141.39,0,0.0,
U10_00392,ORD00008199,2025-12-17,已完成,100.62,其他,美妆,41.9,10,0.0,
U10_00392,ORD00008200,2026-01-10,已支付,410.74,抖音,数码,179.43,15,0.0,
U10_00392,ORD00008201,2026-03-31,已支付,331.88,小红书,食品,194.52,15,169.2,2026-05-09
U10_00393,ORD00008202,2025-11-01,已支付,108.86,微信,家居,69.97,10,0.0,
U10_00393,ORD00008203,2026-05-20,已支付,90.79,微信,美妆,46.5,5,0.0,
U10_00394,ORD00008204,2025-11-29,已完成,102.92,搜索引擎,食品,67.01,15,0.0,
U10_00394,ORD00008205,2026-01-26,已完成,87.2,搜索引擎,数码,43.89,0,0.0,
U10_00394,ORD00008206,2026-02-19,已支付,462.31,微信,食品,274.75,10,0.0,
U10_00395,ORD00008207,2025-11-02,已完成,477.03,搜索引擎,数码,270.14,10,0.0,
U10_00395,ORD00008208,2026-03-14,已完成,169.66,小红书,家居,100.83,5,0.0,
U10_00396,ORD00008209,2025-11-12,已完成,371.03,小红书,家居,225.58,10,0.0,
U10_00396,ORD00008210,2026-01-22,已完成,367.39,微信,食品,199.27,10,0.0,
U10_00396,ORD00008211,2026-05-05,已完成,272.02,搜索引擎,家居,182.66,5,0.0,
U10_00397,ORD00008212,2025-11-29,已完成,419.0,其他,数码,258.88,10,0.0,
U10_00397,ORD00008213,2025-12-02,已完成,436.34,微信,食品,201.31,5,0.0,
U10_00397,ORD00008214,2026-02-14,已完成,120.46,抖音,家居,56.4,15,0.0,
U10_00398,ORD00008215,2025-11-07,已支付,52.42,微信,数码,22.08,10,0.0,
U10_00399,ORD00008216,2025-11-23,已完成,485.09,抖音,家居,293.85,0,0.0,
U10_00399,ORD00008217,2025-12-21,已完成,267.83,小红书,家居,170.04,15,0.0,
U10_00399,ORD00008218,2026-01-18,已完成,310.59,抖音,家居,176.23,10,0.0,
U10_00399,ORD00008219,2026-03-02,已完成,149.31,抖音,数码,84.23,10,0.0,
U10_00399,ORD00008220,2026-04-13,已完成,59.86,搜索引擎,食品,31.04,5,0.0,
U10_00400,ORD00008221,2025-11-03,已完成,495.69,小红书,家居,258.05,0,364.39,2025-11-28
U10_00400,ORD00008222,2026-05-19,已支付,100.86,小红书,服饰,45.07,0,0.0,
U10_00401,ORD00008223,2025-11-27,已完成,336.83,微信,食品,208.46,10,0.0,
U10_00401,ORD00008224,2025-12-16,已完成,493.08,其他,数码,329.11,10,0.0,
U10_00401,ORD00008225,2026-03-06,已完成,268.54,其他,家居,124.37,0,0.0,
U10_00402,ORD00008226,2025-11-25,已完成,71.0,抖音,美妆,34.73,10,0.0,
U10_00402,ORD00008227,2025-12-29,已完成,243.24,小红书,美妆,99.32,10,159.75,2026-01-28
U10_00402,ORD00008228,2026-01-25,已支付,355.51,小红书,服饰,173.51,5,0.0,
U10_00402,ORD00008229,2026-02-25,已支付,265.53,抖音,数码,135.89,10,0.0,
U10_00402,ORD00008230,2026-03-26,已完成,421.42,微信,家居,191.77,10,0.0,
U10_00402,ORD00008231,2026-05-20,已完成,182.52,微信,服饰,95.2,10,0.0,
U10_00403,ORD00008232,2025-11-27,已完成,328.29,抖音,美妆,185.63,10,0.0,
U10_00403,ORD00008233,2025-12-06,已完成,479.47,小红书,服饰,325.97,5,0.0,
U10_00403,ORD00008234,2026-02-27,已完成,194.25,搜索引擎,家居,126.95,15,0.0,
U10_00403,ORD00008235,2026-03-07,已完成,115.22,抖音,食品,72.37,15,0.0,
U10_00404,ORD00008236,2025-11-02,已完成,91.07,微信,食品,45.02,15,0.0,
U10_00404,ORD00008237,2025-12-04,已完成,173.88,搜索引擎,服饰,112.51,0,0.0,
U10_00404,ORD00008238,2026-03-17,已完成,107.16,微信,数码,67.56,10,0.0,
U10_00404,ORD00008239,2026-04-09,已完成,126.09,微信,美妆,51.42,10,95.07,2026-05-07
U10_00404,ORD00008240,2026-05-20,已完成,260.65,微信,数码,158.32,15,0.0,
U10_00405,ORD00008241,2025-11-24,已完成,152.89,小红书,食品,70.76,0,0.0,
U10_00405,ORD00008242,2025-12-29,已支付,127.97,微信,美妆,69.05,0,0.0,
U10_00405,ORD00008243,2026-04-20,已支付,260.75,抖音,服饰,175.8,5,0.0,
U10_00406,ORD00008244,2025-11-25,已支付,239.35,搜索引擎,美妆,111.56,10,0.0,
U10_00406,ORD00008245,2025-12-09,已完成,296.4,抖音,服饰,174.19,10,0.0,
U10_00406,ORD00008246,2026-04-02,已支付,274.36,搜索引擎,食品,148.63,10,0.0,
U10_00407,ORD00008247,2025-11-29,已完成,460.69,小红书,美妆,302.08,0,0.0,
U10_00407,ORD00008248,2025-12-22,已支付,100.49,抖音,服饰,69.53,10,0.0,
U10_00407,ORD00008249,2026-01-26,已完成,437.84,搜索引擎,数码,194.29,10,0.0,
U10_00408,ORD00008250,2025-11-11,已支付,440.64,微信,美妆,261.55,15,0.0,
U10_00408,ORD00008251,2025-12-09,已完成,257.58,其他,美妆,159.51,15,0.0,
U10_00409,ORD00008252,2025-11-04,已完成,348.1,小红书,食品,218.13,10,0.0,
U10_00409,ORD00008253,2026-01-15,已完成,287.03,小红书,食品,151.21,5,0.0,
U10_00409,ORD00008254,2026-04-08,已完成,455.62,其他,服饰,203.56,10,0.0,
U10_00410,ORD00008255,2025-11-16,已支付,148.33,其他,服饰,73.92,10,116.94,2026-01-10
U10_00411,ORD00008256,2025-11-20,已支付,160.13,其他,美妆,76.55,5,0.0,
U10_00412,ORD00008257,2025-11-19,已完成,60.38,微信,家居,26.12,0,0.0,
U10_00412,ORD00008258,2026-02-08,已完成,357.82,搜索引擎,美妆,233.23,5,0.0,
U10_00412,ORD00008259,2026-04-14,已完成,152.58,其他,食品,74.01,0,0.0,
U10_00413,ORD00008260,2025-11-12,已完成,409.6,搜索引擎,数码,263.64,0,0.0,
U10_00414,ORD00008261,2025-11-30,已完成,279.46,其他,数码,194.84,10,201.39,2025-12-10
U10_00414,ORD00008262,2026-01-14,已支付,237.75,小红书,数码,146.39,10,0.0,
U10_00414,ORD00008263,2026-03-30,已完成,404.31,小红书,美妆,259.85,15,0.0,
U10_00414,ORD00008264,2026-04-09,已完成,369.39,其他,美妆,253.54,10,0.0,
U10_00415,ORD00008265,2025-11-24,已支付,495.6,小红书,食品,200.3,15,0.0,
U10_00415,ORD00008266,2026-01-21,已完成,60.42,微信,美妆,27.1,0,0.0,
U10_00415,ORD00008267,2026-02-11,已完成,406.85,其他,数码,175.35,15,0.0,
U10_00415,ORD00008268,2026-05-10,已完成,325.99,小红书,数码,181.0,10,0.0,
U10_00416,ORD00008269,2025-11-02,已完成,146.35,小红书,家居,61.6,10,0.0,
U10_00416,ORD00008270,2026-03-15,已完成,242.22,小红书,服饰,155.15,15,0.0,
U10_00417,ORD00008271,2025-11-16,已完成,464.54,微信,数码,295.03,10,0.0,
U10_00417,ORD00008272,2025-12-31,已完成,257.18,搜索引擎,家居,161.86,10,0.0,
U10_00418,ORD00008273,2025-11-13,已支付,148.04,其他,食品,100.76,10,0.0,
U10_00418,ORD00008274,2025-12-20,已完成,477.48,微信,食品,197.06,5,0.0,
U10_00418,ORD00008275,2026-01-20,已支付,334.43,微信,美妆,204.43,0,0.0,
U10_00418,ORD00008276,2026-02-18,已支付,326.96,小红书,服饰,183.19,15,0.0,
U10_00418,ORD00008277,2026-03-29,已完成,327.86,搜索引擎,数码,161.38,0,0.0,
U10_00419,ORD00008278,2025-11-13,已支付,241.54,抖音,家居,139.28,10,0.0,
U10_00419,ORD00008279,2026-01-19,已完成,170.52,微信,食品,105.98,0,0.0,
U10_00419,ORD00008280,2026-04-19,已完成,332.42,抖音,美妆,182.27,15,0.0,
U10_00420,ORD00008281,2025-11-16,已完成,162.52,小红书,美妆,69.66,0,0.0,
U10_00420,ORD00008282,2026-01-27,已支付,171.3,小红书,食品,116.22,10,0.0,
U10_00420,ORD00008283,2026-03-29,已完成,293.27,其他,数码,199.58,10,0.0,
U10_00421,ORD00008284,2025-11-25,已完成,109.71,搜索引擎,食品,64.9,10,0.0,
U10_00421,ORD00008285,2026-03-10,已完成,307.63,小红书,美妆,182.62,0,0.0,
U10_00422,ORD00008286,2025-11-21,已完成,289.79,抖音,食品,166.96,5,284.41,2026-01-19
U10_00422,ORD00008287,2026-02-07,已完成,225.28,微信,食品,130.49,0,0.0,
U10_00423,ORD00008288,2025-11-06,已完成,145.15,其他,食品,95.51,0,0.0,
U10_00423,ORD00008289,2025-12-05,已完成,313.18,抖音,食品,165.39,5,0.0,
U10_00423,ORD00008290,2026-04-26,已支付,253.21,微信,食品,103.96,10,0.0,
U10_00424,ORD00008291,2025-11-18,已支付,279.9,抖音,家居,148.25,10,0.0,
U10_00424,ORD00008292,2026-03-14,已完成,141.83,微信,家居,58.16,5,0.0,
U10_00424,ORD00008293,2026-05-22,已支付,382.17,其他,食品,184.42,0,0.0,
U10_00425,ORD00008294,2025-11-24,已完成,246.0,抖音,食品,128.73,10,0.0,
U10_00425,ORD00008295,2026-04-23,已完成,443.21,其他,食品,266.77,0,0.0,
U10_00425,ORD00008296,2026-05-04,已完成,150.3,其他,服饰,93.76,0,0.0,
U10_00426,ORD00008297,2025-11-06,已完成,271.94,抖音,服饰,119.66,10,0.0,
U10_00426,ORD00008298,2025-12-12,已完成,456.43,抖音,美妆,192.61,0,0.0,
U10_00426,ORD00008299,2026-01-03,已完成,470.73,小红书,数码,324.47,0,0.0,
U10_00426,ORD00008300,2026-02-05,已完成,449.83,抖音,美妆,267.32,10,0.0,
U10_00427,ORD00008301,2025-11-30,已完成,51.92,其他,食品,30.71,15,31.24,2026-01-05
U10_00427,ORD00008302,2026-03-22,已完成,170.0,小红书,服饰,117.24,0,0.0,
U10_00428,ORD00008303,2025-11-24,已完成,52.16,搜索引擎,美妆,25.11,10,0.0,
U10_00428,ORD00008304,2026-01-17,已支付,116.96,微信,数码,54.42,10,0.0,
U10_00428,ORD00008305,2026-04-07,已支付,334.39,微信,美妆,198.51,10,0.0,
U10_00429,ORD00008306,2025-11-08,已完成,65.0,抖音,食品,44.83,15,0.0,
U10_00429,ORD00008307,2026-03-05,已完成,74.05,其他,数码,35.87,0,0.0,
U10_00430,ORD00008308,2025-11-19,已完成,300.11,微信,食品,196.55,5,0.0,
U10_00431,ORD00008309,2025-11-07,已完成,87.12,抖音,食品,45.55,10,0.0,
U10_00432,ORD00008310,2025-11-07,已完成,324.45,抖音,数码,204.62,10,0.0,
U10_00432,ORD00008311,2026-01-17,已支付,478.43,其他,家居,271.13,15,0.0,
U10_00432,ORD00008312,2026-05-18,已完成,471.05,其他,数码,275.85,5,0.0,
U10_00433,ORD00008313,2025-11-01,已完成,112.14,小红书,食品,73.84,10,0.0,
U10_00433,ORD00008314,2026-04-08,已完成,106.32,抖音,服饰,70.05,10,0.0,
U10_00433,ORD00008315,2026-05-12,已完成,69.2,搜索引擎,数码,34.04,10,0.0,
U10_00434,ORD00008316,2025-11-07,已完成,227.81,其他,家居,151.59,0,0.0,
U10_00435,ORD00008317,2025-11-16,已支付,336.5,搜索引擎,服饰,227.44,15,0.0,
U10_00435,ORD00008318,2025-12-10,已支付,104.15,其他,数码,48.18,0,0.0,
U10_00435,ORD00008319,2026-02-24,已支付,152.37,其他,美妆,74.65,15,0.0,
U10_00435,ORD00008320,2026-03-12,已完成,63.6,微信,服饰,40.05,15,0.0,
U10_00435,ORD00008321,2026-04-18,已支付,363.59,抖音,美妆,192.38,10,296.49,2026-06-05
U10_00436,ORD00008322,2025-11-20,已支付,271.35,小红书,家居,125.25,10,173.27,2025-11-30
U10_00436,ORD00008323,2026-02-14,已完成,335.2,小红书,食品,154.04,10,0.0,
U10_00436,ORD00008324,2026-04-30,已完成,141.74,微信,数码,57.73,0,0.0,
U10_00437,ORD00008325,2025-11-09,已完成,488.27,搜索引擎,美妆,316.22,5,0.0,
U10_00437,ORD00008326,2025-12-29,已完成,347.22,小红书,数码,217.49,10,327.38,2026-02-06
U10_00437,ORD00008327,2026-01-13,已完成,380.66,微信,美妆,220.29,10,0.0,
U10_00438,ORD00008328,2025-11-05,已完成,453.47,其他,食品,275.79,5,0.0,
U10_00438,ORD00008329,2026-02-11,已完成,256.68,其他,家居,150.69,10,0.0,
U10_00438,ORD00008330,2026-04-04,已完成,391.34,微信,美妆,219.44,15,0.0,
U10_00439,ORD00008331,2025-11-18,已支付,195.19,其他,食品,99.7,0,0.0,
U10_00439,ORD00008332,2025-12-27,已完成,432.78,小红书,数码,218.08,10,0.0,
U10_00439,ORD00008333,2026-03-14,已完成,441.23,微信,食品,186.7,0,0.0,
U10_00440,ORD00008334,2025-11-23,已完成,176.55,抖音,数码,79.68,5,0.0,
U10_00440,ORD00008335,2025-12-23,已支付,459.57,小红书,服饰,253.9,10,0.0,
U10_00441,ORD00008336,2025-11-01,已支付,151.7,搜索引擎,数码,79.06,0,0.0,
U10_00441,ORD00008337,2026-02-16,已完成,471.73,抖音,服饰,295.09,10,0.0,
U10_00441,ORD00008338,2026-05-01,已支付,72.43,搜索引擎,服饰,31.8,10,0.0,
U10_00442,ORD00008339,2025-11-01,已支付,129.52,其他,服饰,67.82,10,68.99,2025-11-20
U10_00443,ORD00008340,2025-11-18,已完成,111.26,抖音,数码,51.35,10,0.0,
U10_00443,ORD00008341,2025-12-30,已完成,408.74,微信,美妆,241.11,15,0.0,
U10_00443,ORD00008342,2026-02-14,已支付,313.61,小红书,服饰,134.15,15,0.0,
U10_00443,ORD00008343,2026-04-25,已完成,184.31,抖音,数码,76.35,15,0.0,
U10_00443,ORD00008344,2026-05-05,已完成,357.14,微信,食品,231.2,0,0.0,
U10_00444,ORD00008345,2025-11-15,已支付,328.35,小红书,食品,171.58,10,0.0,
U10_00444,ORD00008346,2025-12-07,已支付,334.82,微信,家居,178.86,10,0.0,
U10_00444,ORD00008347,2026-01-12,已完成,114.44,微信,服饰,46.23,5,0.0,
U10_00444,ORD00008348,2026-05-13,已完成,88.36,搜索引擎,数码,61.34,15,0.0,
U10_00445,ORD00008349,2025-11-24,已完成,227.65,抖音,家居,120.05,10,0.0,
U10_00445,ORD00008350,2026-01-20,已完成,288.3,小红书,食品,148.41,10,0.0,
U10_00446,ORD00008351,2025-11-28,已完成,358.19,其他,数码,177.02,0,0.0,
U10_00446,ORD00008352,2026-02-04,已完成,238.8,抖音,服饰,150.17,0,0.0,
U10_00446,ORD00008353,2026-04-27,已完成,334.47,抖音,数码,193.42,10,0.0,
U10_00446,ORD00008354,2026-05-29,已完成,197.8,搜索引擎,美妆,81.29,0,0.0,
U10_00447,ORD00008355,2025-11-11,已支付,121.08,搜索引擎,数码,61.7,10,0.0,
U10_00447,ORD00008356,2026-02-17,已完成,261.15,小红书,家居,164.86,0,0.0,
U10_00447,ORD00008357,2026-03-27,已支付,99.37,小红书,服饰,43.11,10,0.0,
U10_00447,ORD00008358,2026-05-21,已完成,482.5,微信,家居,213.25,5,0.0,
U10_00448,ORD00008359,2025-11-29,已支付,285.51,其他,家居,144.58,10,0.0,
U10_00449,ORD00008360,2025-11-06,已完成,170.67,小红书,美妆,116.36,10,0.0,
U10_00449,ORD00008361,2025-12-02,已完成,267.82,微信,家居,164.97,5,0.0,
U10_00449,ORD00008362,2026-05-29,已完成,373.32,搜索引擎,服饰,169.12,10,0.0,
U10_00450,ORD00008363,2025-11-29,已完成,282.15,微信,美妆,157.07,10,0.0,
U10_00450,ORD00008364,2026-02-15,已支付,91.34,微信,服饰,54.25,0,0.0,
U10_00450,ORD00008365,2026-05-25,已完成,262.7,微信,食品,160.32,15,0.0,
U11_00001,ORD00008366,2025-12-22,已完成,127.76,抖音,服饰,84.03,5,0.0,
U11_00001,ORD00008367,2026-01-07,已支付,117.03,抖音,食品,68.04,0,0.0,
U11_00001,ORD00008368,2026-06-07,已完成,445.0,搜索引擎,美妆,196.47,5,0.0,
U11_00002,ORD00008369,2025-12-20,已完成,128.04,其他,服饰,72.82,5,0.0,
U11_00002,ORD00008370,2026-01-26,已支付,219.82,其他,美妆,117.01,15,0.0,
U11_00002,ORD00008371,2026-02-22,已完成,181.19,其他,美妆,77.35,5,0.0,
U11_00002,ORD00008372,2026-03-21,已支付,152.51,微信,家居,62.76,0,0.0,
U11_00002,ORD00008373,2026-06-26,已完成,164.12,小红书,食品,78.24,5,0.0,
U11_00003,ORD00008374,2025-12-09,已完成,80.5,小红书,食品,40.35,15,0.0,
U11_00004,ORD00008375,2025-12-14,已完成,191.13,抖音,数码,100.47,10,0.0,
U11_00004,ORD00008376,2026-01-21,已完成,370.93,小红书,服饰,148.92,0,0.0,
U11_00005,ORD00008377,2025-12-16,已支付,208.92,搜索引擎,数码,93.08,10,0.0,
U11_00005,ORD00008378,2026-01-09,已完成,207.28,小红书,服饰,121.26,10,0.0,
U11_00005,ORD00008379,2026-06-03,已完成,337.26,小红书,数码,222.82,15,0.0,
U11_00006,ORD00008380,2025-12-05,已完成,220.9,搜索引擎,数码,147.93,10,0.0,
U11_00006,ORD00008381,2026-01-11,已完成,79.24,其他,美妆,41.06,10,0.0,
U11_00006,ORD00008382,2026-05-08,已完成,148.44,小红书,美妆,95.07,10,0.0,
U11_00006,ORD00008383,2026-06-05,已支付,89.38,小红书,数码,51.69,10,0.0,
U11_00007,ORD00008384,2025-12-15,已完成,111.59,小红书,食品,53.21,10,0.0,
U11_00007,ORD00008385,2026-03-15,已完成,104.33,小红书,食品,72.42,5,0.0,
U11_00007,ORD00008386,2026-04-01,已完成,410.67,小红书,食品,222.09,5,0.0,
U11_00008,ORD00008387,2025-12-29,已完成,165.99,小红书,服饰,69.4,10,0.0,
U11_00008,ORD00008388,2026-03-11,已完成,164.73,微信,服饰,111.06,0,0.0,
U11_00009,ORD00008389,2025-12-21,已完成,431.78,其他,家居,212.39,5,0.0,
U11_00009,ORD00008390,2026-01-07,已完成,138.61,微信,数码,95.86,5,0.0,
U11_00009,ORD00008391,2026-02-28,已完成,440.83,小红书,美妆,278.89,5,311.98,2026-03-16
U11_00010,ORD00008392,2025-12-10,已支付,207.99,抖音,服饰,107.32,10,0.0,
U11_00010,ORD00008393,2026-01-03,已完成,476.32,搜索引擎,美妆,222.46,10,0.0,
U11_00010,ORD00008394,2026-02-26,已完成,125.42,抖音,美妆,60.02,10,0.0,
U11_00010,ORD00008395,2026-05-28,已完成,327.54,小红书,服饰,228.3,10,0.0,
U11_00010,ORD00008396,2026-06-24,已完成,409.09,抖音,数码,220.39,5,0.0,
U11_00011,ORD00008397,2025-12-18,已完成,202.48,小红书,数码,107.81,15,0.0,
U11_00011,ORD00008398,2026-01-25,已支付,62.12,其他,家居,28.46,10,42.95,2026-03-16
U11_00011,ORD00008399,2026-03-24,已完成,95.59,其他,美妆,51.35,10,59.46,2026-04-11
U11_00012,ORD00008400,2025-12-06,已完成,107.68,小红书,美妆,61.69,10,0.0,
U11_00012,ORD00008401,2026-06-08,已支付,174.97,抖音,服饰,97.26,5,0.0,
U11_00013,ORD00008402,2025-12-31,已完成,230.78,微信,数码,95.83,15,0.0,
U11_00013,ORD00008403,2026-02-07,已完成,348.48,其他,服饰,149.41,10,0.0,
U11_00013,ORD00008404,2026-06-01,已完成,441.95,小红书,数码,290.77,10,425.48,2026-07-20
U11_00014,ORD00008405,2025-12-13,已完成,497.16,抖音,服饰,253.18,15,0.0,
U11_00014,ORD00008406,2026-01-29,已完成,117.76,其他,美妆,58.47,0,0.0,
U11_00014,ORD00008407,2026-05-01,已完成,155.95,微信,家居,106.62,15,120.26,2026-06-10
U11_00015,ORD00008408,2025-12-16,已支付,254.98,其他,数码,148.7,15,171.69,2026-01-28
U11_00016,ORD00008409,2025-12-13,已支付,284.48,小红书,数码,159.94,15,0.0,
U11_00016,ORD00008410,2026-01-10,已支付,153.53,小红书,数码,86.17,15,0.0,
U11_00016,ORD00008411,2026-02-09,已支付,116.14,抖音,美妆,53.97,10,0.0,
U11_00017,ORD00008412,2025-12-23,已完成,238.25,搜索引擎,食品,158.05,0,0.0,
U11_00017,ORD00008413,2026-01-18,已完成,253.46,其他,服饰,114.69,15,0.0,
U11_00017,ORD00008414,2026-02-10,已完成,118.57,搜索引擎,家居,74.82,10,0.0,
U11_00017,ORD00008415,2026-05-03,已支付,493.73,抖音,美妆,201.72,5,0.0,
U11_00018,ORD00008416,2025-12-19,已完成,110.73,小红书,数码,52.83,10,87.04,2026-01-12
U11_00019,ORD00008417,2025-12-24,已支付,187.19,小红书,美妆,126.03,5,0.0,
U11_00020,ORD00008418,2025-12-24,已完成,407.63,微信,美妆,228.07,0,0.0,
U11_00020,ORD00008419,2026-01-08,已完成,214.73,其他,家居,138.55,0,0.0,
U11_00020,ORD00008420,2026-05-28,已完成,396.24,小红书,数码,236.21,5,0.0,
U11_00021,ORD00008421,2025-12-23,已完成,477.28,小红书,数码,270.14,5,0.0,
U11_00021,ORD00008422,2026-03-19,已支付,178.33,微信,食品,100.71,15,0.0,
U11_00022,ORD00008423,2025-12-07,已完成,229.44,抖音,食品,115.94,10,0.0,
U11_00022,ORD00008424,2026-01-15,已支付,316.19,小红书,数码,161.62,10,0.0,
U11_00022,ORD00008425,2026-02-27,已完成,312.76,微信,数码,181.18,15,0.0,
U11_00022,ORD00008426,2026-04-03,已支付,119.16,抖音,食品,82.04,15,0.0,
U11_00023,ORD00008427,2025-12-12,已完成,61.57,小红书,服饰,41.93,10,0.0,
U11_00023,ORD00008428,2026-01-04,已完成,342.34,其他,服饰,183.28,10,0.0,
U11_00023,ORD00008429,2026-04-16,已完成,359.22,小红书,美妆,155.72,15,0.0,
U11_00024,ORD00008430,2025-12-08,已支付,496.57,搜索引擎,服饰,245.64,0,0.0,
U11_00024,ORD00008431,2026-03-04,已完成,69.89,其他,家居,39.68,15,0.0,
U11_00024,ORD00008432,2026-05-13,已支付,444.87,搜索引擎,服饰,287.17,10,0.0,
U11_00025,ORD00008433,2025-12-03,已支付,222.3,搜索引擎,美妆,133.2,15,0.0,
U11_00025,ORD00008434,2026-01-19,已完成,327.19,微信,食品,201.95,10,293.13,2026-02-07
U11_00025,ORD00008435,2026-03-14,已完成,117.38,搜索引擎,服饰,62.93,5,0.0,
U11_00025,ORD00008436,2026-05-31,已完成,329.88,微信,食品,172.49,10,0.0,
U11_00025,ORD00008437,2026-06-04,已完成,413.39,其他,食品,225.7,10,0.0,
U11_00026,ORD00008438,2025-12-19,已完成,349.64,搜索引擎,美妆,195.19,0,0.0,
U11_00026,ORD00008439,2026-01-14,已完成,187.94,搜索引擎,服饰,125.94,10,0.0,
U11_00027,ORD00008440,2025-12-24,已支付,235.22,小红书,服饰,147.42,10,0.0,
U11_00028,ORD00008441,2025-12-30,已支付,469.01,其他,数码,325.95,15,0.0,
U11_00028,ORD00008442,2026-05-19,已支付,268.44,搜索引擎,数码,167.18,15,0.0,
U11_00029,ORD00008443,2025-12-10,已支付,300.5,小红书,食品,156.08,5,0.0,
U11_00029,ORD00008444,2026-02-25,已完成,286.36,搜索引擎,服饰,126.67,15,0.0,
U11_00029,ORD00008445,2026-04-30,已完成,142.33,搜索引擎,服饰,92.44,15,0.0,
U11_00029,ORD00008446,2026-06-21,已支付,60.66,小红书,家居,28.4,0,31.84,2026-07-06
U11_00030,ORD00008447,2025-12-26,已完成,395.43,搜索引擎,数码,191.19,0,0.0,
U11_00030,ORD00008448,2026-01-31,已支付,188.73,抖音,数码,131.33,0,0.0,
U11_00030,ORD00008449,2026-03-06,已完成,186.14,微信,服饰,119.89,5,0.0,
U11_00031,ORD00008450,2025-12-11,已完成,340.56,抖音,美妆,142.54,5,0.0,
U11_00031,ORD00008451,2026-02-17,已完成,178.35,微信,服饰,82.07,10,0.0,
U11_00031,ORD00008452,2026-03-13,已完成,50.62,搜索引擎,食品,33.23,10,0.0,
U11_00031,ORD00008453,2026-05-04,已完成,420.34,其他,美妆,269.66,10,0.0,
U11_00032,ORD00008454,2025-12-15,已支付,319.94,抖音,食品,214.99,10,219.6,2026-01-12
U11_00032,ORD00008455,2026-03-12,已完成,277.96,抖音,数码,184.15,0,0.0,
U11_00032,ORD00008456,2026-04-26,已完成,387.59,抖音,服饰,260.33,0,0.0,
U11_00033,ORD00008457,2025-12-13,已完成,207.49,小红书,数码,110.56,5,0.0,
U11_00033,ORD00008458,2026-01-12,已支付,112.27,搜索引擎,服饰,60.58,5,0.0,
U11_00033,ORD00008459,2026-02-20,已支付,442.13,搜索引擎,家居,199.89,5,0.0,
U11_00033,ORD00008460,2026-06-23,已完成,476.43,搜索引擎,家居,308.82,15,0.0,
U11_00034,ORD00008461,2025-12-06,已支付,458.04,抖音,服饰,230.35,5,0.0,
U11_00034,ORD00008462,2026-03-20,已支付,114.8,其他,食品,61.66,15,0.0,
U11_00034,ORD00008463,2026-04-04,已支付,124.55,其他,服饰,73.45,10,0.0,
U11_00035,ORD00008464,2025-12-08,已完成,229.52,搜索引擎,美妆,128.32,10,0.0,
U11_00035,ORD00008465,2026-01-12,已完成,152.23,抖音,服饰,80.25,5,0.0,
U11_00035,ORD00008466,2026-02-23,已完成,397.17,微信,服饰,232.3,15,0.0,
U11_00035,ORD00008467,2026-03-01,已完成,354.35,其他,家居,199.67,15,0.0,
U11_00036,ORD00008468,2025-12-08,已完成,499.95,抖音,食品,320.83,5,0.0,
U11_00036,ORD00008469,2026-04-13,已支付,298.04,小红书,服饰,180.96,10,0.0,
U11_00036,ORD00008470,2026-05-02,已完成,227.51,小红书,食品,95.49,10,191.47,2026-06-09
U11_00037,ORD00008471,2025-12-01,已完成,328.35,微信,家居,160.16,10,0.0,
U11_00037,ORD00008472,2026-03-29,已完成,189.27,微信,数码,76.65,15,0.0,
U11_00038,ORD00008473,2025-12-30,已完成,197.5,抖音,美妆,113.85,5,0.0,
U11_00039,ORD00008474,2025-12-28,已支付,409.61,抖音,家居,215.48,10,0.0,
U11_00039,ORD00008475,2026-01-22,已完成,111.68,微信,家居,72.42,10,0.0,
U11_00039,ORD00008476,2026-04-14,已支付,443.35,小红书,食品,302.68,10,0.0,
U11_00040,ORD00008477,2025-12-04,已完成,479.13,其他,食品,231.32,0,0.0,
U11_00040,ORD00008478,2026-01-25,已完成,355.68,搜索引擎,美妆,183.93,10,0.0,
U11_00040,ORD00008479,2026-02-05,已完成,65.81,抖音,服饰,39.43,0,0.0,
U11_00040,ORD00008480,2026-04-17,已完成,134.11,搜索引擎,食品,81.45,10,0.0,
U11_00041,ORD00008481,2025-12-01,已支付,343.32,搜索引擎,美妆,213.23,10,0.0,
U11_00042,ORD00008482,2025-12-06,已完成,92.43,抖音,数码,60.62,10,0.0,
U11_00042,ORD00008483,2026-05-28,已支付,162.82,其他,数码,97.93,15,0.0,
U11_00043,ORD00008484,2025-12-19,已完成,409.98,微信,美妆,199.62,15,0.0,
U11_00043,ORD00008485,2026-02-05,已支付,59.14,微信,美妆,41.17,10,0.0,
U11_00043,ORD00008486,2026-03-02,已完成,96.93,其他,食品,47.56,0,0.0,
U11_00044,ORD00008487,2025-12-11,已完成,98.14,小红书,食品,46.03,15,0.0,
U11_00044,ORD00008488,2026-01-30,已完成,482.98,其他,数码,211.08,5,0.0,
U11_00044,ORD00008489,2026-03-14,已完成,70.36,小红书,服饰,47.51,10,0.0,
U11_00045,ORD00008490,2025-12-18,已完成,256.8,小红书,家居,174.17,10,0.0,
U11_00045,ORD00008491,2026-01-27,已完成,230.62,其他,服饰,147.18,0,0.0,
U11_00045,ORD00008492,2026-02-07,已支付,113.91,小红书,食品,53.44,15,67.97,2026-03-07
U11_00045,ORD00008493,2026-03-26,已完成,71.26,搜索引擎,服饰,46.64,0,0.0,
U11_00045,ORD00008494,2026-04-28,已完成,342.82,抖音,数码,146.67,0,0.0,
U11_00045,ORD00008495,2026-05-06,已完成,164.08,其他,食品,75.21,15,0.0,
U11_00046,ORD00008496,2025-12-19,已完成,244.29,微信,服饰,134.8,15,139.16,2026-01-16
U11_00046,ORD00008497,2026-01-11,已支付,329.92,其他,服饰,189.61,10,0.0,
U11_00046,ORD00008498,2026-06-16,已完成,113.01,其他,数码,49.66,15,0.0,
U11_00047,ORD00008499,2025-12-31,已完成,127.16,其他,家居,84.49,10,0.0,
U11_00048,ORD00008500,2025-12-23,已完成,265.94,其他,服饰,163.3,0,0.0,
U11_00049,ORD00008501,2025-12-06,已完成,159.22,其他,服饰,68.67,5,0.0,
U11_00049,ORD00008502,2026-03-02,已完成,245.65,小红书,食品,124.07,10,0.0,
U11_00050,ORD00008503,2025-12-10,已完成,423.82,抖音,家居,238.44,15,0.0,
U11_00050,ORD00008504,2026-02-08,已完成,346.61,抖音,服饰,240.53,10,0.0,
U11_00050,ORD00008505,2026-04-25,已完成,52.0,搜索引擎,数码,24.61,10,0.0,
U11_00051,ORD00008506,2025-12-31,已完成,371.69,小红书,食品,171.16,0,0.0,
U11_00051,ORD00008507,2026-01-10,已完成,289.6,抖音,食品,194.6,15,0.0,
U11_00051,ORD00008508,2026-04-01,已完成,484.4,抖音,食品,224.1,0,0.0,
U11_00052,ORD00008509,2025-12-21,已完成,266.81,微信,数码,155.07,0,0.0,
U11_00052,ORD00008510,2026-01-24,已完成,423.27,抖音,食品,220.67,10,0.0,
U11_00052,ORD00008511,2026-02-24,已完成,384.09,小红书,数码,241.25,5,0.0,
U11_00053,ORD00008512,2025-12-23,已完成,477.74,其他,服饰,238.4,0,0.0,
U11_00053,ORD00008513,2026-05-02,已完成,167.61,搜索引擎,美妆,71.05,15,0.0,
U11_00054,ORD00008514,2025-12-04,已完成,460.84,抖音,家居,294.3,15,0.0,
U11_00054,ORD00008515,2026-01-24,已完成,56.73,搜索引擎,美妆,32.27,0,0.0,
U11_00054,ORD00008516,2026-02-26,已完成,107.91,微信,服饰,61.97,10,0.0,
U11_00054,ORD00008517,2026-04-04,已完成,383.96,搜索引擎,美妆,162.75,5,218.14,2026-04-27
U11_00054,ORD00008518,2026-05-25,已支付,136.42,微信,家居,78.36,15,0.0,
U11_00054,ORD00008519,2026-06-08,已完成,436.29,搜索引擎,数码,175.08,10,0.0,
U11_00055,ORD00008520,2025-12-17,已完成,86.73,微信,家居,45.54,10,0.0,
U11_00055,ORD00008521,2026-01-28,已支付,89.27,其他,美妆,47.41,10,0.0,
U11_00055,ORD00008522,2026-03-18,已完成,299.17,小红书,美妆,175.6,5,0.0,
U11_00055,ORD00008523,2026-06-15,已支付,148.0,搜索引擎,食品,102.28,5,0.0,
U11_00056,ORD00008524,2025-12-21,已完成,218.29,小红书,美妆,125.79,10,0.0,
U11_00056,ORD00008525,2026-04-21,已完成,449.62,搜索引擎,食品,180.86,10,0.0,
U11_00057,ORD00008526,2025-12-04,已支付,363.99,其他,家居,230.11,10,0.0,
U11_00057,ORD00008527,2026-02-18,已完成,186.95,微信,家居,128.39,0,0.0,
U11_00058,ORD00008528,2025-12-13,已完成,286.87,小红书,食品,192.51,0,0.0,
U11_00058,ORD00008529,2026-01-22,已完成,173.59,抖音,数码,98.87,10,104.76,2026-03-12
U11_00058,ORD00008530,2026-02-09,已完成,416.92,其他,美妆,239.4,0,0.0,
U11_00058,ORD00008531,2026-04-06,已完成,86.8,小红书,数码,49.28,10,0.0,
U11_00059,ORD00008532,2025-12-29,已完成,487.57,微信,美妆,262.77,10,0.0,
U11_00059,ORD00008533,2026-06-21,已支付,217.65,搜索引擎,数码,119.25,10,0.0,
U11_00060,ORD00008534,2025-12-02,已完成,185.97,搜索引擎,食品,96.39,15,0.0,
U11_00060,ORD00008535,2026-01-12,已支付,98.99,其他,服饰,48.83,10,0.0,
U11_00061,ORD00008536,2025-12-24,已支付,120.58,微信,家居,56.33,10,0.0,
U11_00061,ORD00008537,2026-02-13,已完成,245.57,其他,家居,124.54,5,0.0,
U11_00061,ORD00008538,2026-04-10,已完成,242.39,抖音,食品,158.95,15,0.0,
U11_00061,ORD00008539,2026-05-22,已完成,53.41,微信,服饰,31.36,5,0.0,
U11_00062,ORD00008540,2025-12-20,已完成,407.22,抖音,数码,213.37,15,0.0,
U11_00062,ORD00008541,2026-03-10,已完成,107.17,抖音,数码,50.29,5,0.0,
U11_00063,ORD00008542,2025-12-17,已支付,274.05,搜索引擎,数码,135.62,15,0.0,
U11_00063,ORD00008543,2026-02-26,已完成,181.01,其他,食品,116.55,10,0.0,
U11_00063,ORD00008544,2026-06-02,已完成,485.69,搜索引擎,数码,324.42,10,0.0,
U11_00064,ORD00008545,2025-12-20,已支付,342.21,其他,家居,170.09,5,179.97,2026-01-04
U11_00065,ORD00008546,2025-12-14,已完成,333.24,搜索引擎,数码,204.21,0,0.0,
U11_00066,ORD00008547,2025-12-20,已完成,256.46,其他,美妆,152.45,15,0.0,
U11_00066,ORD00008548,2026-04-15,已完成,143.51,搜索引擎,数码,89.7,0,0.0,
U11_00067,ORD00008549,2025-12-05,已完成,486.02,其他,家居,239.99,10,0.0,
U11_00067,ORD00008550,2026-01-05,已完成,160.84,抖音,美妆,110.28,0,0.0,
U11_00067,ORD00008551,2026-03-10,已完成,144.68,搜索引擎,家居,93.32,10,0.0,
U11_00068,ORD00008552,2025-12-27,已完成,317.24,抖音,数码,190.31,0,0.0,
U11_00068,ORD00008553,2026-03-19,已完成,390.09,其他,美妆,234.3,5,0.0,
U11_00069,ORD00008554,2025-12-15,已完成,87.31,其他,食品,35.7,15,0.0,
U11_00069,ORD00008555,2026-01-18,已完成,369.53,其他,数码,153.92,10,0.0,
U11_00070,ORD00008556,2025-12-22,已支付,128.95,抖音,数码,80.81,15,66.1,2026-01-23
U11_00070,ORD00008557,2026-01-19,已支付,432.11,其他,美妆,230.12,10,0.0,
U11_00071,ORD00008558,2025-12-30,已完成,485.1,抖音,服饰,208.94,0,0.0,
U11_00071,ORD00008559,2026-01-28,已完成,126.41,抖音,数码,69.27,10,0.0,
U11_00071,ORD00008560,2026-03-29,已支付,346.49,其他,数码,161.33,10,0.0,
U11_00072,ORD00008561,2025-12-15,已完成,295.52,微信,服饰,194.36,10,0.0,
U11_00073,ORD00008562,2025-12-05,已完成,202.91,搜索引擎,数码,125.66,10,0.0,
U11_00073,ORD00008563,2026-01-10,已支付,488.89,搜索引擎,家居,321.8,0,0.0,
U11_00073,ORD00008564,2026-04-22,已支付,340.2,搜索引擎,食品,142.25,15,0.0,
U11_00073,ORD00008565,2026-05-20,已完成,358.12,搜索引擎,家居,191.89,15,0.0,
U11_00074,ORD00008566,2025-12-13,已完成,282.0,小红书,家居,158.0,10,0.0,
U11_00074,ORD00008567,2026-01-18,已完成,250.26,微信,美妆,147.37,10,0.0,
U11_00074,ORD00008568,2026-02-06,已完成,268.19,微信,数码,161.99,5,0.0,
U11_00074,ORD00008569,2026-04-20,已完成,466.09,抖音,数码,225.41,5,0.0,
U11_00075,ORD00008570,2025-12-23,已支付,103.03,微信,食品,53.17,10,59.83,2026-02-05
U11_00075,ORD00008571,2026-01-17,已支付,303.66,其他,家居,128.23,0,0.0,
U11_00075,ORD00008572,2026-05-04,已支付,432.38,其他,服饰,264.01,10,0.0,
U11_00076,ORD00008573,2025-12-17,已支付,383.68,搜索引擎,服饰,186.75,0,0.0,
U11_00076,ORD00008574,2026-01-30,已支付,270.0,其他,家居,118.22,10,0.0,
U11_00076,ORD00008575,2026-02-20,已完成,331.8,其他,家居,191.62,10,0.0,
U11_00076,ORD00008576,2026-05-09,已支付,138.4,小红书,服饰,75.81,10,0.0,
U11_00077,ORD00008577,2025-12-05,已完成,141.23,搜索引擎,美妆,87.24,15,115.41,2026-01-16
U11_00077,ORD00008578,2026-04-11,已支付,382.34,抖音,家居,261.88,5,0.0,
U11_00077,ORD00008579,2026-06-12,已完成,429.19,搜索引擎,服饰,216.8,5,0.0,
U11_00078,ORD00008580,2025-12-27,已完成,435.14,小红书,食品,241.12,0,0.0,
U11_00079,ORD00008581,2025-12-19,已完成,305.24,抖音,数码,186.59,15,0.0,
U11_00079,ORD00008582,2026-01-23,已完成,108.59,其他,数码,65.62,10,0.0,
U11_00080,ORD00008583,2025-12-02,已完成,453.95,抖音,美妆,199.5,15,277.95,2025-12-27
U11_00080,ORD00008584,2026-02-03,已支付,86.4,搜索引擎,食品,49.83,15,0.0,
U11_00081,ORD00008585,2025-12-22,已支付,321.55,微信,数码,217.8,5,0.0,
U11_00081,ORD00008586,2026-01-14,已支付,231.04,小红书,美妆,123.53,10,0.0,
U11_00081,ORD00008587,2026-05-07,已支付,361.97,微信,数码,202.53,10,0.0,
U11_00081,ORD00008588,2026-06-23,已支付,242.77,微信,食品,148.66,10,0.0,
U11_00082,ORD00008589,2025-12-18,已完成,118.06,微信,家居,55.89,10,0.0,
U11_00082,ORD00008590,2026-03-19,已完成,283.42,其他,数码,153.84,0,0.0,
U11_00082,ORD00008591,2026-06-05,已完成,190.08,其他,食品,130.21,10,0.0,
U11_00083,ORD00008592,2025-12-04,已完成,450.26,小红书,数码,295.16,10,0.0,
U11_00083,ORD00008593,2026-02-12,已支付,439.96,微信,家居,270.11,10,0.0,
U11_00083,ORD00008594,2026-03-05,已支付,345.77,抖音,食品,144.48,5,287.79,2026-03-31
U11_00084,ORD00008595,2025-12-15,已支付,155.69,小红书,食品,72.89,0,0.0,
U11_00084,ORD00008596,2026-01-23,已支付,298.77,微信,家居,172.17,5,0.0,
U11_00085,ORD00008597,2025-12-12,已完成,451.54,搜索引擎,家居,180.91,15,0.0,
U11_00085,ORD00008598,2026-01-26,已支付,308.39,搜索引擎,食品,205.58,10,0.0,
U11_00085,ORD00008599,2026-02-26,已完成,274.01,抖音,食品,191.33,15,0.0,
U11_00085,ORD00008600,2026-05-18,已支付,450.28,小红书,家居,191.01,0,236.0,2026-07-13
U11_00086,ORD00008601,2025-12-31,已支付,87.25,小红书,服饰,46.55,15,0.0,
U11_00086,ORD00008602,2026-01-05,已支付,51.85,小红书,数码,22.22,10,0.0,
U11_00086,ORD00008603,2026-03-23,已完成,209.81,抖音,数码,119.19,10,0.0,
U11_00086,ORD00008604,2026-05-07,已完成,200.87,其他,家居,88.35,5,0.0,
U11_00087,ORD00008605,2025-12-11,已支付,353.8,搜索引擎,服饰,224.53,15,0.0,
U11_00087,ORD00008606,2026-03-08,已支付,425.54,搜索引擎,美妆,215.42,10,213.89,2026-04-04
U11_00087,ORD00008607,2026-06-05,已支付,369.64,微信,美妆,244.06,0,0.0,
U11_00088,ORD00008608,2025-12-12,已支付,121.44,小红书,食品,82.47,5,0.0,
U11_00088,ORD00008609,2026-04-05,已完成,319.48,微信,美妆,212.07,0,0.0,
U11_00089,ORD00008610,2025-12-04,已完成,345.06,抖音,数码,210.12,10,0.0,
U11_00089,ORD00008611,2026-06-20,已完成,371.46,搜索引擎,美妆,183.89,15,0.0,
U11_00090,ORD00008612,2025-12-26,已支付,426.58,小红书,数码,276.34,15,0.0,
U11_00090,ORD00008613,2026-05-16,已支付,232.09,小红书,服饰,140.23,10,193.19,2026-07-14
U11_00091,ORD00008614,2025-12-08,已完成,340.48,抖音,美妆,231.15,0,0.0,
U11_00091,ORD00008615,2026-01-15,已支付,475.0,抖音,食品,328.29,5,0.0,
U11_00091,ORD00008616,2026-03-25,已支付,483.8,其他,服饰,267.95,10,0.0,
U11_00092,ORD00008617,2025-12-27,已完成,180.36,小红书,家居,87.29,10,0.0,
U11_00092,ORD00008618,2026-03-12,已完成,385.87,微信,家居,231.42,0,0.0,
U11_00092,ORD00008619,2026-04-24,已完成,53.93,其他,食品,25.7,10,0.0,
U11_00092,ORD00008620,2026-05-10,已完成,177.4,抖音,美妆,113.63,5,156.22,2026-06-19
U11_00092,ORD00008621,2026-06-28,已支付,432.36,小红书,家居,237.13,5,0.0,
U11_00093,ORD00008622,2025-12-27,已支付,337.08,抖音,美妆,143.44,10,0.0,
U11_00093,ORD00008623,2026-02-21,已完成,245.56,微信,服饰,115.5,10,0.0,
U11_00093,ORD00008624,2026-03-21,已完成,441.53,微信,数码,182.71,15,0.0,
U11_00093,ORD00008625,2026-04-04,已完成,389.55,小红书,数码,271.05,15,0.0,
U11_00094,ORD00008626,2025-12-12,已完成,479.99,其他,数码,331.81,10,0.0,
U11_00094,ORD00008627,2026-05-13,已完成,239.66,其他,数码,97.87,10,0.0,
U11_00095,ORD00008628,2025-12-17,已完成,118.2,搜索引擎,数码,55.08,15,0.0,
U11_00095,ORD00008629,2026-01-19,已完成,338.74,微信,食品,223.5,5,0.0,
U11_00095,ORD00008630,2026-02-21,已完成,374.61,其他,食品,242.6,10,0.0,
U11_00095,ORD00008631,2026-04-13,已支付,277.89,搜索引擎,家居,142.66,0,0.0,
U11_00095,ORD00008632,2026-06-12,已支付,224.98,搜索引擎,数码,149.62,5,0.0,
U11_00096,ORD00008633,2025-12-18,已支付,298.68,抖音,服饰,126.29,0,0.0,
U11_00096,ORD00008634,2026-01-27,已完成,52.31,搜索引擎,服饰,31.82,10,34.42,2026-03-22
U11_00096,ORD00008635,2026-02-07,已完成,355.82,微信,服饰,144.99,10,0.0,
U11_00096,ORD00008636,2026-03-19,已支付,178.73,其他,食品,93.15,5,0.0,
U11_00097,ORD00008637,2025-12-30,已完成,74.62,微信,服饰,33.21,5,0.0,
U11_00097,ORD00008638,2026-03-09,已完成,132.69,微信,美妆,63.47,15,0.0,
U11_00098,ORD00008639,2025-12-09,已支付,288.66,小红书,家居,167.88,10,0.0,
U11_00098,ORD00008640,2026-03-25,已完成,382.78,抖音,家居,165.99,5,0.0,
U11_00098,ORD00008641,2026-06-14,已支付,97.12,搜索引擎,数码,55.21,10,0.0,
U11_00099,ORD00008642,2025-12-29,已支付,440.85,抖音,家居,213.47,15,0.0,
U11_00099,ORD00008643,2026-01-22,已完成,315.77,其他,服饰,202.48,5,0.0,
U11_00099,ORD00008644,2026-02-01,已支付,331.83,抖音,服饰,224.14,10,0.0,
U11_00099,ORD00008645,2026-03-06,已支付,372.4,其他,家居,240.13,5,0.0,
U11_00099,ORD00008646,2026-06-29,已完成,280.44,小红书,服饰,178.54,10,0.0,
U11_00100,ORD00008647,2025-12-15,已完成,263.18,搜索引擎,美妆,133.43,0,0.0,
U11_00100,ORD00008648,2026-01-22,已完成,333.39,搜索引擎,服饰,192.94,5,0.0,
U11_00100,ORD00008649,2026-02-19,已完成,53.5,其他,服饰,35.37,5,0.0,
U11_00100,ORD00008650,2026-05-04,已完成,334.0,微信,食品,169.34,10,0.0,
U11_00101,ORD00008651,2025-12-27,已完成,236.66,其他,美妆,109.85,0,0.0,
U11_00101,ORD00008652,2026-03-27,已支付,283.76,微信,服饰,146.27,5,152.66,2026-04-06
U11_00102,ORD00008653,2025-12-06,已支付,274.9,微信,食品,121.46,5,0.0,
U11_00102,ORD00008654,2026-04-03,已完成,168.94,其他,食品,81.2,10,122.66,2026-05-14
U11_00102,ORD00008655,2026-05-02,已支付,300.07,搜索引擎,家居,155.46,5,0.0,
U11_00103,ORD00008656,2025-12-12,已支付,466.41,小红书,服饰,237.22,15,0.0,
U11_00103,ORD00008657,2026-01-22,已支付,154.71,其他,数码,85.41,5,0.0,
U11_00103,ORD00008658,2026-02-09,已完成,244.3,搜索引擎,家居,157.89,5,0.0,
U11_00104,ORD00008659,2025-12-21,已完成,486.95,搜索引擎,数码,328.28,10,0.0,
U11_00104,ORD00008660,2026-02-28,已完成,289.43,其他,食品,146.15,10,0.0,
U11_00105,ORD00008661,2025-12-21,已支付,222.45,搜索引擎,数码,99.77,5,0.0,
U11_00105,ORD00008662,2026-02-22,已完成,433.35,其他,数码,192.55,0,0.0,
U11_00105,ORD00008663,2026-06-30,已支付,87.02,其他,食品,40.12,15,0.0,
U11_00106,ORD00008664,2025-12-28,已完成,239.96,抖音,家居,134.86,5,0.0,
U11_00106,ORD00008665,2026-01-27,已完成,482.57,小红书,家居,283.81,0,0.0,
U11_00106,ORD00008666,2026-02-15,已支付,59.24,其他,数码,28.26,10,0.0,
U11_00106,ORD00008667,2026-05-23,已支付,188.89,其他,家居,122.79,5,0.0,
U11_00106,ORD00008668,2026-06-09,已支付,401.37,其他,服饰,235.11,10,0.0,
U11_00107,ORD00008669,2025-12-28,已完成,307.75,抖音,家居,191.43,0,0.0,
U11_00107,ORD00008670,2026-02-27,已支付,63.87,小红书,服饰,26.93,5,0.0,
U11_00107,ORD00008671,2026-03-31,已完成,359.57,微信,服饰,247.46,10,0.0,
U11_00108,ORD00008672,2025-12-28,已支付,390.53,小红书,数码,187.68,0,0.0,
U11_00108,ORD00008673,2026-01-03,已支付,85.12,搜索引擎,食品,46.69,10,0.0,
U11_00108,ORD00008674,2026-04-10,已完成,498.85,搜索引擎,服饰,314.0,0,0.0,
U11_00109,ORD00008675,2025-12-07,已支付,330.28,其他,家居,143.25,10,0.0,
U11_00109,ORD00008676,2026-04-11,已完成,119.33,微信,美妆,55.52,15,0.0,
U11_00110,ORD00008677,2025-12-01,已完成,492.72,微信,数码,264.34,10,0.0,
U11_00110,ORD00008678,2026-03-01,已完成,411.39,小红书,服饰,252.9,15,0.0,
U11_00110,ORD00008679,2026-06-29,已完成,481.84,其他,数码,200.89,15,0.0,
U11_00111,ORD00008680,2025-12-12,已支付,166.79,微信,食品,115.64,10,0.0,
U11_00111,ORD00008681,2026-01-16,已完成,433.13,微信,家居,251.65,5,0.0,
U11_00111,ORD00008682,2026-02-15,已完成,124.4,抖音,数码,76.29,10,0.0,
U11_00111,ORD00008683,2026-04-22,已完成,315.97,搜索引擎,数码,217.54,10,0.0,
U11_00112,ORD00008684,2025-12-19,已完成,134.32,小红书,美妆,65.04,10,0.0,
U11_00112,ORD00008685,2026-01-28,已完成,370.03,抖音,服饰,255.28,10,0.0,
U11_00113,ORD00008686,2025-12-21,已支付,331.98,其他,食品,199.57,10,0.0,
U11_00113,ORD00008687,2026-03-04,已完成,283.11,小红书,服饰,163.11,15,0.0,
U11_00113,ORD00008688,2026-06-30,已完成,459.26,小红书,食品,280.8,10,0.0,
U11_00114,ORD00008689,2025-12-18,已支付,74.89,搜索引擎,家居,48.93,10,45.16,2026-02-07
U11_00114,ORD00008690,2026-02-21,已完成,462.98,抖音,家居,208.09,10,0.0,
U11_00114,ORD00008691,2026-03-07,已完成,289.26,其他,美妆,176.26,0,0.0,
U11_00115,ORD00008692,2025-12-11,已支付,70.53,搜索引擎,服饰,46.49,15,0.0,
U11_00116,ORD00008693,2025-12-07,已完成,286.58,其他,美妆,169.45,0,201.24,2026-01-12
U11_00116,ORD00008694,2026-01-25,已完成,370.11,搜索引擎,美妆,162.5,10,0.0,
U11_00116,ORD00008695,2026-02-05,已支付,143.24,其他,食品,77.78,15,0.0,
U11_00116,ORD00008696,2026-03-12,已完成,413.24,小红书,数码,276.95,10,0.0,
U11_00117,ORD00008697,2025-12-29,已支付,351.6,微信,数码,242.42,10,0.0,
U11_00117,ORD00008698,2026-01-17,已完成,205.11,搜索引擎,食品,116.78,5,0.0,
U11_00117,ORD00008699,2026-03-21,已完成,316.51,小红书,家居,149.5,15,0.0,
U11_00117,ORD00008700,2026-06-30,已完成,184.48,其他,美妆,116.82,5,0.0,
U11_00118,ORD00008701,2025-12-10,已完成,411.62,微信,美妆,257.23,5,0.0,
U11_00119,ORD00008702,2025-12-02,已完成,415.32,搜索引擎,美妆,226.3,0,0.0,
U11_00119,ORD00008703,2026-02-08,已完成,419.79,微信,服饰,276.59,5,0.0,
U11_00119,ORD00008704,2026-03-11,已支付,257.35,搜索引擎,家居,119.32,0,0.0,
U11_00120,ORD00008705,2025-12-05,已完成,73.51,抖音,食品,31.56,5,0.0,
U11_00120,ORD00008706,2026-02-15,已完成,97.58,抖音,数码,59.48,10,0.0,
U11_00120,ORD00008707,2026-04-16,已支付,425.35,抖音,美妆,230.24,0,266.57,2026-05-20
U11_00120,ORD00008708,2026-05-05,已完成,422.19,抖音,家居,262.98,10,0.0,
U11_00120,ORD00008709,2026-06-13,已完成,208.78,小红书,家居,134.91,10,0.0,
U11_00121,ORD00008710,2025-12-24,已完成,422.79,小红书,美妆,231.18,15,0.0,
U11_00121,ORD00008711,2026-01-07,已完成,418.48,抖音,美妆,236.58,10,215.31,2026-02-19
U11_00121,ORD00008712,2026-06-10,已完成,324.34,搜索引擎,家居,204.33,0,274.06,2026-07-01
U11_00122,ORD00008713,2025-12-11,已完成,128.9,抖音,服饰,63.33,10,0.0,
U11_00122,ORD00008714,2026-01-05,已支付,479.49,微信,服饰,304.84,10,0.0,
U11_00122,ORD00008715,2026-04-01,已完成,84.11,抖音,服饰,40.21,10,69.45,2026-04-29
U11_00123,ORD00008716,2025-12-26,已支付,134.79,其他,美妆,77.61,0,0.0,
U11_00123,ORD00008717,2026-02-05,已支付,157.26,搜索引擎,数码,89.52,5,0.0,
U11_00123,ORD00008718,2026-04-28,已完成,309.75,小红书,美妆,201.76,0,0.0,
U11_00124,ORD00008719,2025-12-16,已完成,167.93,其他,美妆,117.09,10,0.0,
U11_00124,ORD00008720,2026-01-21,已完成,257.62,小红书,服饰,152.47,5,0.0,
U11_00124,ORD00008721,2026-04-24,已完成,259.28,其他,美妆,105.59,10,0.0,
U11_00125,ORD00008722,2025-12-18,已完成,126.44,小红书,数码,52.3,15,0.0,
U11_00125,ORD00008723,2026-02-13,已完成,199.34,微信,食品,101.13,15,0.0,
U11_00125,ORD00008724,2026-03-11,已完成,159.79,搜索引擎,服饰,83.02,0,99.25,2026-04-07
U11_00126,ORD00008725,2025-12-30,已支付,378.65,其他,数码,152.25,10,0.0,
U11_00126,ORD00008726,2026-01-22,已完成,280.65,其他,服饰,128.78,10,0.0,
U11_00126,ORD00008727,2026-06-25,已完成,283.68,其他,食品,144.49,15,0.0,
U11_00127,ORD00008728,2025-12-27,已支付,384.25,抖音,美妆,266.47,10,0.0,
U11_00127,ORD00008729,2026-02-08,已完成,325.41,小红书,美妆,223.31,10,0.0,
U11_00128,ORD00008730,2025-12-01,已完成,407.64,微信,美妆,163.11,5,0.0,
U11_00128,ORD00008731,2026-02-10,已完成,306.3,其他,数码,209.82,10,0.0,
U11_00128,ORD00008732,2026-03-08,已完成,447.92,抖音,美妆,246.66,15,0.0,
U11_00128,ORD00008733,2026-05-22,已支付,195.33,微信,家居,94.3,10,0.0,
U11_00129,ORD00008734,2025-12-15,已支付,440.18,小红书,服饰,270.49,10,0.0,
U11_00129,ORD00008735,2026-01-31,已完成,131.05,小红书,食品,65.06,0,0.0,
U11_00130,ORD00008736,2025-12-24,已完成,151.15,搜索引擎,美妆,66.16,15,0.0,
U11_00130,ORD00008737,2026-01-17,已完成,267.85,搜索引擎,家居,173.26,15,0.0,
U11_00131,ORD00008738,2025-12-13,已完成,398.63,抖音,美妆,163.56,15,0.0,
U11_00131,ORD00008739,2026-01-02,已完成,384.56,搜索引擎,数码,218.32,10,0.0,
U11_00131,ORD00008740,2026-04-21,已完成,436.73,抖音,服饰,269.15,15,0.0,
U11_00131,ORD00008741,2026-05-08,已完成,231.81,小红书,服饰,126.85,10,0.0,
U11_00132,ORD00008742,2025-12-04,已完成,375.49,抖音,服饰,212.29,0,0.0,
U11_00132,ORD00008743,2026-01-18,已完成,371.7,其他,服饰,175.81,5,0.0,
U11_00132,ORD00008744,2026-02-17,已完成,494.75,小红书,美妆,234.12,15,0.0,
U11_00132,ORD00008745,2026-05-03,已完成,280.95,抖音,食品,193.84,5,166.06,2026-05-28
U11_00133,ORD00008746,2025-12-06,已完成,357.61,搜索引擎,家居,144.0,10,0.0,
U11_00133,ORD00008747,2026-02-27,已支付,335.12,搜索引擎,食品,196.15,15,0.0,
U11_00133,ORD00008748,2026-05-03,已支付,426.83,微信,家居,258.28,0,0.0,
U11_00134,ORD00008749,2025-12-17,已完成,245.3,其他,数码,120.05,15,0.0,
U11_00134,ORD00008750,2026-01-26,已支付,65.7,抖音,美妆,39.29,10,0.0,
U11_00135,ORD00008751,2025-12-28,已支付,363.12,其他,家居,190.41,10,229.22,2026-01-16
U11_00135,ORD00008752,2026-02-09,已完成,85.28,微信,数码,47.56,10,0.0,
U11_00136,ORD00008753,2025-12-25,已支付,486.59,微信,数码,311.54,10,0.0,
U11_00136,ORD00008754,2026-01-17,已完成,139.04,微信,家居,78.52,10,0.0,
U11_00136,ORD00008755,2026-02-08,已完成,460.96,搜索引擎,数码,251.75,10,284.1,2026-03-13
U11_00136,ORD00008756,2026-05-19,已完成,437.77,微信,数码,246.0,15,0.0,
U11_00137,ORD00008757,2025-12-28,已完成,322.25,微信,服饰,171.33,15,0.0,
U11_00137,ORD00008758,2026-01-30,已支付,466.04,其他,美妆,256.55,10,0.0,
U11_00138,ORD00008759,2025-12-28,已完成,395.74,抖音,家居,178.68,5,0.0,
U11_00139,ORD00008760,2025-12-18,已支付,52.65,搜索引擎,美妆,36.08,15,0.0,
U11_00139,ORD00008761,2026-01-17,已完成,191.83,搜索引擎,家居,117.5,5,0.0,
U11_00139,ORD00008762,2026-02-05,已完成,485.3,微信,食品,246.24,0,0.0,
U11_00139,ORD00008763,2026-06-27,已完成,347.69,其他,美妆,162.99,10,0.0,
U11_00140,ORD00008764,2025-12-25,已完成,473.05,抖音,美妆,310.83,10,0.0,
U11_00140,ORD00008765,2026-03-30,已完成,353.0,小红书,美妆,209.14,0,0.0,
U11_00140,ORD00008766,2026-05-30,已完成,172.55,其他,家居,84.22,0,163.36,2026-07-07
U11_00141,ORD00008767,2025-12-15,已完成,129.32,小红书,数码,69.47,10,0.0,
U11_00141,ORD00008768,2026-02-03,已完成,100.14,搜索引擎,食品,45.48,10,0.0,
U11_00142,ORD00008769,2025-12-26,已完成,456.22,抖音,食品,318.69,10,0.0,
U11_00142,ORD00008770,2026-06-26,已支付,409.54,搜索引擎,美妆,176.72,15,0.0,
U11_00143,ORD00008771,2025-12-17,已完成,455.85,抖音,美妆,278.44,10,0.0,
U11_00143,ORD00008772,2026-03-15,已支付,345.16,搜索引擎,家居,197.4,10,296.93,2026-04-24
U11_00143,ORD00008773,2026-06-23,已完成,465.8,其他,美妆,246.37,5,0.0,
U11_00144,ORD00008774,2025-12-25,已完成,431.73,抖音,食品,273.33,15,0.0,
U11_00144,ORD00008775,2026-01-03,已支付,315.06,搜索引擎,食品,145.02,5,0.0,
U11_00144,ORD00008776,2026-03-28,已完成,270.59,小红书,美妆,138.69,10,0.0,
U11_00145,ORD00008777,2025-12-12,已完成,481.59,小红书,美妆,201.38,0,0.0,
U11_00145,ORD00008778,2026-02-24,已支付,480.09,抖音,家居,202.35,5,0.0,
U11_00146,ORD00008779,2025-12-28,已支付,187.87,小红书,食品,96.6,0,0.0,
U11_00146,ORD00008780,2026-01-25,已完成,107.3,其他,家居,43.34,10,0.0,
U11_00146,ORD00008781,2026-02-27,已完成,485.81,小红书,食品,300.89,5,0.0,
U11_00146,ORD00008782,2026-06-22,已完成,266.58,微信,数码,169.5,0,0.0,
U11_00147,ORD00008783,2025-12-26,已完成,365.01,搜索引擎,家居,220.42,10,359.7,2026-02-12
U11_00147,ORD00008784,2026-02-05,已完成,432.92,其他,食品,174.32,10,0.0,
U11_00148,ORD00008785,2025-12-10,已支付,329.72,小红书,食品,158.19,10,0.0,
U11_00148,ORD00008786,2026-01-01,已完成,200.11,其他,食品,123.58,0,0.0,
U11_00148,ORD00008787,2026-03-16,已完成,389.79,微信,食品,192.89,10,0.0,
U11_00148,ORD00008788,2026-05-12,已支付,406.99,微信,家居,193.28,15,0.0,
U11_00149,ORD00008789,2025-12-09,已完成,414.03,微信,食品,190.23,0,0.0,
U11_00149,ORD00008790,2026-02-23,已完成,113.93,抖音,家居,69.0,15,0.0,
U11_00150,ORD00008791,2025-12-11,已完成,93.85,抖音,食品,38.36,10,0.0,
U11_00150,ORD00008792,2026-03-24,已完成,138.74,微信,美妆,73.64,15,0.0,
U11_00150,ORD00008793,2026-04-03,已完成,479.66,搜索引擎,服饰,267.81,0,0.0,
U11_00151,ORD00008794,2025-12-10,已完成,307.34,微信,数码,124.2,10,0.0,
U11_00151,ORD00008795,2026-02-13,已完成,50.83,小红书,食品,26.82,5,0.0,
U11_00151,ORD00008796,2026-03-13,已支付,439.07,小红书,食品,270.21,15,426.55,2026-04-05
U11_00152,ORD00008797,2025-12-24,已完成,245.41,微信,家居,129.37,0,0.0,
U11_00152,ORD00008798,2026-01-30,已支付,248.8,搜索引擎,服饰,133.93,10,0.0,
U11_00152,ORD00008799,2026-02-03,已支付,366.36,微信,服饰,180.99,15,187.43,2026-03-14
U11_00152,ORD00008800,2026-06-04,已支付,188.28,抖音,美妆,110.63,10,0.0,
U11_00153,ORD00008801,2025-12-05,已完成,191.49,小红书,服饰,104.94,10,0.0,
U11_00154,ORD00008802,2025-12-14,已完成,264.46,其他,数码,164.1,5,0.0,
U11_00154,ORD00008803,2026-02-20,已完成,224.46,微信,家居,122.69,15,0.0,
U11_00155,ORD00008804,2025-12-16,已支付,284.33,搜索引擎,数码,183.96,10,0.0,
U11_00156,ORD00008805,2025-12-22,已支付,65.44,抖音,数码,42.17,10,0.0,
U11_00156,ORD00008806,2026-01-31,已支付,59.88,抖音,服饰,30.54,15,0.0,
U11_00156,ORD00008807,2026-03-09,已支付,296.47,抖音,美妆,123.7,10,0.0,
U11_00156,ORD00008808,2026-04-06,已完成,471.19,小红书,数码,256.92,10,0.0,
U11_00157,ORD00008809,2025-12-21,已完成,484.08,搜索引擎,服饰,257.37,0,0.0,
U11_00157,ORD00008810,2026-01-07,已支付,393.9,抖音,数码,173.25,15,0.0,
U11_00157,ORD00008811,2026-02-16,已完成,380.05,其他,食品,249.24,10,0.0,
U11_00157,ORD00008812,2026-06-29,已完成,114.21,抖音,食品,51.41,0,0.0,
U11_00158,ORD00008813,2025-12-02,已完成,248.95,微信,服饰,124.47,10,0.0,
U11_00158,ORD00008814,2026-03-25,已完成,219.87,其他,服饰,96.38,10,191.16,2026-04-19
U11_00158,ORD00008815,2026-04-25,已完成,281.26,其他,美妆,185.54,15,0.0,
U11_00159,ORD00008816,2025-12-23,已完成,97.67,搜索引擎,数码,41.99,10,0.0,
U11_00159,ORD00008817,2026-01-25,已完成,448.95,其他,食品,240.68,0,0.0,
U11_00159,ORD00008818,2026-04-13,已支付,417.86,微信,食品,275.49,5,0.0,
U11_00160,ORD00008819,2025-12-14,已完成,282.4,小红书,服饰,124.55,10,0.0,
U11_00161,ORD00008820,2025-12-14,已完成,289.88,抖音,美妆,156.55,15,0.0,
U11_00161,ORD00008821,2026-01-09,已支付,210.94,抖音,数码,102.95,10,0.0,
U11_00161,ORD00008822,2026-04-14,已完成,178.06,小红书,食品,74.2,10,0.0,
U11_00162,ORD00008823,2025-12-07,已支付,496.77,其他,美妆,257.02,0,0.0,
U11_00162,ORD00008824,2026-02-08,已支付,73.22,小红书,美妆,47.32,0,0.0,
U11_00162,ORD00008825,2026-06-09,已支付,283.49,小红书,服饰,170.79,0,0.0,
U11_00163,ORD00008826,2025-12-18,已支付,385.44,抖音,美妆,234.12,10,0.0,
U11_00163,ORD00008827,2026-01-08,已完成,119.66,微信,家居,48.08,10,74.75,2026-02-21
U11_00163,ORD00008828,2026-02-18,已完成,478.81,搜索引擎,家居,283.75,0,0.0,
U11_00163,ORD00008829,2026-05-09,已完成,483.24,微信,数码,284.21,0,0.0,
U11_00164,ORD00008830,2025-12-14,已支付,479.69,其他,食品,318.36,10,0.0,
U11_00164,ORD00008831,2026-01-01,已完成,446.95,小红书,食品,187.28,0,0.0,
U11_00164,ORD00008832,2026-03-31,已完成,130.68,小红书,服饰,78.66,15,0.0,
U11_00164,ORD00008833,2026-04-30,已支付,168.97,小红书,食品,91.61,10,0.0,
U11_00165,ORD00008834,2025-12-18,已支付,398.22,搜索引擎,数码,234.77,10,0.0,
U11_00165,ORD00008835,2026-01-27,已支付,246.78,搜索引擎,食品,162.3,5,0.0,
U11_00165,ORD00008836,2026-03-03,已完成,438.96,其他,服饰,270.59,10,0.0,
U11_00165,ORD00008837,2026-05-31,已完成,482.03,搜索引擎,数码,316.75,0,0.0,
U11_00166,ORD00008838,2025-12-03,已完成,77.17,小红书,食品,49.52,10,0.0,
U11_00166,ORD00008839,2026-01-16,已支付,430.62,搜索引擎,服饰,253.3,0,382.74,2026-02-11
U11_00167,ORD00008840,2025-12-29,已支付,86.08,小红书,数码,41.47,10,0.0,
U11_00167,ORD00008841,2026-04-09,已完成,486.47,微信,数码,291.77,15,256.86,2026-05-16
U11_00168,ORD00008842,2025-12-13,已支付,268.31,搜索引擎,家居,182.33,0,0.0,
U11_00168,ORD00008843,2026-06-17,已完成,221.87,微信,数码,136.19,10,0.0,
U11_00169,ORD00008844,2025-12-26,已完成,429.37,抖音,服饰,174.15,10,0.0,
U11_00169,ORD00008845,2026-03-02,已完成,169.04,微信,美妆,96.15,5,0.0,
U11_00170,ORD00008846,2025-12-30,已完成,245.67,抖音,服饰,129.24,15,0.0,
U11_00170,ORD00008847,2026-01-17,已完成,299.55,小红书,家居,187.58,15,180.34,2026-02-02
U11_00170,ORD00008848,2026-02-25,已支付,391.11,抖音,服饰,199.53,15,0.0,
U11_00171,ORD00008849,2025-12-07,已支付,353.02,搜索引擎,家居,208.53,5,0.0,
U11_00171,ORD00008850,2026-01-19,已支付,242.46,小红书,家居,116.23,10,0.0,
U11_00172,ORD00008851,2025-12-04,已完成,479.5,小红书,食品,276.53,10,303.94,2026-01-25
U11_00172,ORD00008852,2026-04-12,已完成,369.48,搜索引擎,家居,154.01,10,0.0,
U11_00173,ORD00008853,2025-12-05,已完成,389.93,搜索引擎,美妆,218.37,15,0.0,
U11_00173,ORD00008854,2026-02-07,已完成,209.19,其他,家居,96.97,10,0.0,
U11_00173,ORD00008855,2026-04-01,已完成,462.25,抖音,家居,304.55,15,404.6,2026-05-17
U11_00174,ORD00008856,2025-12-08,已完成,138.88,微信,家居,58.78,15,0.0,
U11_00174,ORD00008857,2026-04-29,已完成,144.28,其他,食品,59.53,15,0.0,
U11_00174,ORD00008858,2026-06-04,已完成,321.09,其他,家居,207.95,10,0.0,
U11_00175,ORD00008859,2025-12-09,已完成,289.76,抖音,食品,129.12,10,0.0,
U11_00175,ORD00008860,2026-01-04,已支付,193.43,微信,食品,96.95,5,0.0,
U11_00175,ORD00008861,2026-06-30,已完成,234.28,抖音,数码,160.28,0,0.0,
U11_00176,ORD00008862,2025-12-18,已支付,228.34,其他,数码,153.51,0,0.0,
U11_00176,ORD00008863,2026-06-19,已完成,353.85,小红书,食品,246.38,0,323.97,2026-07-20
U11_00177,ORD00008864,2025-12-10,已完成,221.98,微信,食品,129.48,0,0.0,
U11_00177,ORD00008865,2026-02-20,已完成,72.54,其他,家居,41.87,15,0.0,
U11_00177,ORD00008866,2026-05-02,已完成,166.7,搜索引擎,数码,67.34,10,0.0,
U11_00178,ORD00008867,2025-12-27,已支付,227.51,其他,美妆,104.83,0,0.0,
U11_00178,ORD00008868,2026-02-20,已支付,373.58,微信,数码,234.99,10,0.0,
U11_00179,ORD00008869,2025-12-13,已完成,159.47,微信,数码,102.24,10,0.0,
U11_00179,ORD00008870,2026-03-04,已完成,323.42,搜索引擎,食品,147.85,15,0.0,
U11_00180,ORD00008871,2025-12-05,已完成,245.96,小红书,服饰,110.37,15,0.0,
U11_00180,ORD00008872,2026-03-11,已完成,487.41,小红书,食品,251.93,5,0.0,
U11_00180,ORD00008873,2026-06-26,已完成,106.36,搜索引擎,食品,69.11,5,0.0,
U11_00181,ORD00008874,2025-12-28,已完成,66.82,其他,服饰,35.26,15,0.0,
U11_00181,ORD00008875,2026-02-24,已支付,384.68,微信,食品,226.4,5,0.0,
U11_00182,ORD00008876,2025-12-06,已完成,472.94,搜索引擎,数码,295.79,5,0.0,
U11_00182,ORD00008877,2026-05-02,已支付,345.97,小红书,服饰,171.18,10,0.0,
U11_00183,ORD00008878,2025-12-20,已支付,481.55,抖音,数码,319.53,15,388.71,2026-01-08
U11_00183,ORD00008879,2026-04-27,已支付,410.92,搜索引擎,食品,228.42,0,0.0,
U11_00183,ORD00008880,2026-05-25,已支付,483.82,小红书,服饰,270.05,10,0.0,
U11_00184,ORD00008881,2025-12-14,已完成,67.02,微信,数码,28.61,10,0.0,
U11_00185,ORD00008882,2025-12-17,已完成,243.58,抖音,食品,139.7,15,0.0,
U11_00185,ORD00008883,2026-03-02,已完成,272.15,其他,美妆,123.72,0,0.0,
U11_00185,ORD00008884,2026-04-06,已支付,363.4,抖音,家居,225.8,10,0.0,
U11_00186,ORD00008885,2025-12-31,已完成,384.26,小红书,服饰,241.91,10,0.0,
U11_00186,ORD00008886,2026-04-29,已完成,498.11,微信,家居,305.03,0,0.0,
U11_00186,ORD00008887,2026-05-18,已完成,434.96,抖音,美妆,252.35,10,0.0,
U11_00187,ORD00008888,2025-12-10,已完成,112.82,其他,家居,47.54,10,94.92,2026-01-11
U11_00187,ORD00008889,2026-01-16,已支付,279.45,微信,美妆,133.78,10,0.0,
U11_00187,ORD00008890,2026-05-03,已支付,180.22,小红书,食品,111.64,10,0.0,
U11_00188,ORD00008891,2025-12-06,已完成,240.94,其他,美妆,121.92,10,0.0,
U11_00188,ORD00008892,2026-03-22,已完成,461.39,其他,美妆,246.52,15,402.08,2026-04-07
U11_00188,ORD00008893,2026-04-12,已完成,247.43,抖音,美妆,170.53,10,0.0,
U11_00189,ORD00008894,2025-12-13,已支付,498.06,小红书,数码,210.72,5,0.0,
U11_00189,ORD00008895,2026-01-12,已完成,88.05,小红书,家居,60.88,10,0.0,
U11_00189,ORD00008896,2026-03-20,已完成,118.73,搜索引擎,食品,72.1,10,0.0,
U11_00189,ORD00008897,2026-04-10,已完成,495.5,其他,家居,222.3,10,0.0,
U11_00189,ORD00008898,2026-06-15,已支付,140.99,其他,数码,95.83,0,0.0,
U11_00190,ORD00008899,2025-12-12,已完成,142.52,其他,食品,92.02,5,0.0,
U11_00190,ORD00008900,2026-01-23,已完成,198.34,其他,家居,127.42,10,0.0,
U11_00191,ORD00008901,2025-12-28,已完成,328.96,小红书,食品,198.41,0,0.0,
U11_00191,ORD00008902,2026-01-21,已支付,161.43,小红书,数码,67.67,0,0.0,
U11_00191,ORD00008903,2026-03-29,已完成,200.29,其他,服饰,111.3,5,0.0,
U11_00192,ORD00008904,2025-12-12,已完成,200.77,其他,家居,129.85,10,0.0,
U11_00192,ORD00008905,2026-01-12,已完成,416.14,搜索引擎,数码,262.35,15,0.0,
U11_00193,ORD00008906,2025-12-25,已完成,85.11,微信,服饰,54.75,5,0.0,
U11_00193,ORD00008907,2026-02-03,已完成,396.11,搜索引擎,食品,168.26,15,0.0,
U11_00193,ORD00008908,2026-06-27,已完成,73.58,小红书,美妆,40.43,15,0.0,
U11_00194,ORD00008909,2025-12-27,已支付,435.36,小红书,服饰,295.85,15,361.55,2026-02-08
U11_00194,ORD00008910,2026-02-22,已支付,347.28,小红书,美妆,187.42,10,0.0,
U11_00194,ORD00008911,2026-04-11,已支付,259.84,搜索引擎,食品,108.59,10,0.0,
U11_00195,ORD00008912,2025-12-04,已完成,272.83,抖音,食品,182.3,0,0.0,
U11_00195,ORD00008913,2026-03-18,已支付,217.2,搜索引擎,食品,145.7,0,0.0,
U11_00196,ORD00008914,2025-12-18,已完成,196.84,微信,数码,130.69,10,0.0,
U11_00196,ORD00008915,2026-06-19,已完成,429.6,其他,食品,273.27,15,0.0,
U11_00197,ORD00008916,2025-12-31,已完成,369.65,其他,食品,245.59,5,0.0,
U11_00197,ORD00008917,2026-04-26,已完成,307.54,其他,美妆,208.21,10,0.0,
U11_00198,ORD00008918,2025-12-23,已支付,263.67,搜索引擎,数码,105.82,10,0.0,
U11_00198,ORD00008919,2026-01-21,已完成,130.98,小红书,食品,55.79,10,0.0,
U11_00198,ORD00008920,2026-02-09,已完成,322.9,搜索引擎,食品,194.6,0,213.27,2026-04-07
U11_00199,ORD00008921,2025-12-17,已完成,315.4,搜索引擎,食品,158.47,10,0.0,
U11_00200,ORD00008922,2025-12-04,已支付,252.73,微信,数码,116.88,10,0.0,
U11_00200,ORD00008923,2026-04-09,已支付,392.15,搜索引擎,数码,195.56,0,0.0,
U11_00201,ORD00008924,2025-12-15,已完成,335.55,其他,服饰,202.4,10,0.0,
U11_00201,ORD00008925,2026-02-01,已支付,418.05,其他,美妆,234.82,10,0.0,
U11_00201,ORD00008926,2026-03-29,已完成,135.34,微信,食品,61.0,15,0.0,
U11_00201,ORD00008927,2026-05-28,已支付,199.86,搜索引擎,美妆,108.99,10,0.0,
U11_00201,ORD00008928,2026-06-03,已完成,113.33,搜索引擎,食品,66.88,10,0.0,
U11_00202,ORD00008929,2025-12-14,已支付,397.91,微信,食品,237.71,15,0.0,
U11_00202,ORD00008930,2026-03-09,已支付,89.97,微信,食品,51.74,0,0.0,
U11_00202,ORD00008931,2026-05-17,已完成,312.14,搜索引擎,数码,149.72,10,0.0,
U11_00202,ORD00008932,2026-06-29,已支付,454.92,小红书,家居,272.91,0,0.0,
U11_00203,ORD00008933,2025-12-30,已完成,299.19,抖音,服饰,198.01,10,0.0,
U11_00203,ORD00008934,2026-01-26,已完成,375.5,搜索引擎,食品,164.78,10,0.0,
U11_00204,ORD00008935,2025-12-01,已完成,196.95,抖音,服饰,82.71,15,0.0,
U11_00204,ORD00008936,2026-01-06,已完成,242.07,其他,数码,168.7,5,0.0,
U11_00204,ORD00008937,2026-02-05,已完成,187.74,搜索引擎,服饰,98.66,15,0.0,
U11_00204,ORD00008938,2026-03-15,已完成,309.03,抖音,家居,173.42,10,0.0,
U11_00205,ORD00008939,2025-12-12,已支付,102.94,其他,美妆,62.45,15,0.0,
U11_00205,ORD00008940,2026-01-22,已完成,78.93,小红书,数码,38.32,10,0.0,
U11_00205,ORD00008941,2026-02-05,已完成,200.3,小红书,家居,105.41,10,0.0,
U11_00206,ORD00008942,2025-12-25,已支付,350.82,小红书,食品,159.45,15,225.86,2026-02-17
U11_00206,ORD00008943,2026-01-14,已支付,208.26,小红书,家居,101.19,15,0.0,
U11_00206,ORD00008944,2026-03-14,已完成,237.1,小红书,美妆,97.6,15,0.0,
U11_00206,ORD00008945,2026-05-15,已完成,248.87,小红书,美妆,133.45,15,0.0,
U11_00207,ORD00008946,2025-12-23,已完成,220.66,其他,服饰,125.64,10,0.0,
U11_00207,ORD00008947,2026-01-12,已支付,72.02,搜索引擎,数码,34.33,15,0.0,
U11_00207,ORD00008948,2026-02-17,已完成,476.93,搜索引擎,家居,278.95,15,0.0,
U11_00208,ORD00008949,2025-12-26,已支付,84.54,抖音,美妆,48.13,5,0.0,
U11_00209,ORD00008950,2025-12-13,已完成,420.39,其他,美妆,208.67,10,0.0,
U11_00209,ORD00008951,2026-02-16,已支付,442.84,抖音,美妆,299.67,10,0.0,
U11_00209,ORD00008952,2026-04-16,已完成,250.13,抖音,家居,113.6,15,0.0,
U11_00210,ORD00008953,2025-12-18,已完成,174.15,其他,服饰,76.15,15,109.69,2025-12-28
U11_00211,ORD00008954,2025-12-11,已完成,423.46,微信,数码,229.5,10,0.0,
U11_00211,ORD00008955,2026-01-13,已完成,164.55,抖音,家居,69.19,10,0.0,
U11_00212,ORD00008956,2025-12-12,已支付,336.2,其他,美妆,181.09,5,0.0,
U11_00212,ORD00008957,2026-02-02,已完成,403.58,其他,食品,233.18,15,0.0,
U11_00212,ORD00008958,2026-04-21,已支付,120.77,其他,食品,51.45,15,0.0,
U11_00213,ORD00008959,2025-12-13,已完成,235.2,其他,服饰,153.71,15,0.0,
U11_00213,ORD00008960,2026-02-07,已完成,234.13,小红书,美妆,112.95,10,0.0,
U11_00213,ORD00008961,2026-05-20,已完成,484.99,搜索引擎,数码,317.55,5,0.0,
U11_00214,ORD00008962,2025-12-26,已完成,79.78,微信,食品,49.15,5,0.0,
U11_00215,ORD00008963,2025-12-02,已完成,291.84,搜索引擎,家居,132.35,15,0.0,
U11_00215,ORD00008964,2026-01-03,已完成,250.63,其他,家居,101.11,0,0.0,
U11_00216,ORD00008965,2025-12-13,已支付,123.07,抖音,服饰,67.91,0,0.0,
U11_00216,ORD00008966,2026-01-06,已支付,53.02,搜索引擎,家居,32.65,5,0.0,
U11_00216,ORD00008967,2026-05-25,已支付,436.45,搜索引擎,食品,253.39,10,0.0,
U11_00217,ORD00008968,2025-12-27,已完成,78.05,抖音,服饰,33.95,10,0.0,
U11_00217,ORD00008969,2026-03-07,已完成,493.64,微信,家居,264.43,10,262.83,2026-03-18
U11_00218,ORD00008970,2025-12-25,已完成,194.49,微信,服饰,120.7,10,0.0,
U11_00218,ORD00008971,2026-03-24,已支付,169.18,抖音,食品,104.13,10,0.0,
U11_00218,ORD00008972,2026-04-01,已完成,191.75,搜索引擎,家居,126.87,15,0.0,
U11_00219,ORD00008973,2025-12-24,已完成,141.83,小红书,食品,81.8,10,0.0,
U11_00219,ORD00008974,2026-01-01,已支付,420.58,抖音,数码,249.45,10,0.0,
U11_00219,ORD00008975,2026-03-03,已支付,398.59,抖音,服饰,272.86,5,0.0,
U11_00219,ORD00008976,2026-05-22,已完成,250.22,抖音,美妆,170.94,15,0.0,
U11_00219,ORD00008977,2026-06-05,已支付,278.04,小红书,美妆,170.27,10,0.0,
U11_00220,ORD00008978,2025-12-21,已支付,155.06,小红书,服饰,65.12,0,0.0,
U11_00220,ORD00008979,2026-05-16,已完成,330.55,抖音,家居,189.37,10,0.0,
U11_00221,ORD00008980,2025-12-05,已完成,292.99,搜索引擎,食品,144.45,10,0.0,
U11_00222,ORD00008981,2025-12-19,已支付,446.12,其他,食品,206.88,5,0.0,
U11_00222,ORD00008982,2026-03-04,已支付,396.74,搜索引擎,家居,241.76,10,0.0,
U11_00223,ORD00008983,2025-12-19,已支付,144.47,其他,家居,97.71,10,0.0,
U11_00223,ORD00008984,2026-04-14,已完成,127.39,搜索引擎,美妆,78.2,5,0.0,
U11_00224,ORD00008985,2025-12-25,已支付,291.04,抖音,数码,166.2,15,0.0,
U11_00224,ORD00008986,2026-03-04,已支付,259.73,小红书,美妆,144.43,5,0.0,
U11_00225,ORD00008987,2025-12-24,已完成,362.78,搜索引擎,服饰,226.02,10,0.0,
U11_00226,ORD00008988,2025-12-10,已完成,399.88,微信,数码,259.43,10,0.0,
U11_00226,ORD00008989,2026-01-02,已支付,153.14,其他,家居,95.33,0,0.0,
U11_00226,ORD00008990,2026-02-11,已完成,340.45,微信,家居,229.77,5,0.0,
U11_00226,ORD00008991,2026-05-09,已支付,185.8,搜索引擎,数码,128.37,15,0.0,
U11_00227,ORD00008992,2025-12-11,已完成,485.86,小红书,家居,247.54,0,0.0,
U11_00227,ORD00008993,2026-02-10,已完成,159.8,搜索引擎,食品,103.28,5,0.0,
U11_00227,ORD00008994,2026-03-02,已完成,152.51,小红书,数码,74.19,0,0.0,
U11_00228,ORD00008995,2025-12-08,已支付,405.35,搜索引擎,数码,227.31,5,0.0,
U11_00228,ORD00008996,2026-02-11,已支付,289.54,微信,数码,187.24,5,232.18,2026-03-22
U11_00229,ORD00008997,2025-12-16,已完成,229.58,抖音,美妆,157.12,10,0.0,
U11_00229,ORD00008998,2026-02-25,已支付,71.71,其他,美妆,44.46,10,0.0,
U11_00229,ORD00008999,2026-04-04,已支付,271.47,微信,食品,153.77,15,183.37,2026-05-30
U11_00229,ORD00009000,2026-05-13,已完成,300.99,抖音,服饰,188.95,10,0.0,
U11_00230,ORD00009001,2025-12-06,已完成,305.05,微信,数码,156.4,10,0.0,
U11_00230,ORD00009002,2026-03-16,已支付,386.97,其他,美妆,264.17,0,0.0,
U11_00231,ORD00009003,2025-12-05,已完成,218.72,小红书,食品,124.43,10,0.0,
U11_00231,ORD00009004,2026-01-08,已支付,476.45,抖音,数码,232.48,0,0.0,
U11_00231,ORD00009005,2026-02-11,已完成,434.59,小红书,服饰,189.09,15,0.0,
U11_00232,ORD00009006,2025-12-28,已完成,333.04,微信,食品,150.31,5,0.0,
U11_00232,ORD00009007,2026-01-08,已支付,289.09,搜索引擎,食品,168.34,10,0.0,
U11_00232,ORD00009008,2026-04-21,已完成,269.48,小红书,美妆,170.72,0,0.0,
U11_00232,ORD00009009,2026-05-15,已完成,201.53,微信,数码,102.5,10,0.0,
U11_00233,ORD00009010,2025-12-09,已支付,208.9,微信,数码,124.63,0,0.0,
U11_00233,ORD00009011,2026-02-04,已完成,66.74,微信,美妆,43.0,10,0.0,
U11_00234,ORD00009012,2025-12-26,已完成,83.26,小红书,家居,55.55,0,60.35,2026-01-22
U11_00234,ORD00009013,2026-03-29,已支付,81.86,小红书,数码,56.94,15,0.0,
U11_00235,ORD00009014,2025-12-01,已完成,305.63,抖音,家居,133.47,0,0.0,
U11_00235,ORD00009015,2026-01-02,已完成,153.96,微信,服饰,98.96,0,0.0,
U11_00235,ORD00009016,2026-02-28,已支付,307.5,其他,服饰,143.38,5,0.0,
U11_00235,ORD00009017,2026-03-28,已完成,494.76,搜索引擎,服饰,273.9,15,0.0,
U11_00236,ORD00009018,2025-12-24,已完成,285.92,抖音,美妆,145.66,5,209.97,2026-01-17
U11_00236,ORD00009019,2026-06-27,已完成,60.92,其他,家居,27.11,0,0.0,
U11_00237,ORD00009020,2025-12-04,已完成,235.74,其他,服饰,136.1,0,0.0,
U11_00237,ORD00009021,2026-01-26,已完成,375.12,其他,美妆,210.86,10,0.0,
U11_00237,ORD00009022,2026-04-26,已完成,321.71,搜索引擎,服饰,184.74,0,0.0,
U11_00238,ORD00009023,2025-12-27,已完成,300.94,微信,食品,156.89,5,0.0,
U11_00238,ORD00009024,2026-03-02,已支付,327.2,微信,服饰,157.1,10,0.0,
U11_00239,ORD00009025,2025-12-31,已完成,438.11,微信,食品,238.93,5,0.0,
U11_00239,ORD00009026,2026-02-08,已支付,52.84,微信,食品,36.73,5,0.0,
U11_00239,ORD00009027,2026-05-09,已完成,396.39,抖音,服饰,206.3,15,0.0,
U11_00240,ORD00009028,2025-12-11,已完成,496.95,抖音,食品,247.92,15,0.0,
U11_00240,ORD00009029,2026-04-20,已完成,53.76,其他,数码,31.25,10,34.4,2026-06-05
U11_00241,ORD00009030,2025-12-25,已完成,406.95,其他,家居,167.32,10,0.0,
U11_00241,ORD00009031,2026-01-18,已支付,487.63,其他,服饰,266.63,0,0.0,
U11_00241,ORD00009032,2026-05-12,已支付,100.82,微信,家居,53.54,0,0.0,
U11_00241,ORD00009033,2026-06-28,已支付,353.52,抖音,食品,176.81,10,0.0,
U11_00242,ORD00009034,2025-12-19,已完成,341.59,抖音,食品,147.3,5,0.0,
U11_00242,ORD00009035,2026-01-02,已支付,455.78,其他,食品,198.13,10,0.0,
U11_00243,ORD00009036,2025-12-24,已支付,395.06,搜索引擎,家居,272.42,0,0.0,
U11_00243,ORD00009037,2026-02-07,已支付,355.37,微信,美妆,241.77,10,0.0,
U11_00243,ORD00009038,2026-03-25,已完成,311.1,小红书,服饰,202.03,15,283.34,2026-04-04
U11_00244,ORD00009039,2025-12-25,已支付,140.88,微信,服饰,79.87,15,0.0,
U11_00244,ORD00009040,2026-01-17,已支付,240.88,搜索引擎,数码,106.34,5,0.0,
U11_00244,ORD00009041,2026-05-01,已完成,338.85,搜索引擎,家居,161.23,10,0.0,
U11_00245,ORD00009042,2025-12-23,已支付,189.15,抖音,美妆,128.99,10,0.0,
U11_00245,ORD00009043,2026-03-24,已完成,329.27,小红书,美妆,141.74,15,0.0,
U11_00246,ORD00009044,2025-12-08,已完成,330.6,小红书,食品,181.15,0,0.0,
U11_00246,ORD00009045,2026-02-19,已完成,204.0,搜索引擎,家居,117.35,5,0.0,
U11_00247,ORD00009046,2025-12-27,已完成,338.64,其他,服饰,146.97,10,0.0,
U11_00247,ORD00009047,2026-01-27,已完成,218.05,小红书,食品,150.85,10,0.0,
U11_00247,ORD00009048,2026-02-05,已完成,455.95,其他,数码,300.95,5,291.87,2026-02-28
U11_00247,ORD00009049,2026-03-29,已支付,157.06,搜索引擎,数码,87.02,5,0.0,
U11_00247,ORD00009050,2026-06-08,已支付,393.06,微信,食品,255.72,15,0.0,
U11_00248,ORD00009051,2025-12-28,已支付,204.48,微信,服饰,105.31,5,0.0,
U11_00248,ORD00009052,2026-01-04,已支付,403.58,其他,服饰,211.66,15,0.0,
U11_00248,ORD00009053,2026-02-07,已完成,374.6,小红书,数码,247.58,15,0.0,
U11_00248,ORD00009054,2026-06-01,已支付,260.2,小红书,美妆,107.87,5,0.0,
U11_00249,ORD00009055,2025-12-19,已支付,477.31,其他,服饰,273.08,10,335.58,2026-02-01
U11_00249,ORD00009056,2026-01-20,已支付,162.47,其他,数码,75.37,15,135.69,2026-02-05
U11_00249,ORD00009057,2026-05-14,已支付,175.87,抖音,数码,90.63,15,0.0,
U11_00250,ORD00009058,2025-12-31,已完成,269.89,抖音,家居,142.62,5,0.0,
U11_00250,ORD00009059,2026-02-04,已支付,276.57,搜索引擎,美妆,191.18,0,0.0,
U11_00250,ORD00009060,2026-06-24,已支付,252.66,微信,家居,173.54,5,0.0,
U11_00251,ORD00009061,2025-12-15,已完成,257.78,其他,食品,113.85,15,0.0,
U11_00251,ORD00009062,2026-01-30,已完成,205.25,微信,数码,113.68,10,0.0,
U11_00251,ORD00009063,2026-02-16,已支付,206.36,其他,服饰,142.09,10,0.0,
U11_00251,ORD00009064,2026-06-02,已支付,122.14,其他,家居,59.14,10,104.8,2026-07-20
U11_00252,ORD00009065,2025-12-31,已完成,271.02,抖音,数码,111.16,5,0.0,
U11_00253,ORD00009066,2025-12-19,已支付,468.11,搜索引擎,家居,208.63,10,0.0,
U11_00253,ORD00009067,2026-03-19,已支付,85.2,抖音,美妆,45.11,15,0.0,
U11_00254,ORD00009068,2025-12-01,已完成,485.16,小红书,食品,286.52,10,0.0,
U11_00254,ORD00009069,2026-01-01,已完成,191.66,其他,家居,80.86,10,0.0,
U11_00255,ORD00009070,2025-12-10,已支付,460.72,搜索引擎,食品,205.17,0,0.0,
U11_00255,ORD00009071,2026-02-26,已完成,477.62,微信,美妆,311.03,15,269.89,2026-03-21
U11_00255,ORD00009072,2026-05-26,已完成,399.99,小红书,家居,224.66,10,0.0,
U11_00256,ORD00009073,2025-12-20,已完成,268.63,其他,食品,118.81,10,0.0,
U11_00257,ORD00009074,2025-12-25,已完成,366.95,抖音,服饰,149.43,10,0.0,
U11_00257,ORD00009075,2026-02-16,已完成,469.67,搜索引擎,美妆,251.59,10,0.0,
U11_00257,ORD00009076,2026-06-22,已完成,62.52,其他,家居,27.26,15,0.0,
U11_00258,ORD00009077,2025-12-10,已支付,164.85,搜索引擎,美妆,109.27,0,0.0,
U11_00258,ORD00009078,2026-01-24,已支付,373.02,抖音,美妆,203.57,5,0.0,
U11_00258,ORD00009079,2026-03-23,已完成,69.61,微信,家居,32.66,0,0.0,
U11_00259,ORD00009080,2025-12-09,已完成,394.72,小红书,食品,265.01,5,0.0,
U11_00259,ORD00009081,2026-01-19,已完成,285.57,微信,家居,137.41,0,0.0,
U11_00259,ORD00009082,2026-03-17,已完成,74.81,小红书,服饰,43.65,15,0.0,
U11_00260,ORD00009083,2025-12-25,已完成,370.28,其他,家居,165.47,10,0.0,
U11_00260,ORD00009084,2026-03-24,已完成,356.38,其他,家居,149.97,10,0.0,
U11_00260,ORD00009085,2026-06-07,已完成,484.9,抖音,服饰,195.07,0,0.0,
U11_00261,ORD00009086,2025-12-17,已支付,373.39,其他,食品,196.01,10,0.0,
U11_00261,ORD00009087,2026-02-13,已完成,202.69,抖音,数码,138.05,0,0.0,
U11_00261,ORD00009088,2026-03-09,已完成,61.25,抖音,食品,39.48,15,0.0,
U11_00261,ORD00009089,2026-04-18,已完成,393.58,微信,家居,263.42,10,0.0,
U11_00262,ORD00009090,2025-12-06,已完成,82.8,微信,服饰,43.5,10,0.0,
U11_00262,ORD00009091,2026-06-28,已完成,333.99,微信,服饰,138.82,5,0.0,
U11_00263,ORD00009092,2025-12-01,已完成,251.49,小红书,家居,108.48,5,0.0,
U11_00263,ORD00009093,2026-02-15,已完成,155.01,抖音,服饰,107.77,5,0.0,
U11_00264,ORD00009094,2025-12-09,已完成,375.3,其他,食品,251.65,10,0.0,
U11_00264,ORD00009095,2026-03-15,已完成,96.35,抖音,数码,40.38,10,0.0,
U11_00264,ORD00009096,2026-04-12,已支付,160.37,搜索引擎,家居,75.48,5,0.0,
U11_00265,ORD00009097,2025-12-12,已支付,131.27,微信,家居,62.12,10,0.0,
U11_00265,ORD00009098,2026-01-17,已完成,221.01,其他,数码,135.35,0,0.0,
U11_00265,ORD00009099,2026-03-07,已完成,352.72,微信,数码,180.27,10,0.0,
U11_00265,ORD00009100,2026-06-20,已完成,194.33,微信,数码,117.54,10,0.0,
U11_00266,ORD00009101,2025-12-16,已完成,401.03,微信,美妆,193.59,10,0.0,
U11_00267,ORD00009102,2025-12-31,已完成,369.02,小红书,食品,192.86,0,0.0,
U11_00268,ORD00009103,2025-12-22,已支付,352.52,其他,服饰,143.64,5,0.0,
U11_00269,ORD00009104,2025-12-02,已支付,84.64,微信,美妆,35.72,0,0.0,
U11_00269,ORD00009105,2026-04-28,已完成,69.66,其他,美妆,31.13,0,0.0,
U11_00270,ORD00009106,2025-12-29,已支付,272.24,搜索引擎,食品,176.99,0,0.0,
U11_00270,ORD00009107,2026-01-16,已完成,334.27,其他,数码,218.55,15,262.93,2026-03-15
U11_00270,ORD00009108,2026-02-07,已完成,153.52,抖音,数码,78.68,0,0.0,
U11_00270,ORD00009109,2026-05-26,已支付,89.6,搜索引擎,服饰,50.72,5,0.0,
U11_00271,ORD00009110,2025-12-25,已支付,210.08,其他,数码,85.67,0,0.0,
U11_00271,ORD00009111,2026-02-03,已完成,142.1,其他,数码,85.77,5,0.0,
U11_00271,ORD00009112,2026-04-10,已完成,244.39,微信,美妆,110.43,10,0.0,
U11_00271,ORD00009113,2026-06-16,已完成,175.58,微信,食品,79.15,10,0.0,
U11_00272,ORD00009114,2025-12-08,已完成,297.11,搜索引擎,美妆,187.16,5,0.0,
U11_00272,ORD00009115,2026-01-31,已支付,378.29,其他,食品,153.35,10,0.0,
U11_00272,ORD00009116,2026-02-05,已完成,433.87,其他,食品,213.79,10,0.0,
U11_00272,ORD00009117,2026-06-05,已支付,250.1,其他,服饰,155.32,10,0.0,
U11_00273,ORD00009118,2025-12-16,已完成,354.08,微信,家居,199.54,0,346.32,2026-01-14
U11_00274,ORD00009119,2025-12-07,已完成,340.03,小红书,美妆,228.0,15,0.0,
U11_00275,ORD00009120,2025-12-04,已支付,407.09,其他,美妆,230.83,5,0.0,
U11_00275,ORD00009121,2026-01-26,已完成,150.75,其他,数码,85.56,0,0.0,
U11_00276,ORD00009122,2025-12-06,已完成,494.18,微信,服饰,222.02,10,0.0,
U11_00276,ORD00009123,2026-02-13,已支付,442.59,小红书,服饰,202.99,10,0.0,
U11_00276,ORD00009124,2026-03-16,已完成,224.15,抖音,数码,127.91,5,0.0,
U11_00277,ORD00009125,2025-12-18,已完成,166.4,其他,食品,80.05,15,0.0,
U11_00277,ORD00009126,2026-02-04,已完成,451.05,搜索引擎,家居,295.19,15,0.0,
U11_00278,ORD00009127,2025-12-18,已支付,162.48,其他,家居,112.66,0,0.0,
U11_00278,ORD00009128,2026-01-03,已支付,196.79,微信,美妆,81.79,15,0.0,
U11_00278,ORD00009129,2026-02-24,已完成,427.05,微信,美妆,254.16,5,0.0,
U11_00279,ORD00009130,2025-12-10,已完成,389.05,小红书,家居,225.71,15,0.0,
U11_00279,ORD00009131,2026-05-05,已支付,222.9,搜索引擎,服饰,94.48,15,0.0,
U11_00280,ORD00009132,2025-12-03,已完成,318.26,微信,家居,164.54,5,201.26,2026-01-13
U11_00280,ORD00009133,2026-05-22,已完成,436.76,微信,美妆,265.28,0,0.0,
U11_00281,ORD00009134,2025-12-26,已支付,61.3,其他,美妆,29.15,0,0.0,
U11_00281,ORD00009135,2026-01-14,已支付,141.35,微信,服饰,89.94,5,0.0,
U11_00281,ORD00009136,2026-02-07,已完成,219.94,微信,家居,110.78,15,0.0,
U11_00281,ORD00009137,2026-05-26,已支付,340.23,小红书,美妆,184.97,15,0.0,
U11_00282,ORD00009138,2025-12-14,已支付,173.02,搜索引擎,美妆,103.61,10,0.0,
U11_00282,ORD00009139,2026-01-09,已完成,258.98,抖音,数码,157.62,0,0.0,
U11_00282,ORD00009140,2026-03-18,已完成,381.86,小红书,家居,207.29,5,0.0,
U11_00282,ORD00009141,2026-04-05,已完成,343.32,微信,服饰,227.6,0,0.0,
U11_00282,ORD00009142,2026-05-17,已支付,479.6,小红书,美妆,284.94,10,0.0,
U11_00283,ORD00009143,2025-12-18,已支付,141.68,抖音,美妆,59.45,5,0.0,
U11_00283,ORD00009144,2026-06-04,已支付,391.14,其他,食品,212.03,5,0.0,
U11_00284,ORD00009145,2025-12-05,已完成,84.19,搜索引擎,家居,58.25,10,0.0,
U11_00284,ORD00009146,2026-01-16,已完成,145.33,其他,数码,85.63,15,0.0,
U11_00284,ORD00009147,2026-04-18,已完成,195.57,微信,家居,123.0,15,0.0,
U11_00285,ORD00009148,2025-12-01,已完成,337.45,微信,家居,206.88,10,0.0,
U11_00285,ORD00009149,2026-05-17,已完成,218.26,搜索引擎,食品,99.8,0,207.62,2026-06-15
U11_00286,ORD00009150,2025-12-18,已支付,180.82,抖音,服饰,95.97,0,0.0,
U11_00286,ORD00009151,2026-01-05,已支付,156.52,小红书,家居,71.22,10,0.0,
U11_00286,ORD00009152,2026-04-23,已完成,440.53,微信,服饰,182.05,15,0.0,
U11_00286,ORD00009153,2026-05-30,已完成,129.67,抖音,食品,64.19,10,0.0,
U11_00287,ORD00009154,2025-12-23,已完成,112.85,搜索引擎,家居,52.41,0,0.0,
U11_00287,ORD00009155,2026-02-10,已完成,207.16,微信,家居,86.6,10,0.0,
U11_00287,ORD00009156,2026-03-27,已支付,180.43,抖音,美妆,101.82,15,0.0,
U11_00287,ORD00009157,2026-05-09,已完成,145.34,小红书,家居,78.27,0,0.0,
U11_00287,ORD00009158,2026-06-01,已完成,373.45,微信,家居,240.36,15,0.0,
U11_00288,ORD00009159,2025-12-03,已完成,403.1,搜索引擎,家居,172.09,0,0.0,
U11_00288,ORD00009160,2026-02-16,已支付,67.33,小红书,家居,43.96,15,0.0,
U11_00288,ORD00009161,2026-03-07,已完成,410.31,小红书,数码,204.9,10,0.0,
U11_00288,ORD00009162,2026-05-05,已支付,379.49,微信,食品,210.17,10,0.0,
U11_00289,ORD00009163,2025-12-13,已完成,365.45,其他,家居,240.69,5,0.0,
U11_00289,ORD00009164,2026-05-27,已支付,370.12,抖音,家居,234.48,15,0.0,
U11_00289,ORD00009165,2026-06-23,已支付,134.41,搜索引擎,食品,79.32,15,104.9,2026-07-20
U11_00290,ORD00009166,2025-12-17,已完成,286.98,其他,家居,188.38,10,0.0,
U11_00290,ORD00009167,2026-01-07,已支付,429.12,微信,数码,210.2,15,0.0,
U11_00291,ORD00009168,2025-12-22,已完成,401.13,抖音,美妆,227.98,15,0.0,
U11_00291,ORD00009169,2026-02-22,已支付,342.76,其他,服饰,198.13,5,0.0,
U11_00292,ORD00009170,2025-12-10,已支付,245.22,搜索引擎,数码,163.5,10,0.0,
U11_00293,ORD00009171,2025-12-29,已完成,67.97,其他,食品,43.56,5,47.44,2026-01-16
U11_00294,ORD00009172,2025-12-05,已支付,289.19,小红书,服饰,167.59,0,0.0,
U11_00294,ORD00009173,2026-03-03,已支付,95.13,微信,数码,53.46,10,0.0,
U11_00295,ORD00009174,2025-12-26,已支付,123.43,其他,服饰,71.37,15,0.0,
U11_00295,ORD00009175,2026-01-01,已完成,419.46,搜索引擎,数码,243.33,5,320.66,2026-01-14
U11_00295,ORD00009176,2026-03-23,已完成,296.1,抖音,数码,128.19,15,0.0,
U11_00295,ORD00009177,2026-05-20,已支付,90.28,抖音,服饰,42.16,5,0.0,
U11_00295,ORD00009178,2026-06-23,已支付,410.96,微信,服饰,248.89,10,0.0,
U11_00296,ORD00009179,2025-12-31,已支付,400.7,搜索引擎,食品,278.05,15,277.62,2026-02-13
U11_00296,ORD00009180,2026-01-21,已完成,89.38,微信,食品,46.49,5,0.0,
U11_00296,ORD00009181,2026-02-16,已支付,55.46,抖音,食品,37.12,15,0.0,
U11_00297,ORD00009182,2025-12-20,已完成,395.44,抖音,服饰,215.93,0,0.0,
U11_00297,ORD00009183,2026-01-29,已完成,200.97,抖音,食品,110.64,15,0.0,
U11_00297,ORD00009184,2026-02-08,已完成,383.71,微信,数码,166.06,5,0.0,
U11_00297,ORD00009185,2026-05-18,已支付,333.52,微信,家居,142.56,15,0.0,
U11_00298,ORD00009186,2025-12-26,已完成,320.29,小红书,家居,219.21,0,0.0,
U11_00298,ORD00009187,2026-01-04,已完成,416.2,微信,服饰,228.35,5,0.0,
U11_00299,ORD00009188,2025-12-25,已完成,228.91,其他,数码,148.64,10,0.0,
U11_00299,ORD00009189,2026-01-30,已完成,280.17,小红书,数码,180.1,10,0.0,
U11_00299,ORD00009190,2026-06-09,已支付,310.07,其他,美妆,188.42,0,0.0,
U11_00300,ORD00009191,2025-12-27,已支付,51.64,抖音,家居,20.92,10,0.0,
U11_00300,ORD00009192,2026-03-09,已完成,150.83,其他,数码,88.82,10,143.36,2026-04-17
U11_00300,ORD00009193,2026-05-26,已完成,304.65,微信,服饰,147.78,10,0.0,
U11_00301,ORD00009194,2025-12-30,已完成,357.95,微信,食品,210.32,0,0.0,
U11_00301,ORD00009195,2026-02-24,已完成,456.29,微信,数码,262.0,10,0.0,
U11_00301,ORD00009196,2026-04-25,已支付,178.79,其他,美妆,78.84,0,0.0,
U11_00302,ORD00009197,2025-12-23,已支付,423.69,抖音,数码,199.09,10,0.0,
U11_00302,ORD00009198,2026-03-16,已完成,110.59,搜索引擎,数码,53.37,0,0.0,
U11_00303,ORD00009199,2025-12-31,已完成,382.36,抖音,食品,185.43,10,308.08,2026-02-16
U11_00303,ORD00009200,2026-04-12,已完成,269.75,微信,家居,121.44,10,0.0,
U11_00304,ORD00009201,2025-12-01,已支付,392.04,搜索引擎,食品,161.9,15,0.0,
U11_00304,ORD00009202,2026-01-27,已支付,405.67,小红书,服饰,198.1,5,359.01,2026-03-19
U11_00304,ORD00009203,2026-02-11,已完成,440.93,抖音,服饰,224.72,0,0.0,
U11_00305,ORD00009204,2025-12-21,已完成,118.71,搜索引擎,服饰,76.72,10,0.0,
U11_00305,ORD00009205,2026-03-29,已完成,326.02,搜索引擎,数码,172.59,5,0.0,
U11_00305,ORD00009206,2026-06-15,已支付,77.37,抖音,服饰,45.55,5,0.0,
U11_00306,ORD00009207,2025-12-18,已完成,479.99,小红书,数码,256.22,0,0.0,
U11_00306,ORD00009208,2026-01-19,已支付,468.6,抖音,服饰,262.51,10,362.9,2026-01-29
U11_00306,ORD00009209,2026-02-02,已完成,267.32,抖音,美妆,114.48,10,215.71,2026-03-16
U11_00306,ORD00009210,2026-04-03,已支付,396.27,搜索引擎,数码,233.22,5,372.91,2026-06-02
U11_00306,ORD00009211,2026-05-29,已支付,84.72,搜索引擎,家居,35.47,0,55.52,2026-07-05
U11_00307,ORD00009212,2025-12-23,已完成,439.52,小红书,数码,177.05,15,0.0,
U11_00307,ORD00009213,2026-01-10,已完成,133.6,小红书,食品,62.25,10,0.0,
U11_00308,ORD00009214,2025-12-18,已完成,183.73,抖音,家居,75.79,5,0.0,
U11_00308,ORD00009215,2026-01-24,已完成,227.75,微信,数码,138.21,15,0.0,
U11_00308,ORD00009216,2026-02-21,已完成,367.51,搜索引擎,服饰,147.23,15,0.0,
U11_00309,ORD00009217,2025-12-20,已支付,392.39,微信,数码,177.27,5,0.0,
U11_00309,ORD00009218,2026-01-07,已完成,155.14,小红书,数码,62.44,0,102.23,2026-02-03
U11_00310,ORD00009219,2025-12-12,已支付,258.44,微信,服饰,177.38,5,0.0,
U11_00310,ORD00009220,2026-01-14,已支付,266.35,其他,家居,158.68,10,0.0,
U11_00310,ORD00009221,2026-06-15,已完成,466.85,抖音,服饰,252.11,15,0.0,
U11_00311,ORD00009222,2025-12-20,已完成,142.21,微信,服饰,76.44,5,0.0,
U11_00311,ORD00009223,2026-01-04,已完成,425.29,搜索引擎,美妆,214.74,10,0.0,
U11_00311,ORD00009224,2026-06-03,已支付,301.72,搜索引擎,家居,128.65,10,0.0,
U11_00312,ORD00009225,2025-12-31,已完成,227.08,微信,服饰,147.39,10,182.33,2026-01-14
U11_00312,ORD00009226,2026-02-20,已完成,377.86,微信,食品,231.87,15,0.0,
U11_00312,ORD00009227,2026-06-01,已支付,325.42,小红书,家居,181.85,10,0.0,
U11_00313,ORD00009228,2025-12-07,已支付,254.84,搜索引擎,服饰,173.44,5,0.0,
U11_00314,ORD00009229,2025-12-06,已完成,127.57,抖音,数码,54.67,5,0.0,
U11_00314,ORD00009230,2026-01-09,已完成,447.55,微信,美妆,215.78,10,0.0,
U11_00315,ORD00009231,2025-12-31,已完成,128.98,其他,食品,74.29,15,0.0,
U11_00315,ORD00009232,2026-01-20,已完成,136.01,其他,数码,68.74,0,0.0,
U11_00315,ORD00009233,2026-03-19,已完成,200.08,搜索引擎,家居,109.27,10,0.0,
U11_00316,ORD00009234,2025-12-13,已完成,95.8,抖音,食品,50.9,15,0.0,
U11_00316,ORD00009235,2026-01-24,已完成,415.66,其他,服饰,281.66,0,0.0,
U11_00316,ORD00009236,2026-02-09,已完成,88.19,搜索引擎,数码,61.03,5,61.1,2026-03-18
U11_00316,ORD00009237,2026-03-28,已支付,126.13,搜索引擎,食品,51.94,0,0.0,
U11_00317,ORD00009238,2025-12-27,已完成,388.33,小红书,美妆,183.9,15,209.51,2026-01-07
U11_00317,ORD00009239,2026-01-01,已完成,154.03,其他,服饰,96.25,10,0.0,
U11_00317,ORD00009240,2026-02-04,已完成,129.02,抖音,家居,62.38,10,0.0,
U11_00317,ORD00009241,2026-03-26,已完成,464.26,搜索引擎,食品,203.45,5,439.32,2026-04-06
U11_00317,ORD00009242,2026-04-21,已完成,424.23,其他,食品,261.61,10,0.0,
U11_00318,ORD00009243,2025-12-15,已完成,413.27,抖音,食品,261.02,10,0.0,
U11_00318,ORD00009244,2026-01-06,已支付,56.03,抖音,食品,27.09,10,0.0,
U11_00319,ORD00009245,2025-12-24,已支付,216.48,搜索引擎,食品,122.21,15,0.0,
U11_00319,ORD00009246,2026-01-05,已完成,253.04,搜索引擎,食品,147.97,0,0.0,
U11_00319,ORD00009247,2026-05-12,已完成,167.89,微信,服饰,80.66,5,0.0,
U11_00320,ORD00009248,2025-12-18,已完成,109.33,小红书,数码,76.15,10,91.96,2025-12-30
U11_00320,ORD00009249,2026-04-18,已支付,428.43,小红书,家居,207.98,10,0.0,
U11_00321,ORD00009250,2025-12-18,已完成,438.05,抖音,食品,209.23,15,0.0,
U11_00321,ORD00009251,2026-01-09,已完成,410.57,小红书,家居,244.55,5,0.0,
U11_00321,ORD00009252,2026-03-14,已完成,130.11,小红书,数码,78.69,10,0.0,
U11_00321,ORD00009253,2026-05-21,已完成,90.68,微信,服饰,55.45,0,0.0,
U11_00322,ORD00009254,2025-12-06,已完成,115.85,其他,美妆,53.05,0,0.0,
U11_00322,ORD00009255,2026-01-25,已支付,74.15,微信,美妆,41.81,5,0.0,
U11_00322,ORD00009256,2026-05-12,已完成,118.03,其他,数码,73.05,10,0.0,
U11_00323,ORD00009257,2025-12-23,已支付,198.73,小红书,服饰,88.6,0,0.0,
U11_00323,ORD00009258,2026-01-12,已支付,317.37,抖音,服饰,207.07,10,0.0,
U11_00323,ORD00009259,2026-02-25,已支付,94.36,小红书,食品,38.47,0,0.0,
U11_00323,ORD00009260,2026-06-01,已完成,292.97,搜索引擎,食品,158.52,0,0.0,
U11_00324,ORD00009261,2025-12-09,已支付,312.72,小红书,家居,169.69,10,0.0,
U11_00324,ORD00009262,2026-04-20,已完成,321.63,小红书,食品,150.42,10,0.0,
U11_00324,ORD00009263,2026-05-08,已支付,158.47,搜索引擎,数码,109.39,10,0.0,
U11_00325,ORD00009264,2025-12-01,已完成,155.26,微信,家居,87.16,0,0.0,
U11_00325,ORD00009265,2026-01-02,已支付,85.29,抖音,美妆,51.04,5,71.63,2026-01-22
U11_00325,ORD00009266,2026-02-19,已完成,344.5,其他,服饰,202.6,10,0.0,
U11_00325,ORD00009267,2026-03-07,已支付,135.6,搜索引擎,美妆,61.68,15,0.0,
U11_00325,ORD00009268,2026-05-05,已完成,100.64,其他,家居,63.47,5,0.0,
U11_00326,ORD00009269,2025-12-19,已支付,162.28,小红书,美妆,112.67,10,0.0,
U11_00326,ORD00009270,2026-02-04,已完成,194.24,其他,食品,86.52,0,190.53,2026-03-26
U11_00327,ORD00009271,2025-12-12,已完成,375.66,微信,数码,190.74,10,0.0,
U11_00327,ORD00009272,2026-03-28,已完成,418.06,其他,食品,254.37,15,0.0,
U11_00327,ORD00009273,2026-04-27,已支付,310.53,搜索引擎,美妆,179.58,10,0.0,
U11_00327,ORD00009274,2026-06-18,已完成,352.72,搜索引擎,美妆,224.55,10,0.0,
U11_00328,ORD00009275,2025-12-14,已完成,109.51,小红书,食品,54.13,10,0.0,
U11_00328,ORD00009276,2026-01-14,已完成,443.1,其他,家居,194.64,10,0.0,
U11_00328,ORD00009277,2026-02-22,已支付,486.42,搜索引擎,数码,207.41,0,0.0,
U11_00328,ORD00009278,2026-06-10,已支付,55.68,微信,数码,34.73,15,0.0,
U11_00329,ORD00009279,2025-12-02,已支付,432.41,搜索引擎,食品,216.37,5,0.0,
U11_00329,ORD00009280,2026-01-07,已完成,299.6,抖音,家居,130.23,15,0.0,
U11_00330,ORD00009281,2025-12-24,已完成,363.48,搜索引擎,家居,166.02,10,0.0,
U11_00330,ORD00009282,2026-01-22,已完成,157.35,微信,家居,76.78,5,0.0,
U11_00330,ORD00009283,2026-05-23,已完成,140.73,微信,家居,86.64,15,0.0,
U11_00331,ORD00009284,2025-12-23,已完成,51.08,抖音,家居,24.61,10,0.0,
U11_00331,ORD00009285,2026-01-17,已完成,337.63,搜索引擎,服饰,139.37,0,0.0,
U11_00331,ORD00009286,2026-06-14,已支付,69.92,抖音,家居,47.29,0,0.0,
U11_00332,ORD00009287,2025-12-05,已完成,451.88,其他,美妆,291.9,15,0.0,
U11_00332,ORD00009288,2026-05-01,已完成,206.6,抖音,数码,96.41,15,0.0,
U11_00333,ORD00009289,2025-12-28,已完成,434.28,小红书,美妆,200.63,15,0.0,
U11_00333,ORD00009290,2026-02-09,已支付,385.75,其他,家居,175.75,10,0.0,
U11_00334,ORD00009291,2025-12-17,已支付,314.77,其他,服饰,185.63,0,0.0,
U11_00334,ORD00009292,2026-01-22,已完成,394.26,微信,服饰,197.97,15,0.0,
U11_00334,ORD00009293,2026-02-03,已支付,338.6,其他,美妆,192.27,5,0.0,
U11_00335,ORD00009294,2025-12-16,已完成,208.64,小红书,食品,99.48,0,0.0,
U11_00335,ORD00009295,2026-01-25,已支付,477.09,微信,美妆,311.3,10,0.0,
U11_00335,ORD00009296,2026-03-20,已完成,309.83,微信,美妆,130.27,10,0.0,
U11_00336,ORD00009297,2025-12-01,已支付,136.17,小红书,食品,67.38,10,0.0,
U11_00336,ORD00009298,2026-01-02,已完成,192.58,微信,食品,107.07,0,0.0,
U11_00336,ORD00009299,2026-02-22,已完成,236.36,其他,家居,141.51,0,0.0,
U11_00337,ORD00009300,2025-12-26,已完成,296.36,搜索引擎,服饰,187.73,10,0.0,
U11_00337,ORD00009301,2026-01-01,已完成,240.57,抖音,数码,110.24,15,0.0,
U11_00337,ORD00009302,2026-06-27,已完成,92.8,搜索引擎,食品,45.35,0,0.0,
U11_00338,ORD00009303,2025-12-27,已完成,287.42,抖音,服饰,192.76,10,0.0,
U11_00338,ORD00009304,2026-05-26,已完成,83.17,抖音,食品,48.29,10,0.0,
U11_00338,ORD00009305,2026-06-19,已完成,247.89,抖音,数码,169.62,15,0.0,
U11_00339,ORD00009306,2025-12-25,已支付,120.3,小红书,食品,76.26,10,118.25,2026-01-29
U11_00339,ORD00009307,2026-01-31,已完成,152.54,小红书,家居,61.83,10,0.0,
U11_00339,ORD00009308,2026-02-28,已完成,302.58,小红书,家居,186.68,10,0.0,
U11_00340,ORD00009309,2025-12-05,已完成,236.52,抖音,数码,141.79,10,0.0,
U11_00340,ORD00009310,2026-02-04,已支付,458.44,抖音,数码,292.54,0,0.0,
U11_00341,ORD00009311,2025-12-23,已完成,478.37,抖音,美妆,239.59,10,0.0,
U11_00341,ORD00009312,2026-04-20,已完成,289.45,微信,数码,126.4,5,0.0,
U11_00341,ORD00009313,2026-05-09,已完成,165.06,抖音,食品,69.49,10,0.0,
U11_00342,ORD00009314,2025-12-16,已完成,453.5,抖音,食品,301.81,10,0.0,
U11_00343,ORD00009315,2025-12-09,已完成,192.36,抖音,服饰,100.07,15,0.0,
U11_00343,ORD00009316,2026-02-22,已完成,162.35,搜索引擎,数码,78.22,10,0.0,
U11_00343,ORD00009317,2026-05-28,已支付,477.78,抖音,食品,299.44,5,0.0,
U11_00344,ORD00009318,2025-12-26,已完成,52.02,小红书,数码,22.34,5,0.0,
U11_00344,ORD00009319,2026-01-05,已支付,328.28,小红书,美妆,171.53,0,171.13,2026-02-23
U11_00344,ORD00009320,2026-02-28,已支付,182.03,微信,家居,84.13,10,158.14,2026-04-26
U11_00344,ORD00009321,2026-04-29,已完成,263.66,抖音,服饰,129.6,0,0.0,
U11_00344,ORD00009322,2026-06-23,已完成,492.08,搜索引擎,服饰,316.2,10,0.0,
U11_00345,ORD00009323,2025-12-20,已完成,281.02,其他,家居,161.92,10,0.0,
U11_00345,ORD00009324,2026-03-21,已完成,91.81,小红书,服饰,49.66,10,73.45,2026-05-08
U11_00345,ORD00009325,2026-04-12,已支付,353.47,其他,美妆,157.78,0,280.19,2026-05-24
U11_00346,ORD00009326,2025-12-09,已完成,403.51,小红书,食品,257.9,15,0.0,
U11_00346,ORD00009327,2026-02-12,已完成,110.54,抖音,服饰,53.5,0,0.0,
U11_00346,ORD00009328,2026-03-24,已支付,353.99,抖音,美妆,201.47,15,0.0,
U11_00346,ORD00009329,2026-04-24,已完成,467.84,微信,服饰,305.38,10,0.0,
U11_00347,ORD00009330,2025-12-17,已完成,81.92,小红书,美妆,46.11,0,0.0,
U11_00347,ORD00009331,2026-03-03,已完成,234.7,抖音,服饰,107.63,15,0.0,
U11_00348,ORD00009332,2025-12-22,已支付,335.86,小红书,服饰,186.22,5,0.0,
U11_00348,ORD00009333,2026-05-16,已完成,147.86,抖音,美妆,64.09,0,0.0,
U11_00349,ORD00009334,2025-12-22,已完成,454.72,微信,服饰,250.42,10,0.0,
U11_00350,ORD00009335,2025-12-20,已支付,76.67,微信,美妆,44.91,0,0.0,
U11_00350,ORD00009336,2026-04-09,已完成,347.84,小红书,美妆,151.93,15,0.0,
U11_00350,ORD00009337,2026-05-25,已支付,263.58,其他,食品,137.23,15,0.0,
U11_00351,ORD00009338,2025-12-20,已支付,468.0,搜索引擎,食品,301.16,10,0.0,
U11_00351,ORD00009339,2026-02-28,已支付,112.43,微信,家居,70.75,15,0.0,
U11_00351,ORD00009340,2026-03-29,已支付,356.84,其他,服饰,173.99,10,0.0,
U11_00352,ORD00009341,2025-12-01,已支付,481.69,抖音,数码,200.46,10,0.0,
U11_00352,ORD00009342,2026-01-21,已完成,170.65,小红书,美妆,115.64,5,0.0,
U11_00352,ORD00009343,2026-03-15,已完成,257.83,微信,数码,135.71,10,0.0,
U11_00353,ORD00009344,2025-12-26,已完成,319.46,其他,食品,187.92,0,0.0,
U11_00354,ORD00009345,2025-12-08,已完成,180.35,微信,家居,98.67,0,0.0,
U11_00354,ORD00009346,2026-04-13,已支付,327.56,小红书,家居,216.57,10,0.0,
U11_00354,ORD00009347,2026-05-13,已完成,499.2,搜索引擎,食品,204.57,15,0.0,
U11_00355,ORD00009348,2025-12-24,已完成,327.1,其他,服饰,176.71,10,0.0,
U11_00355,ORD00009349,2026-03-28,已完成,192.18,抖音,美妆,99.11,15,0.0,
U11_00355,ORD00009350,2026-05-22,已完成,297.4,抖音,家居,120.91,10,0.0,
U11_00356,ORD00009351,2025-12-01,已支付,325.73,小红书,数码,224.91,10,0.0,
U11_00356,ORD00009352,2026-01-30,已完成,441.51,抖音,数码,257.75,10,0.0,
U11_00356,ORD00009353,2026-03-08,已完成,222.64,搜索引擎,家居,144.81,10,0.0,
U11_00357,ORD00009354,2025-12-26,已完成,358.46,微信,家居,190.22,10,0.0,
U11_00357,ORD00009355,2026-01-17,已完成,294.9,抖音,家居,186.33,5,0.0,
U11_00358,ORD00009356,2025-12-17,已完成,68.81,搜索引擎,数码,39.23,5,0.0,
U11_00359,ORD00009357,2025-12-15,已支付,117.78,搜索引擎,食品,61.66,5,0.0,
U11_00359,ORD00009358,2026-02-28,已完成,420.32,微信,数码,231.5,0,0.0,
U11_00360,ORD00009359,2025-12-30,已支付,146.52,搜索引擎,美妆,94.14,5,0.0,
U11_00360,ORD00009360,2026-01-16,已完成,257.44,抖音,数码,129.39,0,0.0,
U11_00360,ORD00009361,2026-02-13,已完成,465.05,小红书,家居,223.7,0,0.0,
U11_00360,ORD00009362,2026-03-07,已完成,135.9,抖音,食品,63.66,0,0.0,
U11_00361,ORD00009363,2025-12-31,已完成,99.91,其他,家居,46.77,10,0.0,
U11_00361,ORD00009364,2026-02-26,已完成,350.5,微信,食品,191.98,15,0.0,
U11_00361,ORD00009365,2026-03-21,已完成,340.56,搜索引擎,服饰,226.54,5,0.0,
U11_00361,ORD00009366,2026-04-08,已完成,306.5,抖音,数码,148.35,10,0.0,
U11_00362,ORD00009367,2025-12-13,已支付,466.37,抖音,数码,252.68,15,0.0,
U11_00362,ORD00009368,2026-02-22,已完成,284.89,搜索引擎,服饰,145.25,5,0.0,
U11_00363,ORD00009369,2025-12-08,已完成,127.05,搜索引擎,服饰,85.87,10,0.0,
U11_00363,ORD00009370,2026-01-04,已支付,241.2,微信,服饰,119.1,15,0.0,
U11_00363,ORD00009371,2026-02-10,已支付,255.88,抖音,家居,145.33,0,0.0,
U11_00363,ORD00009372,2026-03-11,已完成,352.25,其他,食品,156.91,10,0.0,
U11_00363,ORD00009373,2026-04-19,已完成,228.03,抖音,食品,111.78,10,162.91,2026-05-25
U11_00364,ORD00009374,2025-12-13,已完成,464.93,其他,数码,313.22,15,0.0,
U11_00364,ORD00009375,2026-01-30,已支付,351.35,其他,数码,241.78,10,0.0,
U11_00364,ORD00009376,2026-02-05,已完成,325.7,微信,数码,191.18,5,0.0,
U11_00364,ORD00009377,2026-04-01,已支付,201.55,微信,数码,85.69,15,0.0,
U11_00365,ORD00009378,2025-12-03,已完成,306.51,其他,家居,157.28,15,0.0,
U11_00365,ORD00009379,2026-03-17,已完成,186.79,微信,数码,121.31,15,0.0,
U11_00365,ORD00009380,2026-04-29,已完成,139.81,抖音,美妆,74.17,5,0.0,
U11_00366,ORD00009381,2025-12-29,已完成,307.97,抖音,数码,203.62,10,0.0,
U11_00366,ORD00009382,2026-01-31,已完成,321.25,微信,食品,205.19,5,0.0,
U11_00367,ORD00009383,2025-12-01,已完成,468.7,搜索引擎,食品,202.44,10,0.0,
U11_00367,ORD00009384,2026-01-11,已完成,352.9,搜索引擎,美妆,178.99,15,0.0,
U11_00367,ORD00009385,2026-04-18,已支付,135.84,微信,数码,61.88,15,0.0,
U11_00368,ORD00009386,2025-12-24,已完成,420.86,微信,数码,242.39,10,304.28,2026-01-13
U11_00368,ORD00009387,2026-02-09,已支付,301.09,微信,食品,172.88,15,0.0,
U11_00368,ORD00009388,2026-06-18,已支付,305.54,其他,服饰,134.12,10,0.0,
U11_00369,ORD00009389,2025-12-29,已支付,316.41,微信,服饰,184.68,0,0.0,
U11_00369,ORD00009390,2026-02-05,已完成,289.58,小红书,家居,171.26,5,0.0,
U11_00370,ORD00009391,2025-12-16,已支付,147.51,微信,美妆,63.48,10,0.0,
U11_00370,ORD00009392,2026-06-29,已完成,379.32,微信,美妆,219.54,15,0.0,
U11_00371,ORD00009393,2025-12-29,已完成,113.83,抖音,家居,74.79,5,0.0,
U11_00371,ORD00009394,2026-01-14,已完成,62.92,微信,家居,34.09,10,0.0,
U11_00371,ORD00009395,2026-02-04,已支付,414.84,其他,数码,211.58,10,0.0,
U11_00371,ORD00009396,2026-05-13,已支付,318.43,小红书,家居,202.0,0,311.32,2026-06-10
U11_00372,ORD00009397,2025-12-15,已完成,221.77,微信,家居,108.11,15,0.0,
U11_00372,ORD00009398,2026-06-28,已完成,255.77,小红书,美妆,122.99,10,0.0,
U11_00373,ORD00009399,2025-12-26,已完成,78.01,微信,家居,35.18,15,0.0,
U11_00373,ORD00009400,2026-01-10,已完成,438.5,抖音,食品,242.79,5,0.0,
U11_00373,ORD00009401,2026-03-18,已完成,380.97,搜索引擎,美妆,207.24,10,0.0,
U11_00373,ORD00009402,2026-06-15,已完成,79.89,搜索引擎,家居,55.86,10,0.0,
U11_00374,ORD00009403,2025-12-18,已完成,220.35,其他,食品,116.57,5,0.0,
U11_00374,ORD00009404,2026-01-25,已完成,450.72,小红书,美妆,249.22,10,0.0,
U11_00374,ORD00009405,2026-03-19,已支付,384.6,其他,食品,161.64,10,0.0,
U11_00374,ORD00009406,2026-04-27,已支付,113.82,搜索引擎,服饰,71.08,10,0.0,
U11_00375,ORD00009407,2025-12-01,已支付,61.94,搜索引擎,家居,32.54,0,48.72,2025-12-13
U11_00375,ORD00009408,2026-01-06,已完成,381.45,抖音,数码,230.65,15,0.0,
U11_00375,ORD00009409,2026-05-22,已支付,392.53,小红书,服饰,208.57,10,0.0,
U11_00376,ORD00009410,2025-12-30,已支付,449.95,微信,美妆,257.81,10,0.0,
U11_00376,ORD00009411,2026-01-09,已完成,69.25,搜索引擎,数码,45.67,10,44.76,2026-01-24
U11_00376,ORD00009412,2026-05-11,已支付,451.52,微信,食品,287.34,5,0.0,
U11_00376,ORD00009413,2026-06-19,已支付,287.44,微信,食品,140.43,0,0.0,
U11_00377,ORD00009414,2025-12-21,已支付,214.61,微信,美妆,86.58,10,0.0,
U11_00377,ORD00009415,2026-02-05,已完成,396.43,抖音,美妆,226.6,10,0.0,
U11_00377,ORD00009416,2026-05-17,已完成,423.68,微信,服饰,185.65,10,0.0,
U11_00378,ORD00009417,2025-12-09,已完成,337.44,微信,食品,188.09,15,0.0,
U11_00378,ORD00009418,2026-02-10,已支付,61.28,搜索引擎,数码,24.93,15,0.0,
U11_00378,ORD00009419,2026-04-28,已支付,488.57,抖音,食品,306.9,5,0.0,
U11_00378,ORD00009420,2026-05-20,已完成,458.34,微信,家居,185.11,10,0.0,
U11_00379,ORD00009421,2025-12-10,已支付,177.03,微信,家居,74.68,15,0.0,
U11_00379,ORD00009422,2026-01-28,已支付,316.43,搜索引擎,美妆,153.21,10,0.0,
U11_00379,ORD00009423,2026-06-28,已完成,59.5,搜索引擎,数码,35.73,10,0.0,
U11_00380,ORD00009424,2025-12-29,已完成,91.47,其他,食品,54.57,5,0.0,
U11_00381,ORD00009425,2025-12-08,已支付,421.23,抖音,服饰,171.74,0,0.0,
U11_00381,ORD00009426,2026-01-20,已完成,61.24,抖音,数码,37.88,10,0.0,
U11_00381,ORD00009427,2026-04-04,已完成,89.26,其他,家居,50.9,0,0.0,
U11_00382,ORD00009428,2025-12-26,已支付,443.97,搜索引擎,美妆,290.32,15,0.0,
U11_00382,ORD00009429,2026-01-26,已支付,342.53,小红书,美妆,233.06,15,0.0,
U11_00382,ORD00009430,2026-02-20,已完成,73.47,其他,服饰,41.33,0,0.0,
U11_00382,ORD00009431,2026-03-12,已完成,428.19,微信,食品,219.9,5,0.0,
U11_00383,ORD00009432,2025-12-08,已支付,396.6,小红书,家居,182.88,15,0.0,
U11_00383,ORD00009433,2026-01-25,已完成,197.43,抖音,数码,113.47,15,0.0,
U11_00384,ORD00009434,2025-12-01,已完成,68.08,抖音,食品,45.38,10,38.39,2026-01-01
U11_00384,ORD00009435,2026-02-28,已完成,349.77,抖音,美妆,233.97,10,238.62,2026-04-04
U11_00385,ORD00009436,2025-12-16,已完成,290.76,搜索引擎,服饰,123.09,10,0.0,
U11_00385,ORD00009437,2026-04-04,已完成,224.27,微信,服饰,104.06,5,0.0,
U11_00386,ORD00009438,2025-12-31,已支付,438.42,抖音,服饰,209.27,5,0.0,
U11_00386,ORD00009439,2026-01-06,已完成,87.6,搜索引擎,家居,50.74,0,0.0,
U11_00387,ORD00009440,2025-12-14,已完成,176.74,搜索引擎,家居,105.15,10,0.0,
U11_00387,ORD00009441,2026-03-14,已完成,485.71,小红书,家居,250.57,5,0.0,
U11_00387,ORD00009442,2026-04-20,已完成,359.97,微信,家居,171.89,10,0.0,
U11_00388,ORD00009443,2025-12-08,已完成,199.13,抖音,数码,110.54,15,0.0,
U11_00388,ORD00009444,2026-01-03,已支付,369.46,小红书,家居,168.73,0,0.0,
U11_00388,ORD00009445,2026-03-01,已完成,141.95,抖音,家居,88.74,15,0.0,
U11_00388,ORD00009446,2026-06-12,已完成,274.04,微信,家居,139.7,5,0.0,
U11_00389,ORD00009447,2025-12-09,已完成,424.0,搜索引擎,服饰,288.64,0,0.0,
U11_00389,ORD00009448,2026-02-27,已完成,228.08,抖音,服饰,154.07,15,0.0,
U11_00389,ORD00009449,2026-03-02,已支付,361.57,微信,家居,161.14,5,0.0,
U11_00390,ORD00009450,2025-12-09,已完成,105.7,其他,家居,64.81,10,0.0,
U11_00390,ORD00009451,2026-02-04,已完成,301.06,小红书,美妆,164.11,10,0.0,
U11_00390,ORD00009452,2026-03-31,已完成,454.18,抖音,食品,182.25,10,0.0,
U11_00391,ORD00009453,2025-12-09,已完成,377.98,搜索引擎,美妆,251.0,5,0.0,
U11_00391,ORD00009454,2026-04-30,已支付,414.53,小红书,食品,191.74,5,0.0,
U11_00391,ORD00009455,2026-05-16,已完成,407.13,其他,数码,168.45,15,0.0,
U11_00392,ORD00009456,2025-12-16,已完成,159.14,其他,服饰,100.73,10,131.59,2026-01-15
U11_00392,ORD00009457,2026-02-09,已完成,277.55,抖音,服饰,160.97,0,0.0,
U11_00393,ORD00009458,2025-12-06,已支付,470.43,搜索引擎,食品,262.31,15,0.0,
U11_00393,ORD00009459,2026-02-07,已完成,438.79,抖音,食品,221.35,10,0.0,
U11_00393,ORD00009460,2026-03-05,已完成,273.0,抖音,服饰,136.22,10,0.0,
U11_00394,ORD00009461,2025-12-25,已支付,153.03,其他,美妆,78.67,10,0.0,
U11_00394,ORD00009462,2026-03-25,已完成,230.69,其他,美妆,154.85,0,0.0,
U11_00395,ORD00009463,2025-12-09,已完成,332.29,小红书,美妆,162.85,5,0.0,
U11_00395,ORD00009464,2026-01-28,已完成,391.51,其他,美妆,257.44,10,0.0,
U11_00395,ORD00009465,2026-05-08,已完成,430.25,搜索引擎,美妆,179.06,15,0.0,
U11_00396,ORD00009466,2025-12-05,已完成,388.6,小红书,家居,182.37,10,0.0,
U11_00396,ORD00009467,2026-01-28,已支付,444.74,抖音,数码,179.46,10,0.0,
U11_00396,ORD00009468,2026-03-24,已完成,392.4,小红书,服饰,270.77,0,0.0,
U11_00396,ORD00009469,2026-06-17,已完成,426.58,其他,家居,224.69,10,0.0,
U11_00397,ORD00009470,2025-12-09,已完成,362.07,搜索引擎,服饰,231.83,15,0.0,
U11_00397,ORD00009471,2026-02-08,已完成,285.09,抖音,数码,155.29,0,0.0,
U11_00397,ORD00009472,2026-05-04,已完成,306.76,搜索引擎,数码,182.18,5,0.0,
U11_00398,ORD00009473,2025-12-26,已完成,144.83,抖音,美妆,68.01,5,0.0,
U11_00398,ORD00009474,2026-02-22,已支付,477.46,搜索引擎,美妆,323.43,15,0.0,
U11_00398,ORD00009475,2026-03-26,已完成,140.8,其他,家居,77.2,10,0.0,
U11_00399,ORD00009476,2025-12-22,已完成,137.16,小红书,美妆,73.68,15,0.0,
U11_00399,ORD00009477,2026-01-15,已完成,381.06,微信,数码,181.33,5,273.24,2026-03-09
U11_00399,ORD00009478,2026-02-10,已支付,428.21,微信,数码,265.91,15,0.0,
U11_00399,ORD00009479,2026-06-12,已完成,459.23,微信,家居,232.68,10,0.0,
U11_00400,ORD00009480,2025-12-30,已支付,177.7,其他,服饰,107.35,5,0.0,
U11_00400,ORD00009481,2026-03-28,已完成,244.87,小红书,美妆,114.77,0,0.0,
U11_00400,ORD00009482,2026-04-13,已完成,360.31,其他,数码,170.82,10,0.0,
U11_00400,ORD00009483,2026-06-18,已支付,233.77,微信,数码,152.31,5,0.0,
U11_00401,ORD00009484,2025-12-27,已支付,168.84,微信,食品,82.32,5,0.0,
U11_00401,ORD00009485,2026-01-20,已支付,273.07,搜索引擎,服饰,139.65,15,0.0,
U11_00401,ORD00009486,2026-05-15,已支付,452.12,小红书,食品,263.65,10,0.0,
U11_00401,ORD00009487,2026-06-29,已完成,240.94,搜索引擎,服饰,105.54,5,174.32,2026-07-17
U11_00402,ORD00009488,2025-12-26,已支付,472.91,搜索引擎,服饰,282.87,10,0.0,
U11_00402,ORD00009489,2026-01-31,已支付,133.69,抖音,食品,63.47,10,0.0,
U11_00402,ORD00009490,2026-02-10,已支付,474.36,搜索引擎,美妆,216.55,10,0.0,
U11_00402,ORD00009491,2026-04-22,已完成,62.13,其他,服饰,31.04,10,51.86,2026-05-03
U11_00402,ORD00009492,2026-05-04,已支付,306.28,小红书,家居,173.63,5,0.0,
U11_00402,ORD00009493,2026-06-30,已完成,299.82,搜索引擎,食品,176.73,0,0.0,
U11_00403,ORD00009494,2025-12-10,已完成,125.23,其他,服饰,62.06,10,0.0,
U11_00403,ORD00009495,2026-01-13,已支付,95.89,小红书,数码,42.55,5,0.0,
U11_00403,ORD00009496,2026-03-13,已支付,395.12,其他,食品,163.23,5,0.0,
U11_00403,ORD00009497,2026-04-10,已完成,326.33,抖音,数码,132.19,10,0.0,
U11_00404,ORD00009498,2025-12-12,已完成,479.96,其他,食品,258.8,10,0.0,
U11_00404,ORD00009499,2026-01-12,已支付,321.84,微信,美妆,140.93,0,0.0,
U11_00405,ORD00009500,2025-12-03,已完成,307.47,小红书,美妆,141.07,15,0.0,
U11_00405,ORD00009501,2026-03-01,已支付,211.7,抖音,数码,104.08,5,0.0,
U11_00405,ORD00009502,2026-04-12,已完成,332.69,抖音,美妆,175.35,0,0.0,
U11_00406,ORD00009503,2025-12-18,已完成,478.28,搜索引擎,食品,252.72,10,0.0,
U11_00406,ORD00009504,2026-04-26,已支付,306.09,其他,家居,173.48,0,0.0,
U11_00407,ORD00009505,2025-12-29,已完成,227.36,小红书,食品,114.92,10,0.0,
U11_00407,ORD00009506,2026-01-07,已完成,93.83,抖音,食品,41.62,0,74.24,2026-03-03
U11_00407,ORD00009507,2026-02-19,已完成,367.39,搜索引擎,美妆,163.79,10,198.23,2026-03-06
U11_00407,ORD00009508,2026-06-05,已完成,397.68,微信,数码,253.22,0,368.67,2026-07-20
U11_00408,ORD00009509,2025-12-18,已完成,374.24,抖音,数码,171.57,5,0.0,
U11_00408,ORD00009510,2026-01-15,已完成,442.82,其他,食品,181.09,5,0.0,
U11_00408,ORD00009511,2026-03-31,已完成,159.54,抖音,食品,104.8,15,0.0,
U11_00409,ORD00009512,2025-12-15,已完成,420.51,小红书,家居,216.17,15,0.0,
U11_00409,ORD00009513,2026-01-02,已完成,266.12,小红书,食品,138.03,10,165.0,2026-01-18
U11_00409,ORD00009514,2026-04-13,已支付,92.57,微信,食品,57.35,10,0.0,
U11_00410,ORD00009515,2025-12-17,已支付,95.19,微信,服饰,65.22,0,0.0,
U11_00410,ORD00009516,2026-01-30,已完成,108.43,搜索引擎,数码,69.13,0,0.0,
U11_00411,ORD00009517,2025-12-08,已完成,99.9,其他,食品,48.47,15,0.0,
U11_00411,ORD00009518,2026-01-26,已完成,294.35,小红书,美妆,138.01,10,282.99,2026-02-23
U11_00411,ORD00009519,2026-02-28,已支付,360.53,小红书,食品,250.42,0,0.0,
U11_00411,ORD00009520,2026-04-05,已完成,399.32,抖音,数码,227.42,10,0.0,
U11_00412,ORD00009521,2025-12-12,已完成,130.55,小红书,数码,75.44,10,0.0,
U11_00412,ORD00009522,2026-01-28,已支付,218.84,小红书,食品,116.8,10,0.0,
U11_00412,ORD00009523,2026-02-27,已完成,450.51,抖音,美妆,204.83,5,0.0,
U11_00412,ORD00009524,2026-06-15,已支付,245.58,搜索引擎,美妆,166.22,15,0.0,
U11_00413,ORD00009525,2025-12-31,已支付,462.94,微信,食品,268.91,10,0.0,
U11_00413,ORD00009526,2026-02-19,已支付,370.03,其他,食品,233.26,10,0.0,
U11_00413,ORD00009527,2026-05-16,已完成,375.58,搜索引擎,数码,150.66,10,0.0,
U11_00414,ORD00009528,2025-12-01,已完成,277.69,小红书,家居,117.36,10,0.0,
U11_00415,ORD00009529,2025-12-16,已完成,400.01,抖音,食品,228.23,15,0.0,
U11_00415,ORD00009530,2026-05-18,已完成,114.98,微信,家居,73.42,15,0.0,
U11_00416,ORD00009531,2025-12-25,已支付,322.84,其他,食品,143.16,0,0.0,
U11_00416,ORD00009532,2026-01-27,已完成,266.28,其他,数码,150.12,0,0.0,
U11_00417,ORD00009533,2025-12-23,已完成,400.25,微信,美妆,222.62,0,0.0,
U11_00417,ORD00009534,2026-01-15,已支付,348.27,其他,美妆,197.66,15,0.0,
U11_00417,ORD00009535,2026-04-09,已完成,365.14,微信,食品,175.06,10,0.0,
U11_00417,ORD00009536,2026-05-16,已支付,69.59,小红书,美妆,36.78,10,0.0,
U11_00417,ORD00009537,2026-06-28,已完成,202.92,微信,服饰,91.31,10,0.0,
U11_00418,ORD00009538,2025-12-31,已完成,178.3,搜索引擎,家居,74.81,0,0.0,
U11_00418,ORD00009539,2026-03-16,已完成,382.81,其他,美妆,234.77,0,0.0,
U11_00418,ORD00009540,2026-04-12,已完成,254.87,小红书,家居,107.87,10,0.0,
U11_00418,ORD00009541,2026-06-11,已完成,329.99,微信,服饰,193.31,0,0.0,
U11_00419,ORD00009542,2025-12-03,已完成,238.85,抖音,服饰,138.4,10,0.0,
U11_00419,ORD00009543,2026-03-01,已完成,152.02,其他,食品,91.59,0,0.0,
U11_00419,ORD00009544,2026-04-30,已支付,212.95,抖音,食品,85.97,10,0.0,
U11_00420,ORD00009545,2025-12-14,已支付,313.83,微信,家居,162.05,5,0.0,
U11_00420,ORD00009546,2026-03-20,已支付,132.79,小红书,食品,77.67,15,0.0,
U11_00420,ORD00009547,2026-06-25,已完成,199.29,抖音,食品,104.16,0,154.48,2026-07-20
U11_00421,ORD00009548,2025-12-08,已完成,262.14,微信,数码,108.55,5,0.0,
U11_00421,ORD00009549,2026-01-27,已完成,423.35,搜索引擎,数码,202.43,10,0.0,
U11_00421,ORD00009550,2026-03-17,已完成,237.05,微信,美妆,150.83,0,0.0,
U11_00421,ORD00009551,2026-05-03,已支付,160.05,小红书,食品,85.85,10,0.0,
U11_00422,ORD00009552,2025-12-17,已完成,478.46,抖音,数码,297.97,15,0.0,
U11_00422,ORD00009553,2026-03-20,已支付,170.56,小红书,食品,82.37,5,0.0,
U11_00422,ORD00009554,2026-04-10,已支付,173.4,抖音,食品,91.58,5,0.0,
U11_00422,ORD00009555,2026-05-27,已完成,295.5,其他,家居,176.59,10,269.23,2026-07-16
U11_00423,ORD00009556,2025-12-20,已支付,218.46,微信,服饰,151.7,15,0.0,
U11_00423,ORD00009557,2026-01-28,已完成,146.7,抖音,数码,77.92,0,0.0,
U11_00423,ORD00009558,2026-02-21,已完成,55.7,搜索引擎,数码,36.54,5,0.0,
U11_00424,ORD00009559,2025-12-10,已完成,231.03,其他,食品,158.34,10,149.45,2026-01-21
U11_00424,ORD00009560,2026-01-20,已支付,433.44,微信,美妆,214.28,5,0.0,
U11_00424,ORD00009561,2026-05-07,已完成,358.38,搜索引擎,服饰,236.72,10,0.0,
U11_00425,ORD00009562,2025-12-14,已完成,78.62,搜索引擎,食品,46.26,5,0.0,
U11_00425,ORD00009563,2026-01-03,已支付,59.08,小红书,食品,35.83,10,0.0,
U11_00425,ORD00009564,2026-05-01,已完成,157.14,微信,家居,86.12,10,0.0,
U11_00426,ORD00009565,2025-12-23,已完成,194.02,搜索引擎,数码,131.34,10,0.0,
U11_00426,ORD00009566,2026-04-06,已完成,97.79,微信,家居,52.41,15,0.0,
U11_00427,ORD00009567,2025-12-28,已完成,450.7,微信,服饰,291.11,15,0.0,
U11_00427,ORD00009568,2026-01-05,已完成,175.09,搜索引擎,服饰,78.08,10,0.0,
U11_00427,ORD00009569,2026-02-03,已完成,80.87,搜索引擎,数码,52.33,10,0.0,
U11_00428,ORD00009570,2025-12-16,已完成,376.05,其他,食品,163.84,5,0.0,
U11_00428,ORD00009571,2026-01-23,已完成,369.01,小红书,数码,245.43,0,0.0,
U11_00428,ORD00009572,2026-04-01,已完成,215.85,微信,食品,115.13,5,0.0,
U11_00429,ORD00009573,2025-12-08,已完成,241.14,其他,家居,155.07,10,0.0,
U11_00429,ORD00009574,2026-01-13,已完成,80.77,其他,食品,54.99,10,0.0,
U11_00429,ORD00009575,2026-03-26,已完成,160.87,微信,数码,89.49,5,0.0,
U11_00429,ORD00009576,2026-05-04,已完成,379.38,其他,美妆,176.42,5,0.0,
U11_00430,ORD00009577,2025-12-29,已完成,352.75,微信,美妆,184.97,15,0.0,
U11_00430,ORD00009578,2026-01-17,已完成,265.71,抖音,数码,174.61,10,0.0,
U11_00430,ORD00009579,2026-02-27,已支付,360.9,其他,服饰,155.89,0,0.0,
U11_00430,ORD00009580,2026-04-19,已完成,177.49,微信,食品,74.79,5,0.0,
U11_00430,ORD00009581,2026-05-02,已完成,484.14,抖音,服饰,330.48,0,0.0,
U11_00431,ORD00009582,2025-12-25,已支付,214.48,搜索引擎,食品,103.47,10,0.0,
U11_00432,ORD00009583,2025-12-03,已完成,172.17,其他,食品,69.64,5,0.0,
U11_00432,ORD00009584,2026-02-17,已完成,348.65,搜索引擎,数码,180.05,0,0.0,
U11_00433,ORD00009585,2025-12-31,已完成,464.38,小红书,食品,202.64,15,0.0,
U11_00433,ORD00009586,2026-01-20,已完成,424.45,抖音,数码,191.68,0,335.02,2026-03-08
U11_00434,ORD00009587,2025-12-26,已完成,257.15,小红书,家居,134.12,5,0.0,
U11_00434,ORD00009588,2026-01-15,已完成,124.26,搜索引擎,美妆,52.41,10,0.0,
U11_00434,ORD00009589,2026-04-02,已完成,230.46,小红书,美妆,93.87,10,0.0,
U11_00435,ORD00009590,2025-12-13,已完成,164.07,微信,数码,95.22,15,0.0,
U11_00435,ORD00009591,2026-01-29,已支付,333.24,其他,服饰,196.98,0,0.0,
U11_00435,ORD00009592,2026-02-01,已完成,63.21,抖音,数码,26.54,5,0.0,
U11_00435,ORD00009593,2026-04-16,已支付,201.3,抖音,家居,85.81,10,0.0,
U11_00435,ORD00009594,2026-05-29,已完成,323.57,微信,食品,218.69,0,0.0,
U11_00436,ORD00009595,2025-12-31,已支付,413.05,微信,家居,186.25,10,0.0,
U11_00436,ORD00009596,2026-02-20,已完成,465.3,搜索引擎,服饰,319.56,10,0.0,
U11_00436,ORD00009597,2026-05-17,已完成,222.84,其他,美妆,104.06,10,0.0,
U11_00437,ORD00009598,2025-12-23,已完成,312.11,其他,美妆,162.92,5,0.0,
U11_00437,ORD00009599,2026-03-25,已完成,350.26,小红书,服饰,233.77,10,0.0,
U11_00437,ORD00009600,2026-04-23,已完成,475.22,抖音,美妆,295.45,0,0.0,
U11_00438,ORD00009601,2025-12-04,已完成,334.02,搜索引擎,服饰,171.97,10,0.0,
U11_00438,ORD00009602,2026-06-10,已完成,355.4,搜索引擎,数码,169.12,0,0.0,
U11_00439,ORD00009603,2025-12-23,已完成,163.15,抖音,服饰,96.04,5,0.0,
U11_00440,ORD00009604,2025-12-21,已支付,283.26,抖音,食品,124.26,10,0.0,
U11_00440,ORD00009605,2026-01-05,已支付,229.51,搜索引擎,家居,149.87,10,0.0,
U11_00440,ORD00009606,2026-02-04,已完成,206.51,小红书,美妆,124.05,15,0.0,
U11_00440,ORD00009607,2026-06-24,已完成,307.25,搜索引擎,数码,153.65,0,0.0,
U11_00441,ORD00009608,2025-12-01,已完成,379.25,抖音,家居,164.84,5,0.0,
U11_00441,ORD00009609,2026-03-15,已支付,228.72,搜索引擎,家居,116.85,5,0.0,
U11_00441,ORD00009610,2026-04-25,已完成,183.03,微信,数码,113.68,0,0.0,
U11_00442,ORD00009611,2025-12-24,已完成,459.17,搜索引擎,服饰,262.14,5,0.0,
U11_00442,ORD00009612,2026-02-12,已完成,70.93,其他,家居,40.6,15,0.0,
U11_00442,ORD00009613,2026-03-09,已完成,247.66,微信,数码,147.6,5,0.0,
U11_00442,ORD00009614,2026-04-17,已支付,372.52,搜索引擎,数码,202.4,0,212.95,2026-05-01
U11_00442,ORD00009615,2026-06-17,已完成,223.27,小红书,家居,96.79,5,169.91,2026-07-19
U11_00443,ORD00009616,2025-12-20,已完成,351.9,其他,数码,208.98,5,0.0,
U11_00443,ORD00009617,2026-02-28,已完成,419.2,其他,家居,284.7,10,0.0,
U11_00443,ORD00009618,2026-04-20,已完成,280.57,搜索引擎,美妆,149.47,15,0.0,
U11_00443,ORD00009619,2026-06-20,已支付,412.56,微信,美妆,271.19,5,0.0,
U11_00444,ORD00009620,2025-12-07,已完成,481.36,其他,服饰,334.23,10,0.0,
U11_00445,ORD00009621,2025-12-07,已完成,357.39,微信,家居,248.88,10,0.0,
U11_00445,ORD00009622,2026-06-10,已支付,210.37,小红书,数码,87.3,10,0.0,
U11_00446,ORD00009623,2025-12-13,已支付,265.07,搜索引擎,家居,127.1,15,0.0,
U11_00447,ORD00009624,2025-12-13,已完成,384.31,其他,数码,182.0,0,0.0,
U11_00447,ORD00009625,2026-02-21,已完成,409.63,微信,服饰,268.42,15,0.0,
U11_00447,ORD00009626,2026-03-05,已支付,258.26,微信,服饰,156.06,10,214.71,2026-05-01
U11_00448,ORD00009627,2025-12-22,已支付,64.17,搜索引擎,服饰,26.58,10,0.0,
U11_00448,ORD00009628,2026-02-19,已完成,323.22,小红书,服饰,194.34,0,285.52,2026-04-17
U11_00449,ORD00009629,2025-12-22,已支付,456.25,其他,美妆,185.39,5,0.0,
U11_00449,ORD00009630,2026-02-11,已支付,305.81,搜索引擎,家居,148.58,0,0.0,
U11_00450,ORD00009631,2025-12-01,已完成,285.37,其他,家居,153.77,10,0.0,
U11_00450,ORD00009632,2026-01-10,已支付,218.62,其他,数码,113.17,5,118.59,2026-02-27
U11_00450,ORD00009633,2026-06-05,已支付,363.58,抖音,美妆,193.5,10,0.0,
U11_00451,ORD00009634,2025-12-02,已完成,74.79,搜索引擎,美妆,30.59,10,0.0,
U11_00451,ORD00009635,2026-02-16,已完成,230.34,小红书,服饰,149.63,5,0.0,
U11_00451,ORD00009636,2026-03-08,已支付,153.32,其他,食品,103.1,15,0.0,
U11_00451,ORD00009637,2026-04-25,已完成,314.1,搜索引擎,服饰,203.31,5,0.0,
U11_00451,ORD00009638,2026-06-14,已完成,70.28,其他,服饰,30.28,10,0.0,
U11_00452,ORD00009639,2025-12-12,已支付,489.17,小红书,美妆,268.61,10,0.0,
U11_00452,ORD00009640,2026-01-28,已完成,82.27,其他,家居,44.88,15,0.0,
U11_00452,ORD00009641,2026-03-09,已完成,166.79,其他,美妆,102.54,5,88.1,2026-05-01
U11_00453,ORD00009642,2025-12-04,已完成,366.62,搜索引擎,家居,220.58,15,0.0,
U11_00453,ORD00009643,2026-01-26,已支付,266.16,搜索引擎,家居,127.84,10,0.0,
U11_00453,ORD00009644,2026-04-10,已完成,282.89,搜索引擎,数码,184.6,10,0.0,
U11_00453,ORD00009645,2026-06-25,已支付,284.53,其他,服饰,193.85,5,276.17,2026-07-20
U11_00454,ORD00009646,2025-12-14,已完成,281.46,微信,服饰,125.78,0,0.0,
U11_00454,ORD00009647,2026-02-08,已支付,159.89,抖音,家居,70.46,15,0.0,
U11_00454,ORD00009648,2026-03-18,已完成,277.33,微信,食品,176.49,0,0.0,
U11_00454,ORD00009649,2026-05-24,已支付,258.9,小红书,食品,140.35,10,0.0,
U11_00455,ORD00009650,2025-12-31,已支付,149.86,微信,服饰,86.55,10,0.0,
U11_00456,ORD00009651,2025-12-25,已完成,278.92,微信,服饰,145.89,15,0.0,
U11_00456,ORD00009652,2026-01-01,已完成,485.7,小红书,服饰,322.33,5,0.0,
U11_00456,ORD00009653,2026-03-31,已支付,63.27,小红书,家居,39.19,15,0.0,
U11_00457,ORD00009654,2025-12-09,已支付,74.9,小红书,家居,51.39,5,0.0,
U11_00457,ORD00009655,2026-03-18,已完成,481.17,抖音,服饰,231.11,10,0.0,
U11_00458,ORD00009656,2025-12-11,已支付,292.02,抖音,家居,178.15,15,194.08,2026-01-06
U11_00459,ORD00009657,2025-12-09,已完成,197.27,搜索引擎,美妆,124.08,10,0.0,
U11_00459,ORD00009658,2026-01-12,已完成,117.94,搜索引擎,食品,70.2,15,0.0,
U11_00459,ORD00009659,2026-02-06,已完成,334.77,搜索引擎,食品,174.49,10,264.52,2026-03-17
U11_00459,ORD00009660,2026-04-28,已完成,466.42,小红书,食品,290.57,15,416.7,2026-06-07
U11_00459,ORD00009661,2026-05-19,已支付,391.14,搜索引擎,服饰,244.3,15,0.0,
U11_00460,ORD00009662,2025-12-06,已完成,296.42,其他,数码,138.56,5,0.0,
U11_00460,ORD00009663,2026-01-24,已支付,369.09,抖音,家居,199.62,0,0.0,
U11_00461,ORD00009664,2025-12-10,已完成,416.83,小红书,美妆,242.25,10,224.87,2026-01-07
U11_00461,ORD00009665,2026-02-12,已支付,379.85,搜索引擎,家居,161.56,10,0.0,
U11_00461,ORD00009666,2026-03-09,已完成,278.8,搜索引擎,美妆,117.42,10,0.0,
U11_00461,ORD00009667,2026-05-16,已支付,62.5,微信,数码,25.25,10,0.0,
U11_00462,ORD00009668,2025-12-02,已完成,318.14,搜索引擎,数码,158.81,0,0.0,
U11_00462,ORD00009669,2026-01-23,已支付,142.0,搜索引擎,家居,81.6,15,0.0,
U11_00462,ORD00009670,2026-04-17,已完成,396.06,其他,家居,187.71,15,0.0,
U11_00463,ORD00009671,2025-12-28,已完成,252.42,搜索引擎,食品,172.97,10,0.0,
U11_00463,ORD00009672,2026-03-18,已完成,434.19,微信,数码,180.81,5,0.0,
U11_00463,ORD00009673,2026-05-14,已完成,445.12,搜索引擎,食品,190.72,5,0.0,
U11_00463,ORD00009674,2026-06-11,已支付,417.85,微信,食品,223.76,15,0.0,
U11_00464,ORD00009675,2025-12-14,已完成,219.22,其他,食品,148.31,5,0.0,
U11_00464,ORD00009676,2026-01-26,已支付,195.17,其他,家居,93.54,0,0.0,
U11_00464,ORD00009677,2026-03-19,已完成,269.95,其他,家居,128.8,10,0.0,
U11_00464,ORD00009678,2026-04-10,已完成,120.56,抖音,数码,71.92,10,0.0,
U11_00464,ORD00009679,2026-06-29,已支付,372.98,其他,服饰,210.24,5,0.0,
U11_00465,ORD00009680,2025-12-18,已完成,378.28,小红书,食品,244.39,5,0.0,
U11_00465,ORD00009681,2026-01-16,已支付,166.08,微信,美妆,78.59,10,0.0,
U11_00466,ORD00009682,2025-12-31,已完成,232.48,搜索引擎,食品,93.13,10,0.0,
U11_00467,ORD00009683,2025-12-17,已支付,141.88,小红书,数码,76.98,15,0.0,
U11_00467,ORD00009684,2026-02-28,已完成,317.15,搜索引擎,服饰,163.72,0,0.0,
U11_00467,ORD00009685,2026-06-18,已支付,143.4,抖音,服饰,92.86,5,0.0,
U11_00468,ORD00009686,2025-12-31,已完成,63.64,微信,美妆,30.18,10,0.0,
U11_00468,ORD00009687,2026-02-01,已完成,245.22,其他,家居,106.85,5,0.0,
U11_00468,ORD00009688,2026-03-05,已完成,246.33,其他,家居,103.24,0,207.24,2026-03-25
U11_00469,ORD00009689,2025-12-14,已支付,127.18,抖音,数码,56.55,0,0.0,
U11_00469,ORD00009690,2026-01-12,已完成,218.21,搜索引擎,数码,101.8,10,0.0,
U11_00469,ORD00009691,2026-02-20,已完成,391.19,小红书,食品,239.37,10,0.0,
U11_00470,ORD00009692,2025-12-30,已完成,157.51,抖音,食品,67.62,10,0.0,
U11_00470,ORD00009693,2026-02-19,已支付,138.84,小红书,美妆,73.03,5,0.0,
U11_00471,ORD00009694,2025-12-15,已支付,377.11,微信,数码,209.37,10,0.0,
U11_00472,ORD00009695,2025-12-29,已支付,459.33,抖音,家居,187.39,10,0.0,
U11_00472,ORD00009696,2026-03-19,已支付,67.59,抖音,食品,37.7,0,55.67,2026-04-06
U11_00473,ORD00009697,2025-12-31,已完成,142.27,搜索引擎,美妆,79.28,0,0.0,
U11_00474,ORD00009698,2025-12-07,已完成,307.57,抖音,食品,183.49,10,0.0,
U11_00475,ORD00009699,2025-12-06,已完成,128.85,微信,食品,52.65,5,117.14,2025-12-31
U11_00475,ORD00009700,2026-02-16,已完成,368.42,抖音,食品,195.68,5,325.58,2026-03-13
U11_00475,ORD00009701,2026-05-23,已支付,381.82,抖音,数码,155.32,15,0.0,
U11_00476,ORD00009702,2025-12-08,已支付,368.65,抖音,家居,227.85,5,0.0,
U11_00476,ORD00009703,2026-02-06,已支付,189.45,小红书,服饰,97.95,5,0.0,
U11_00477,ORD00009704,2025-12-16,已支付,346.25,小红书,数码,189.53,15,0.0,
U11_00477,ORD00009705,2026-03-23,已支付,187.07,微信,服饰,104.01,10,0.0,
U11_00478,ORD00009706,2025-12-07,已完成,463.09,微信,数码,241.31,10,0.0,
U11_00478,ORD00009707,2026-01-17,已支付,80.25,抖音,美妆,34.06,5,0.0,
U11_00478,ORD00009708,2026-05-30,已完成,300.96,微信,数码,139.14,5,0.0,
U11_00479,ORD00009709,2025-12-20,已完成,124.16,其他,服饰,59.15,15,0.0,
U11_00479,ORD00009710,2026-01-08,已完成,55.66,搜索引擎,服饰,35.55,10,0.0,
U11_00480,ORD00009711,2025-12-09,已支付,145.89,抖音,服饰,99.06,15,117.33,2025-12-24
U11_00480,ORD00009712,2026-02-13,已完成,187.94,微信,美妆,91.77,5,0.0,
